tier,new_rework,brief_type,customer_approval,niche_ff_pre_approved,strategic_priority,creative_approach,value_potential_gbp,workbook_score,workbook_approval_text,workbook_e9_creative_note,workbook_b14_auto_approval_dev
A/T,New,Exclusive,Direct,False,False,Library Only,0,200.0,Auto-Approved,,No
A/T,New,Exclusive,Direct,False,False,Library Only,1,200.0035,Auto-Approved,,No
A/T,New,Exclusive,Direct,False,False,Library Only,1000,203.5,Auto-Approved,,No
A/T,New,Exclusive,Direct,False,False,Library Only,30000,305.0,Auto-Approved,,No
A/T,New,Exclusive,Direct,False,False,Library Only,35000,322.5,Auto-Approved,,No
A/T,New,Exclusive,Direct,False,False,Library Only,100000,550.0,Auto-Approved,,No
A/T,New,Exclusive,Direct,False,False,Library Only,115000,602.5,Auto-Approved,,No
A/T,New,Exclusive,Direct,False,False,Library Only,200000,900.0,Auto-Approved,,No
A/T,New,Exclusive,Direct,False,False,Library Only,1000000,3700.0,Auto-Approved,,No
A/T,New,Exclusive,Direct,False,False,Starting Point,0,165.0,Auto-Approved,,No
A/T,New,Exclusive,Direct,False,False,Starting Point,1,165.0035,Auto-Approved,,No
A/T,New,Exclusive,Direct,False,False,Starting Point,1000,168.5,Auto-Approved,,No
A/T,New,Exclusive,Direct,False,False,Starting Point,30000,270.0,Auto-Approved,,No
A/T,New,Exclusive,Direct,False,False,Starting Point,35000,287.5,Auto-Approved,,No
A/T,New,Exclusive,Direct,False,False,Starting Point,100000,515.0,Auto-Approved,,No
A/T,New,Exclusive,Direct,False,False,Starting Point,115000,567.5,Auto-Approved,,No
A/T,New,Exclusive,Direct,False,False,Starting Point,200000,865.0,Auto-Approved,,No
A/T,New,Exclusive,Direct,False,False,Starting Point,1000000,3665.0,Auto-Approved,,No
A/T,New,Exclusive,Direct,False,False,Creation/Unknown,0,100.0,Pending Approval,,No
A/T,New,Exclusive,Direct,False,False,Creation/Unknown,1,100.0035,Pending Approval,,No
A/T,New,Exclusive,Direct,False,False,Creation/Unknown,1000,103.5,Pending Approval,,No
A/T,New,Exclusive,Direct,False,False,Creation/Unknown,30000,205.0,Auto-Approved,,No
A/T,New,Exclusive,Direct,False,False,Creation/Unknown,35000,222.5,Auto-Approved,,No
A/T,New,Exclusive,Direct,False,False,Creation/Unknown,100000,450.0,Auto-Approved,,No
A/T,New,Exclusive,Direct,False,False,Creation/Unknown,115000,502.5,Auto-Approved,,No
A/T,New,Exclusive,Direct,False,False,Creation/Unknown,200000,800.0,Auto-Approved,,No
A/T,New,Exclusive,Direct,False,False,Creation/Unknown,1000000,3600.0,Auto-Approved,,No
A/T,New,Exclusive,Direct,False,True,Library Only,0,300.0,Auto-Approved,,No
A/T,New,Exclusive,Direct,False,True,Library Only,1,300.00350000000003,Auto-Approved,,No
A/T,New,Exclusive,Direct,False,True,Library Only,1000,303.5,Auto-Approved,,No
A/T,New,Exclusive,Direct,False,True,Library Only,30000,405.0,Auto-Approved,,No
A/T,New,Exclusive,Direct,False,True,Library Only,35000,422.5,Auto-Approved,,No
A/T,New,Exclusive,Direct,False,True,Library Only,100000,650.0,Auto-Approved,,No
A/T,New,Exclusive,Direct,False,True,Library Only,115000,702.5,Auto-Approved,,No
A/T,New,Exclusive,Direct,False,True,Library Only,200000,1000.0,Auto-Approved,,No
A/T,New,Exclusive,Direct,False,True,Library Only,1000000,3800.0,Auto-Approved,,No
A/T,New,Exclusive,Direct,False,True,Starting Point,0,265.0,Auto-Approved,,No
A/T,New,Exclusive,Direct,False,True,Starting Point,1,265.00350000000003,Auto-Approved,,No
A/T,New,Exclusive,Direct,False,True,Starting Point,1000,268.5,Auto-Approved,,No
A/T,New,Exclusive,Direct,False,True,Starting Point,30000,370.0,Auto-Approved,,No
A/T,New,Exclusive,Direct,False,True,Starting Point,35000,387.5,Auto-Approved,,No
A/T,New,Exclusive,Direct,False,True,Starting Point,100000,615.0,Auto-Approved,,No
A/T,New,Exclusive,Direct,False,True,Starting Point,115000,667.5,Auto-Approved,,No
A/T,New,Exclusive,Direct,False,True,Starting Point,200000,965.0,Auto-Approved,,No
A/T,New,Exclusive,Direct,False,True,Starting Point,1000000,3765.0,Auto-Approved,,No
A/T,New,Exclusive,Direct,False,True,Creation/Unknown,0,200.0,Auto-Approved,,No
A/T,New,Exclusive,Direct,False,True,Creation/Unknown,1,200.0035,Auto-Approved,,No
A/T,New,Exclusive,Direct,False,True,Creation/Unknown,1000,203.5,Auto-Approved,,No
A/T,New,Exclusive,Direct,False,True,Creation/Unknown,30000,305.0,Auto-Approved,,No
A/T,New,Exclusive,Direct,False,True,Creation/Unknown,35000,322.5,Auto-Approved,,No
A/T,New,Exclusive,Direct,False,True,Creation/Unknown,100000,550.0,Auto-Approved,,No
A/T,New,Exclusive,Direct,False,True,Creation/Unknown,115000,602.5,Auto-Approved,,No
A/T,New,Exclusive,Direct,False,True,Creation/Unknown,200000,900.0,Auto-Approved,,No
A/T,New,Exclusive,Direct,False,True,Creation/Unknown,1000000,3700.0,Auto-Approved,,No
A/T,New,Exclusive,Direct,True,False,Library Only,0,200.0,Auto-Approved,,Yes
A/T,New,Exclusive,Direct,True,False,Library Only,1,200.0035,Auto-Approved,,Yes
A/T,New,Exclusive,Direct,True,False,Library Only,1000,203.5,Auto-Approved,,Yes
A/T,New,Exclusive,Direct,True,False,Library Only,30000,305.0,Auto-Approved,,Yes
A/T,New,Exclusive,Direct,True,False,Library Only,35000,322.5,Auto-Approved,,Yes
A/T,New,Exclusive,Direct,True,False,Library Only,100000,550.0,Auto-Approved,,Yes
A/T,New,Exclusive,Direct,True,False,Library Only,115000,602.5,Auto-Approved,,Yes
A/T,New,Exclusive,Direct,True,False,Library Only,200000,900.0,Auto-Approved,,Yes
A/T,New,Exclusive,Direct,True,False,Library Only,1000000,3700.0,Auto-Approved,,Yes
A/T,New,Exclusive,Direct,True,False,Starting Point,0,165.0,Auto-Approved,,Yes
A/T,New,Exclusive,Direct,True,False,Starting Point,1,165.0035,Auto-Approved,,Yes
A/T,New,Exclusive,Direct,True,False,Starting Point,1000,168.5,Auto-Approved,,Yes
A/T,New,Exclusive,Direct,True,False,Starting Point,30000,270.0,Auto-Approved,,Yes
A/T,New,Exclusive,Direct,True,False,Starting Point,35000,287.5,Auto-Approved,,Yes
A/T,New,Exclusive,Direct,True,False,Starting Point,100000,515.0,Auto-Approved,,Yes
A/T,New,Exclusive,Direct,True,False,Starting Point,115000,567.5,Auto-Approved,,Yes
A/T,New,Exclusive,Direct,True,False,Starting Point,200000,865.0,Auto-Approved,,Yes
A/T,New,Exclusive,Direct,True,False,Starting Point,1000000,3665.0,Auto-Approved,,Yes
A/T,New,Exclusive,Direct,True,False,Creation/Unknown,0,100.0,Auto-Approved,,Yes
A/T,New,Exclusive,Direct,True,False,Creation/Unknown,1,100.0035,Auto-Approved,,Yes
A/T,New,Exclusive,Direct,True,False,Creation/Unknown,1000,103.5,Auto-Approved,,Yes
A/T,New,Exclusive,Direct,True,False,Creation/Unknown,30000,205.0,Auto-Approved,,Yes
A/T,New,Exclusive,Direct,True,False,Creation/Unknown,35000,222.5,Auto-Approved,,Yes
A/T,New,Exclusive,Direct,True,False,Creation/Unknown,100000,450.0,Auto-Approved,,Yes
A/T,New,Exclusive,Direct,True,False,Creation/Unknown,115000,502.5,Auto-Approved,,Yes
A/T,New,Exclusive,Direct,True,False,Creation/Unknown,200000,800.0,Auto-Approved,,Yes
A/T,New,Exclusive,Direct,True,False,Creation/Unknown,1000000,3600.0,Auto-Approved,,Yes
A/T,New,Exclusive,Direct,True,True,Library Only,0,300.0,Auto-Approved,,Yes
A/T,New,Exclusive,Direct,True,True,Library Only,1,300.00350000000003,Auto-Approved,,Yes
A/T,New,Exclusive,Direct,True,True,Library Only,1000,303.5,Auto-Approved,,Yes
A/T,New,Exclusive,Direct,True,True,Library Only,30000,405.0,Auto-Approved,,Yes
A/T,New,Exclusive,Direct,True,True,Library Only,35000,422.5,Auto-Approved,,Yes
A/T,New,Exclusive,Direct,True,True,Library Only,100000,650.0,Auto-Approved,,Yes
A/T,New,Exclusive,Direct,True,True,Library Only,115000,702.5,Auto-Approved,,Yes
A/T,New,Exclusive,Direct,True,True,Library Only,200000,1000.0,Auto-Approved,,Yes
A/T,New,Exclusive,Direct,True,True,Library Only,1000000,3800.0,Auto-Approved,,Yes
A/T,New,Exclusive,Direct,True,True,Starting Point,0,265.0,Auto-Approved,,Yes
A/T,New,Exclusive,Direct,True,True,Starting Point,1,265.00350000000003,Auto-Approved,,Yes
A/T,New,Exclusive,Direct,True,True,Starting Point,1000,268.5,Auto-Approved,,Yes
A/T,New,Exclusive,Direct,True,True,Starting Point,30000,370.0,Auto-Approved,,Yes
A/T,New,Exclusive,Direct,True,True,Starting Point,35000,387.5,Auto-Approved,,Yes
A/T,New,Exclusive,Direct,True,True,Starting Point,100000,615.0,Auto-Approved,,Yes
A/T,New,Exclusive,Direct,True,True,Starting Point,115000,667.5,Auto-Approved,,Yes
A/T,New,Exclusive,Direct,True,True,Starting Point,200000,965.0,Auto-Approved,,Yes
A/T,New,Exclusive,Direct,True,True,Starting Point,1000000,3765.0,Auto-Approved,,Yes
A/T,New,Exclusive,Direct,True,True,Creation/Unknown,0,200.0,Auto-Approved,,Yes
A/T,New,Exclusive,Direct,True,True,Creation/Unknown,1,200.0035,Auto-Approved,,Yes
A/T,New,Exclusive,Direct,True,True,Creation/Unknown,1000,203.5,Auto-Approved,,Yes
A/T,New,Exclusive,Direct,True,True,Creation/Unknown,30000,305.0,Auto-Approved,,Yes
A/T,New,Exclusive,Direct,True,True,Creation/Unknown,35000,322.5,Auto-Approved,,Yes
A/T,New,Exclusive,Direct,True,True,Creation/Unknown,100000,550.0,Auto-Approved,,Yes
A/T,New,Exclusive,Direct,True,True,Creation/Unknown,115000,602.5,Auto-Approved,,Yes
A/T,New,Exclusive,Direct,True,True,Creation/Unknown,200000,900.0,Auto-Approved,,Yes
A/T,New,Exclusive,Direct,True,True,Creation/Unknown,1000000,3700.0,Auto-Approved,,Yes
A/T,New,Exclusive,Deferred/Unknown,False,False,Library Only,0,200.0,Auto-Approved,,No
A/T,New,Exclusive,Deferred/Unknown,False,False,Library Only,1,200.003,Auto-Approved,,No
A/T,New,Exclusive,Deferred/Unknown,False,False,Library Only,1000,203.0,Auto-Approved,,No
A/T,New,Exclusive,Deferred/Unknown,False,False,Library Only,30000,290.0,Auto-Approved,,No
A/T,New,Exclusive,Deferred/Unknown,False,False,Library Only,35000,305.0,Auto-Approved,,No
A/T,New,Exclusive,Deferred/Unknown,False,False,Library Only,100000,500.0,Auto-Approved,,No
A/T,New,Exclusive,Deferred/Unknown,False,False,Library Only,115000,545.0,Auto-Approved,,No
A/T,New,Exclusive,Deferred/Unknown,False,False,Library Only,200000,800.0,Auto-Approved,,No
A/T,New,Exclusive,Deferred/Unknown,False,False,Library Only,1000000,3200.0,Auto-Approved,,No
A/T,New,Exclusive,Deferred/Unknown,False,False,Starting Point,0,165.0,Auto-Approved,,No
A/T,New,Exclusive,Deferred/Unknown,False,False,Starting Point,1,165.003,Auto-Approved,,No
A/T,New,Exclusive,Deferred/Unknown,False,False,Starting Point,1000,168.0,Auto-Approved,,No
A/T,New,Exclusive,Deferred/Unknown,False,False,Starting Point,30000,255.0,Auto-Approved,,No
A/T,New,Exclusive,Deferred/Unknown,False,False,Starting Point,35000,270.0,Auto-Approved,,No
A/T,New,Exclusive,Deferred/Unknown,False,False,Starting Point,100000,465.0,Auto-Approved,,No
A/T,New,Exclusive,Deferred/Unknown,False,False,Starting Point,115000,510.0,Auto-Approved,,No
A/T,New,Exclusive,Deferred/Unknown,False,False,Starting Point,200000,765.0,Auto-Approved,,No
A/T,New,Exclusive,Deferred/Unknown,False,False,Starting Point,1000000,3165.0,Auto-Approved,,No
A/T,New,Exclusive,Deferred/Unknown,False,False,Creation/Unknown,0,100.0,Pending Approval,,No
A/T,New,Exclusive,Deferred/Unknown,False,False,Creation/Unknown,1,100.003,Pending Approval,,No
A/T,New,Exclusive,Deferred/Unknown,False,False,Creation/Unknown,1000,103.0,Pending Approval,,No
A/T,New,Exclusive,Deferred/Unknown,False,False,Creation/Unknown,30000,190.0,Auto-Approved,,No
A/T,New,Exclusive,Deferred/Unknown,False,False,Creation/Unknown,35000,205.0,Auto-Approved,,No
A/T,New,Exclusive,Deferred/Unknown,False,False,Creation/Unknown,100000,400.0,Auto-Approved,,No
A/T,New,Exclusive,Deferred/Unknown,False,False,Creation/Unknown,115000,445.0,Auto-Approved,,No
A/T,New,Exclusive,Deferred/Unknown,False,False,Creation/Unknown,200000,700.0,Auto-Approved,,No
A/T,New,Exclusive,Deferred/Unknown,False,False,Creation/Unknown,1000000,3100.0,Auto-Approved,,No
A/T,New,Exclusive,Deferred/Unknown,False,True,Library Only,0,300.0,Auto-Approved,,No
A/T,New,Exclusive,Deferred/Unknown,False,True,Library Only,1,300.003,Auto-Approved,,No
A/T,New,Exclusive,Deferred/Unknown,False,True,Library Only,1000,303.0,Auto-Approved,,No
A/T,New,Exclusive,Deferred/Unknown,False,True,Library Only,30000,390.0,Auto-Approved,,No
A/T,New,Exclusive,Deferred/Unknown,False,True,Library Only,35000,405.0,Auto-Approved,,No
A/T,New,Exclusive,Deferred/Unknown,False,True,Library Only,100000,600.0,Auto-Approved,,No
A/T,New,Exclusive,Deferred/Unknown,False,True,Library Only,115000,645.0,Auto-Approved,,No
A/T,New,Exclusive,Deferred/Unknown,False,True,Library Only,200000,900.0,Auto-Approved,,No
A/T,New,Exclusive,Deferred/Unknown,False,True,Library Only,1000000,3300.0,Auto-Approved,,No
A/T,New,Exclusive,Deferred/Unknown,False,True,Starting Point,0,265.0,Auto-Approved,,No
A/T,New,Exclusive,Deferred/Unknown,False,True,Starting Point,1,265.003,Auto-Approved,,No
A/T,New,Exclusive,Deferred/Unknown,False,True,Starting Point,1000,268.0,Auto-Approved,,No
A/T,New,Exclusive,Deferred/Unknown,False,True,Starting Point,30000,355.0,Auto-Approved,,No
A/T,New,Exclusive,Deferred/Unknown,False,True,Starting Point,35000,370.0,Auto-Approved,,No
A/T,New,Exclusive,Deferred/Unknown,False,True,Starting Point,100000,565.0,Auto-Approved,,No
A/T,New,Exclusive,Deferred/Unknown,False,True,Starting Point,115000,610.0,Auto-Approved,,No
A/T,New,Exclusive,Deferred/Unknown,False,True,Starting Point,200000,865.0,Auto-Approved,,No
A/T,New,Exclusive,Deferred/Unknown,False,True,Starting Point,1000000,3265.0,Auto-Approved,,No
A/T,New,Exclusive,Deferred/Unknown,False,True,Creation/Unknown,0,200.0,Auto-Approved,,No
A/T,New,Exclusive,Deferred/Unknown,False,True,Creation/Unknown,1,200.003,Auto-Approved,,No
A/T,New,Exclusive,Deferred/Unknown,False,True,Creation/Unknown,1000,203.0,Auto-Approved,,No
A/T,New,Exclusive,Deferred/Unknown,False,True,Creation/Unknown,30000,290.0,Auto-Approved,,No
A/T,New,Exclusive,Deferred/Unknown,False,True,Creation/Unknown,35000,305.0,Auto-Approved,,No
A/T,New,Exclusive,Deferred/Unknown,False,True,Creation/Unknown,100000,500.0,Auto-Approved,,No
A/T,New,Exclusive,Deferred/Unknown,False,True,Creation/Unknown,115000,545.0,Auto-Approved,,No
A/T,New,Exclusive,Deferred/Unknown,False,True,Creation/Unknown,200000,800.0,Auto-Approved,,No
A/T,New,Exclusive,Deferred/Unknown,False,True,Creation/Unknown,1000000,3200.0,Auto-Approved,,No
A/T,New,Exclusive,Deferred/Unknown,True,False,Library Only,0,200.0,Auto-Approved,,Yes
A/T,New,Exclusive,Deferred/Unknown,True,False,Library Only,1,200.003,Auto-Approved,,Yes
A/T,New,Exclusive,Deferred/Unknown,True,False,Library Only,1000,203.0,Auto-Approved,,Yes
A/T,New,Exclusive,Deferred/Unknown,True,False,Library Only,30000,290.0,Auto-Approved,,Yes
A/T,New,Exclusive,Deferred/Unknown,True,False,Library Only,35000,305.0,Auto-Approved,,Yes
A/T,New,Exclusive,Deferred/Unknown,True,False,Library Only,100000,500.0,Auto-Approved,,Yes
A/T,New,Exclusive,Deferred/Unknown,True,False,Library Only,115000,545.0,Auto-Approved,,Yes
A/T,New,Exclusive,Deferred/Unknown,True,False,Library Only,200000,800.0,Auto-Approved,,Yes
A/T,New,Exclusive,Deferred/Unknown,True,False,Library Only,1000000,3200.0,Auto-Approved,,Yes
A/T,New,Exclusive,Deferred/Unknown,True,False,Starting Point,0,165.0,Auto-Approved,,Yes
A/T,New,Exclusive,Deferred/Unknown,True,False,Starting Point,1,165.003,Auto-Approved,,Yes
A/T,New,Exclusive,Deferred/Unknown,True,False,Starting Point,1000,168.0,Auto-Approved,,Yes
A/T,New,Exclusive,Deferred/Unknown,True,False,Starting Point,30000,255.0,Auto-Approved,,Yes
A/T,New,Exclusive,Deferred/Unknown,True,False,Starting Point,35000,270.0,Auto-Approved,,Yes
A/T,New,Exclusive,Deferred/Unknown,True,False,Starting Point,100000,465.0,Auto-Approved,,Yes
A/T,New,Exclusive,Deferred/Unknown,True,False,Starting Point,115000,510.0,Auto-Approved,,Yes
A/T,New,Exclusive,Deferred/Unknown,True,False,Starting Point,200000,765.0,Auto-Approved,,Yes
A/T,New,Exclusive,Deferred/Unknown,True,False,Starting Point,1000000,3165.0,Auto-Approved,,Yes
A/T,New,Exclusive,Deferred/Unknown,True,False,Creation/Unknown,0,100.0,Auto-Approved,,Yes
A/T,New,Exclusive,Deferred/Unknown,True,False,Creation/Unknown,1,100.003,Auto-Approved,,Yes
A/T,New,Exclusive,Deferred/Unknown,True,False,Creation/Unknown,1000,103.0,Auto-Approved,,Yes
A/T,New,Exclusive,Deferred/Unknown,True,False,Creation/Unknown,30000,190.0,Auto-Approved,,Yes
A/T,New,Exclusive,Deferred/Unknown,True,False,Creation/Unknown,35000,205.0,Auto-Approved,,Yes
A/T,New,Exclusive,Deferred/Unknown,True,False,Creation/Unknown,100000,400.0,Auto-Approved,,Yes
A/T,New,Exclusive,Deferred/Unknown,True,False,Creation/Unknown,115000,445.0,Auto-Approved,,Yes
A/T,New,Exclusive,Deferred/Unknown,True,False,Creation/Unknown,200000,700.0,Auto-Approved,,Yes
A/T,New,Exclusive,Deferred/Unknown,True,False,Creation/Unknown,1000000,3100.0,Auto-Approved,,Yes
A/T,New,Exclusive,Deferred/Unknown,True,True,Library Only,0,300.0,Auto-Approved,,Yes
A/T,New,Exclusive,Deferred/Unknown,True,True,Library Only,1,300.003,Auto-Approved,,Yes
A/T,New,Exclusive,Deferred/Unknown,True,True,Library Only,1000,303.0,Auto-Approved,,Yes
A/T,New,Exclusive,Deferred/Unknown,True,True,Library Only,30000,390.0,Auto-Approved,,Yes
A/T,New,Exclusive,Deferred/Unknown,True,True,Library Only,35000,405.0,Auto-Approved,,Yes
A/T,New,Exclusive,Deferred/Unknown,True,True,Library Only,100000,600.0,Auto-Approved,,Yes
A/T,New,Exclusive,Deferred/Unknown,True,True,Library Only,115000,645.0,Auto-Approved,,Yes
A/T,New,Exclusive,Deferred/Unknown,True,True,Library Only,200000,900.0,Auto-Approved,,Yes
A/T,New,Exclusive,Deferred/Unknown,True,True,Library Only,1000000,3300.0,Auto-Approved,,Yes
A/T,New,Exclusive,Deferred/Unknown,True,True,Starting Point,0,265.0,Auto-Approved,,Yes
A/T,New,Exclusive,Deferred/Unknown,True,True,Starting Point,1,265.003,Auto-Approved,,Yes
A/T,New,Exclusive,Deferred/Unknown,True,True,Starting Point,1000,268.0,Auto-Approved,,Yes
A/T,New,Exclusive,Deferred/Unknown,True,True,Starting Point,30000,355.0,Auto-Approved,,Yes
A/T,New,Exclusive,Deferred/Unknown,True,True,Starting Point,35000,370.0,Auto-Approved,,Yes
A/T,New,Exclusive,Deferred/Unknown,True,True,Starting Point,100000,565.0,Auto-Approved,,Yes
A/T,New,Exclusive,Deferred/Unknown,True,True,Starting Point,115000,610.0,Auto-Approved,,Yes
A/T,New,Exclusive,Deferred/Unknown,True,True,Starting Point,200000,865.0,Auto-Approved,,Yes
A/T,New,Exclusive,Deferred/Unknown,True,True,Starting Point,1000000,3265.0,Auto-Approved,,Yes
A/T,New,Exclusive,Deferred/Unknown,True,True,Creation/Unknown,0,200.0,Auto-Approved,,Yes
A/T,New,Exclusive,Deferred/Unknown,True,True,Creation/Unknown,1,200.003,Auto-Approved,,Yes
A/T,New,Exclusive,Deferred/Unknown,True,True,Creation/Unknown,1000,203.0,Auto-Approved,,Yes
A/T,New,Exclusive,Deferred/Unknown,True,True,Creation/Unknown,30000,290.0,Auto-Approved,,Yes
A/T,New,Exclusive,Deferred/Unknown,True,True,Creation/Unknown,35000,305.0,Auto-Approved,,Yes
A/T,New,Exclusive,Deferred/Unknown,True,True,Creation/Unknown,100000,500.0,Auto-Approved,,Yes
A/T,New,Exclusive,Deferred/Unknown,True,True,Creation/Unknown,115000,545.0,Auto-Approved,,Yes
A/T,New,Exclusive,Deferred/Unknown,True,True,Creation/Unknown,200000,800.0,Auto-Approved,,Yes
A/T,New,Exclusive,Deferred/Unknown,True,True,Creation/Unknown,1000000,3200.0,Auto-Approved,,Yes
A/T,New,Competitive,Direct,False,False,Library Only,0,200.0,Auto-Approved,,No
A/T,New,Competitive,Direct,False,False,Library Only,1,200.0025,Auto-Approved,,No
A/T,New,Competitive,Direct,False,False,Library Only,1000,202.5,Auto-Approved,,No
A/T,New,Competitive,Direct,False,False,Library Only,30000,275.0,Auto-Approved,,No
A/T,New,Competitive,Direct,False,False,Library Only,35000,287.5,Auto-Approved,,No
A/T,New,Competitive,Direct,False,False,Library Only,100000,450.0,Auto-Approved,,No
A/T,New,Competitive,Direct,False,False,Library Only,115000,487.5,Auto-Approved,,No
A/T,New,Competitive,Direct,False,False,Library Only,200000,700.0,Auto-Approved,,No
A/T,New,Competitive,Direct,False,False,Library Only,1000000,2700.0,Auto-Approved,,No
A/T,New,Competitive,Direct,False,False,Starting Point,0,165.0,Auto-Approved,,No
A/T,New,Competitive,Direct,False,False,Starting Point,1,165.0025,Auto-Approved,,No
A/T,New,Competitive,Direct,False,False,Starting Point,1000,167.5,Auto-Approved,,No
A/T,New,Competitive,Direct,False,False,Starting Point,30000,240.0,Auto-Approved,,No
A/T,New,Competitive,Direct,False,False,Starting Point,35000,252.5,Auto-Approved,,No
A/T,New,Competitive,Direct,False,False,Starting Point,100000,415.0,Auto-Approved,,No
A/T,New,Competitive,Direct,False,False,Starting Point,115000,452.5,Auto-Approved,,No
A/T,New,Competitive,Direct,False,False,Starting Point,200000,665.0,Auto-Approved,,No
A/T,New,Competitive,Direct,False,False,Starting Point,1000000,2665.0,Auto-Approved,,No
A/T,New,Competitive,Direct,False,False,Creation/Unknown,0,100.0,Pending Approval,,No
A/T,New,Competitive,Direct,False,False,Creation/Unknown,1,100.0025,Pending Approval,,No
A/T,New,Competitive,Direct,False,False,Creation/Unknown,1000,102.5,Pending Approval,,No
A/T,New,Competitive,Direct,False,False,Creation/Unknown,30000,175.0,Auto-Approved,,No
A/T,New,Competitive,Direct,False,False,Creation/Unknown,35000,187.5,Auto-Approved,,No
A/T,New,Competitive,Direct,False,False,Creation/Unknown,100000,350.0,Auto-Approved,,No
A/T,New,Competitive,Direct,False,False,Creation/Unknown,115000,387.5,Auto-Approved,,No
A/T,New,Competitive,Direct,False,False,Creation/Unknown,200000,600.0,Auto-Approved,,No
A/T,New,Competitive,Direct,False,False,Creation/Unknown,1000000,2600.0,Auto-Approved,,No
A/T,New,Competitive,Direct,False,True,Library Only,0,300.0,Auto-Approved,,No
A/T,New,Competitive,Direct,False,True,Library Only,1,300.0025,Auto-Approved,,No
A/T,New,Competitive,Direct,False,True,Library Only,1000,302.5,Auto-Approved,,No
A/T,New,Competitive,Direct,False,True,Library Only,30000,375.0,Auto-Approved,,No
A/T,New,Competitive,Direct,False,True,Library Only,35000,387.5,Auto-Approved,,No
A/T,New,Competitive,Direct,False,True,Library Only,100000,550.0,Auto-Approved,,No
A/T,New,Competitive,Direct,False,True,Library Only,115000,587.5,Auto-Approved,,No
A/T,New,Competitive,Direct,False,True,Library Only,200000,800.0,Auto-Approved,,No
A/T,New,Competitive,Direct,False,True,Library Only,1000000,2800.0,Auto-Approved,,No
A/T,New,Competitive,Direct,False,True,Starting Point,0,265.0,Auto-Approved,,No
A/T,New,Competitive,Direct,False,True,Starting Point,1,265.0025,Auto-Approved,,No
A/T,New,Competitive,Direct,False,True,Starting Point,1000,267.5,Auto-Approved,,No
A/T,New,Competitive,Direct,False,True,Starting Point,30000,340.0,Auto-Approved,,No
A/T,New,Competitive,Direct,False,True,Starting Point,35000,352.5,Auto-Approved,,No
A/T,New,Competitive,Direct,False,True,Starting Point,100000,515.0,Auto-Approved,,No
A/T,New,Competitive,Direct,False,True,Starting Point,115000,552.5,Auto-Approved,,No
A/T,New,Competitive,Direct,False,True,Starting Point,200000,765.0,Auto-Approved,,No
A/T,New,Competitive,Direct,False,True,Starting Point,1000000,2765.0,Auto-Approved,,No
A/T,New,Competitive,Direct,False,True,Creation/Unknown,0,200.0,Auto-Approved,,No
A/T,New,Competitive,Direct,False,True,Creation/Unknown,1,200.0025,Auto-Approved,,No
A/T,New,Competitive,Direct,False,True,Creation/Unknown,1000,202.5,Auto-Approved,,No
A/T,New,Competitive,Direct,False,True,Creation/Unknown,30000,275.0,Auto-Approved,,No
A/T,New,Competitive,Direct,False,True,Creation/Unknown,35000,287.5,Auto-Approved,,No
A/T,New,Competitive,Direct,False,True,Creation/Unknown,100000,450.0,Auto-Approved,,No
A/T,New,Competitive,Direct,False,True,Creation/Unknown,115000,487.5,Auto-Approved,,No
A/T,New,Competitive,Direct,False,True,Creation/Unknown,200000,700.0,Auto-Approved,,No
A/T,New,Competitive,Direct,False,True,Creation/Unknown,1000000,2700.0,Auto-Approved,,No
A/T,New,Competitive,Direct,True,False,Library Only,0,200.0,Auto-Approved,,Yes
A/T,New,Competitive,Direct,True,False,Library Only,1,200.0025,Auto-Approved,,Yes
A/T,New,Competitive,Direct,True,False,Library Only,1000,202.5,Auto-Approved,,Yes
A/T,New,Competitive,Direct,True,False,Library Only,30000,275.0,Auto-Approved,,Yes
A/T,New,Competitive,Direct,True,False,Library Only,35000,287.5,Auto-Approved,,Yes
A/T,New,Competitive,Direct,True,False,Library Only,100000,450.0,Auto-Approved,,Yes
A/T,New,Competitive,Direct,True,False,Library Only,115000,487.5,Auto-Approved,,Yes
A/T,New,Competitive,Direct,True,False,Library Only,200000,700.0,Auto-Approved,,Yes
A/T,New,Competitive,Direct,True,False,Library Only,1000000,2700.0,Auto-Approved,,Yes
A/T,New,Competitive,Direct,True,False,Starting Point,0,165.0,Auto-Approved,,Yes
A/T,New,Competitive,Direct,True,False,Starting Point,1,165.0025,Auto-Approved,,Yes
A/T,New,Competitive,Direct,True,False,Starting Point,1000,167.5,Auto-Approved,,Yes
A/T,New,Competitive,Direct,True,False,Starting Point,30000,240.0,Auto-Approved,,Yes
A/T,New,Competitive,Direct,True,False,Starting Point,35000,252.5,Auto-Approved,,Yes
A/T,New,Competitive,Direct,True,False,Starting Point,100000,415.0,Auto-Approved,,Yes
A/T,New,Competitive,Direct,True,False,Starting Point,115000,452.5,Auto-Approved,,Yes
A/T,New,Competitive,Direct,True,False,Starting Point,200000,665.0,Auto-Approved,,Yes
A/T,New,Competitive,Direct,True,False,Starting Point,1000000,2665.0,Auto-Approved,,Yes
A/T,New,Competitive,Direct,True,False,Creation/Unknown,0,100.0,Auto-Approved,,Yes
A/T,New,Competitive,Direct,True,False,Creation/Unknown,1,100.0025,Auto-Approved,,Yes
A/T,New,Competitive,Direct,True,False,Creation/Unknown,1000,102.5,Auto-Approved,,Yes
A/T,New,Competitive,Direct,True,False,Creation/Unknown,30000,175.0,Auto-Approved,,Yes
A/T,New,Competitive,Direct,True,False,Creation/Unknown,35000,187.5,Auto-Approved,,Yes
A/T,New,Competitive,Direct,True,False,Creation/Unknown,100000,350.0,Auto-Approved,,Yes
A/T,New,Competitive,Direct,True,False,Creation/Unknown,115000,387.5,Auto-Approved,,Yes
A/T,New,Competitive,Direct,True,False,Creation/Unknown,200000,600.0,Auto-Approved,,Yes
A/T,New,Competitive,Direct,True,False,Creation/Unknown,1000000,2600.0,Auto-Approved,,Yes
A/T,New,Competitive,Direct,True,True,Library Only,0,300.0,Auto-Approved,,Yes
A/T,New,Competitive,Direct,True,True,Library Only,1,300.0025,Auto-Approved,,Yes
A/T,New,Competitive,Direct,True,True,Library Only,1000,302.5,Auto-Approved,,Yes
A/T,New,Competitive,Direct,True,True,Library Only,30000,375.0,Auto-Approved,,Yes
A/T,New,Competitive,Direct,True,True,Library Only,35000,387.5,Auto-Approved,,Yes
A/T,New,Competitive,Direct,True,True,Library Only,100000,550.0,Auto-Approved,,Yes
A/T,New,Competitive,Direct,True,True,Library Only,115000,587.5,Auto-Approved,,Yes
A/T,New,Competitive,Direct,True,True,Library Only,200000,800.0,Auto-Approved,,Yes
A/T,New,Competitive,Direct,True,True,Library Only,1000000,2800.0,Auto-Approved,,Yes
A/T,New,Competitive,Direct,True,True,Starting Point,0,265.0,Auto-Approved,,Yes
A/T,New,Competitive,Direct,True,True,Starting Point,1,265.0025,Auto-Approved,,Yes
A/T,New,Competitive,Direct,True,True,Starting Point,1000,267.5,Auto-Approved,,Yes
A/T,New,Competitive,Direct,True,True,Starting Point,30000,340.0,Auto-Approved,,Yes
A/T,New,Competitive,Direct,True,True,Starting Point,35000,352.5,Auto-Approved,,Yes
A/T,New,Competitive,Direct,True,True,Starting Point,100000,515.0,Auto-Approved,,Yes
A/T,New,Competitive,Direct,True,True,Starting Point,115000,552.5,Auto-Approved,,Yes
A/T,New,Competitive,Direct,True,True,Starting Point,200000,765.0,Auto-Approved,,Yes
A/T,New,Competitive,Direct,True,True,Starting Point,1000000,2765.0,Auto-Approved,,Yes
A/T,New,Competitive,Direct,True,True,Creation/Unknown,0,200.0,Auto-Approved,,Yes
A/T,New,Competitive,Direct,True,True,Creation/Unknown,1,200.0025,Auto-Approved,,Yes
A/T,New,Competitive,Direct,True,True,Creation/Unknown,1000,202.5,Auto-Approved,,Yes
A/T,New,Competitive,Direct,True,True,Creation/Unknown,30000,275.0,Auto-Approved,,Yes
A/T,New,Competitive,Direct,True,True,Creation/Unknown,35000,287.5,Auto-Approved,,Yes
A/T,New,Competitive,Direct,True,True,Creation/Unknown,100000,450.0,Auto-Approved,,Yes
A/T,New,Competitive,Direct,True,True,Creation/Unknown,115000,487.5,Auto-Approved,,Yes
A/T,New,Competitive,Direct,True,True,Creation/Unknown,200000,700.0,Auto-Approved,,Yes
A/T,New,Competitive,Direct,True,True,Creation/Unknown,1000000,2700.0,Auto-Approved,,Yes
A/T,New,Competitive,Deferred/Unknown,False,False,Library Only,0,200.0,Auto-Approved,,No
A/T,New,Competitive,Deferred/Unknown,False,False,Library Only,1,200.002,Auto-Approved,,No
A/T,New,Competitive,Deferred/Unknown,False,False,Library Only,1000,202.0,Auto-Approved,,No
A/T,New,Competitive,Deferred/Unknown,False,False,Library Only,30000,260.0,Auto-Approved,,No
A/T,New,Competitive,Deferred/Unknown,False,False,Library Only,35000,270.0,Auto-Approved,,No
A/T,New,Competitive,Deferred/Unknown,False,False,Library Only,100000,400.0,Auto-Approved,,No
A/T,New,Competitive,Deferred/Unknown,False,False,Library Only,115000,430.0,Auto-Approved,,No
A/T,New,Competitive,Deferred/Unknown,False,False,Library Only,200000,600.0,Auto-Approved,,No
A/T,New,Competitive,Deferred/Unknown,False,False,Library Only,1000000,2200.0,Auto-Approved,,No
A/T,New,Competitive,Deferred/Unknown,False,False,Starting Point,0,165.0,Auto-Approved,,No
A/T,New,Competitive,Deferred/Unknown,False,False,Starting Point,1,165.002,Auto-Approved,,No
A/T,New,Competitive,Deferred/Unknown,False,False,Starting Point,1000,167.0,Auto-Approved,,No
A/T,New,Competitive,Deferred/Unknown,False,False,Starting Point,30000,225.0,Auto-Approved,,No
A/T,New,Competitive,Deferred/Unknown,False,False,Starting Point,35000,235.0,Auto-Approved,,No
A/T,New,Competitive,Deferred/Unknown,False,False,Starting Point,100000,365.0,Auto-Approved,,No
A/T,New,Competitive,Deferred/Unknown,False,False,Starting Point,115000,395.0,Auto-Approved,,No
A/T,New,Competitive,Deferred/Unknown,False,False,Starting Point,200000,565.0,Auto-Approved,,No
A/T,New,Competitive,Deferred/Unknown,False,False,Starting Point,1000000,2165.0,Auto-Approved,,No
A/T,New,Competitive,Deferred/Unknown,False,False,Creation/Unknown,0,100.0,Pending Approval,,No
A/T,New,Competitive,Deferred/Unknown,False,False,Creation/Unknown,1,100.00200000000001,Pending Approval,,No
A/T,New,Competitive,Deferred/Unknown,False,False,Creation/Unknown,1000,102.0,Pending Approval,,No
A/T,New,Competitive,Deferred/Unknown,False,False,Creation/Unknown,30000,160.0,Auto-Approved,,No
A/T,New,Competitive,Deferred/Unknown,False,False,Creation/Unknown,35000,170.0,Auto-Approved,,No
A/T,New,Competitive,Deferred/Unknown,False,False,Creation/Unknown,100000,300.0,Auto-Approved,,No
A/T,New,Competitive,Deferred/Unknown,False,False,Creation/Unknown,115000,330.0,Auto-Approved,,No
A/T,New,Competitive,Deferred/Unknown,False,False,Creation/Unknown,200000,500.0,Auto-Approved,,No
A/T,New,Competitive,Deferred/Unknown,False,False,Creation/Unknown,1000000,2100.0,Auto-Approved,,No
A/T,New,Competitive,Deferred/Unknown,False,True,Library Only,0,300.0,Auto-Approved,,No
A/T,New,Competitive,Deferred/Unknown,False,True,Library Only,1,300.002,Auto-Approved,,No
A/T,New,Competitive,Deferred/Unknown,False,True,Library Only,1000,302.0,Auto-Approved,,No
A/T,New,Competitive,Deferred/Unknown,False,True,Library Only,30000,360.0,Auto-Approved,,No
A/T,New,Competitive,Deferred/Unknown,False,True,Library Only,35000,370.0,Auto-Approved,,No
A/T,New,Competitive,Deferred/Unknown,False,True,Library Only,100000,500.0,Auto-Approved,,No
A/T,New,Competitive,Deferred/Unknown,False,True,Library Only,115000,530.0,Auto-Approved,,No
A/T,New,Competitive,Deferred/Unknown,False,True,Library Only,200000,700.0,Auto-Approved,,No
A/T,New,Competitive,Deferred/Unknown,False,True,Library Only,1000000,2300.0,Auto-Approved,,No
A/T,New,Competitive,Deferred/Unknown,False,True,Starting Point,0,265.0,Auto-Approved,,No
A/T,New,Competitive,Deferred/Unknown,False,True,Starting Point,1,265.002,Auto-Approved,,No
A/T,New,Competitive,Deferred/Unknown,False,True,Starting Point,1000,267.0,Auto-Approved,,No
A/T,New,Competitive,Deferred/Unknown,False,True,Starting Point,30000,325.0,Auto-Approved,,No
A/T,New,Competitive,Deferred/Unknown,False,True,Starting Point,35000,335.0,Auto-Approved,,No
A/T,New,Competitive,Deferred/Unknown,False,True,Starting Point,100000,465.0,Auto-Approved,,No
A/T,New,Competitive,Deferred/Unknown,False,True,Starting Point,115000,495.0,Auto-Approved,,No
A/T,New,Competitive,Deferred/Unknown,False,True,Starting Point,200000,665.0,Auto-Approved,,No
A/T,New,Competitive,Deferred/Unknown,False,True,Starting Point,1000000,2265.0,Auto-Approved,,No
A/T,New,Competitive,Deferred/Unknown,False,True,Creation/Unknown,0,200.0,Auto-Approved,,No
A/T,New,Competitive,Deferred/Unknown,False,True,Creation/Unknown,1,200.002,Auto-Approved,,No
A/T,New,Competitive,Deferred/Unknown,False,True,Creation/Unknown,1000,202.0,Auto-Approved,,No
A/T,New,Competitive,Deferred/Unknown,False,True,Creation/Unknown,30000,260.0,Auto-Approved,,No
A/T,New,Competitive,Deferred/Unknown,False,True,Creation/Unknown,35000,270.0,Auto-Approved,,No
A/T,New,Competitive,Deferred/Unknown,False,True,Creation/Unknown,100000,400.0,Auto-Approved,,No
A/T,New,Competitive,Deferred/Unknown,False,True,Creation/Unknown,115000,430.0,Auto-Approved,,No
A/T,New,Competitive,Deferred/Unknown,False,True,Creation/Unknown,200000,600.0,Auto-Approved,,No
A/T,New,Competitive,Deferred/Unknown,False,True,Creation/Unknown,1000000,2200.0,Auto-Approved,,No
A/T,New,Competitive,Deferred/Unknown,True,False,Library Only,0,200.0,Auto-Approved,,Yes
A/T,New,Competitive,Deferred/Unknown,True,False,Library Only,1,200.002,Auto-Approved,,Yes
A/T,New,Competitive,Deferred/Unknown,True,False,Library Only,1000,202.0,Auto-Approved,,Yes
A/T,New,Competitive,Deferred/Unknown,True,False,Library Only,30000,260.0,Auto-Approved,,Yes
A/T,New,Competitive,Deferred/Unknown,True,False,Library Only,35000,270.0,Auto-Approved,,Yes
A/T,New,Competitive,Deferred/Unknown,True,False,Library Only,100000,400.0,Auto-Approved,,Yes
A/T,New,Competitive,Deferred/Unknown,True,False,Library Only,115000,430.0,Auto-Approved,,Yes
A/T,New,Competitive,Deferred/Unknown,True,False,Library Only,200000,600.0,Auto-Approved,,Yes
A/T,New,Competitive,Deferred/Unknown,True,False,Library Only,1000000,2200.0,Auto-Approved,,Yes
A/T,New,Competitive,Deferred/Unknown,True,False,Starting Point,0,165.0,Auto-Approved,,Yes
A/T,New,Competitive,Deferred/Unknown,True,False,Starting Point,1,165.002,Auto-Approved,,Yes
A/T,New,Competitive,Deferred/Unknown,True,False,Starting Point,1000,167.0,Auto-Approved,,Yes
A/T,New,Competitive,Deferred/Unknown,True,False,Starting Point,30000,225.0,Auto-Approved,,Yes
A/T,New,Competitive,Deferred/Unknown,True,False,Starting Point,35000,235.0,Auto-Approved,,Yes
A/T,New,Competitive,Deferred/Unknown,True,False,Starting Point,100000,365.0,Auto-Approved,,Yes
A/T,New,Competitive,Deferred/Unknown,True,False,Starting Point,115000,395.0,Auto-Approved,,Yes
A/T,New,Competitive,Deferred/Unknown,True,False,Starting Point,200000,565.0,Auto-Approved,,Yes
A/T,New,Competitive,Deferred/Unknown,True,False,Starting Point,1000000,2165.0,Auto-Approved,,Yes
A/T,New,Competitive,Deferred/Unknown,True,False,Creation/Unknown,0,100.0,Auto-Approved,,Yes
A/T,New,Competitive,Deferred/Unknown,True,False,Creation/Unknown,1,100.00200000000001,Auto-Approved,,Yes
A/T,New,Competitive,Deferred/Unknown,True,False,Creation/Unknown,1000,102.0,Auto-Approved,,Yes
A/T,New,Competitive,Deferred/Unknown,True,False,Creation/Unknown,30000,160.0,Auto-Approved,,Yes
A/T,New,Competitive,Deferred/Unknown,True,False,Creation/Unknown,35000,170.0,Auto-Approved,,Yes
A/T,New,Competitive,Deferred/Unknown,True,False,Creation/Unknown,100000,300.0,Auto-Approved,,Yes
A/T,New,Competitive,Deferred/Unknown,True,False,Creation/Unknown,115000,330.0,Auto-Approved,,Yes
A/T,New,Competitive,Deferred/Unknown,True,False,Creation/Unknown,200000,500.0,Auto-Approved,,Yes
A/T,New,Competitive,Deferred/Unknown,True,False,Creation/Unknown,1000000,2100.0,Auto-Approved,,Yes
A/T,New,Competitive,Deferred/Unknown,True,True,Library Only,0,300.0,Auto-Approved,,Yes
A/T,New,Competitive,Deferred/Unknown,True,True,Library Only,1,300.002,Auto-Approved,,Yes
A/T,New,Competitive,Deferred/Unknown,True,True,Library Only,1000,302.0,Auto-Approved,,Yes
A/T,New,Competitive,Deferred/Unknown,True,True,Library Only,30000,360.0,Auto-Approved,,Yes
A/T,New,Competitive,Deferred/Unknown,True,True,Library Only,35000,370.0,Auto-Approved,,Yes
A/T,New,Competitive,Deferred/Unknown,True,True,Library Only,100000,500.0,Auto-Approved,,Yes
A/T,New,Competitive,Deferred/Unknown,True,True,Library Only,115000,530.0,Auto-Approved,,Yes
A/T,New,Competitive,Deferred/Unknown,True,True,Library Only,200000,700.0,Auto-Approved,,Yes
A/T,New,Competitive,Deferred/Unknown,True,True,Library Only,1000000,2300.0,Auto-Approved,,Yes
A/T,New,Competitive,Deferred/Unknown,True,True,Starting Point,0,265.0,Auto-Approved,,Yes
A/T,New,Competitive,Deferred/Unknown,True,True,Starting Point,1,265.002,Auto-Approved,,Yes
A/T,New,Competitive,Deferred/Unknown,True,True,Starting Point,1000,267.0,Auto-Approved,,Yes
A/T,New,Competitive,Deferred/Unknown,True,True,Starting Point,30000,325.0,Auto-Approved,,Yes
A/T,New,Competitive,Deferred/Unknown,True,True,Starting Point,35000,335.0,Auto-Approved,,Yes
A/T,New,Competitive,Deferred/Unknown,True,True,Starting Point,100000,465.0,Auto-Approved,,Yes
A/T,New,Competitive,Deferred/Unknown,True,True,Starting Point,115000,495.0,Auto-Approved,,Yes
A/T,New,Competitive,Deferred/Unknown,True,True,Starting Point,200000,665.0,Auto-Approved,,Yes
A/T,New,Competitive,Deferred/Unknown,True,True,Starting Point,1000000,2265.0,Auto-Approved,,Yes
A/T,New,Competitive,Deferred/Unknown,True,True,Creation/Unknown,0,200.0,Auto-Approved,,Yes
A/T,New,Competitive,Deferred/Unknown,True,True,Creation/Unknown,1,200.002,Auto-Approved,,Yes
A/T,New,Competitive,Deferred/Unknown,True,True,Creation/Unknown,1000,202.0,Auto-Approved,,Yes
A/T,New,Competitive,Deferred/Unknown,True,True,Creation/Unknown,30000,260.0,Auto-Approved,,Yes
A/T,New,Competitive,Deferred/Unknown,True,True,Creation/Unknown,35000,270.0,Auto-Approved,,Yes
A/T,New,Competitive,Deferred/Unknown,True,True,Creation/Unknown,100000,400.0,Auto-Approved,,Yes
A/T,New,Competitive,Deferred/Unknown,True,True,Creation/Unknown,115000,430.0,Auto-Approved,,Yes
A/T,New,Competitive,Deferred/Unknown,True,True,Creation/Unknown,200000,600.0,Auto-Approved,,Yes
A/T,New,Competitive,Deferred/Unknown,True,True,Creation/Unknown,1000000,2200.0,Auto-Approved,,Yes
A/T,New,ProActive,Direct,False,False,Library Only,0,200.0,Auto-Approved,,No
A/T,New,ProActive,Direct,False,False,Library Only,1,200.002,Auto-Approved,,No
A/T,New,ProActive,Direct,False,False,Library Only,1000,202.0,Auto-Approved,,No
A/T,New,ProActive,Direct,False,False,Library Only,30000,260.0,Auto-Approved,,No
A/T,New,ProActive,Direct,False,False,Library Only,35000,270.0,Auto-Approved,,No
A/T,New,ProActive,Direct,False,False,Library Only,100000,400.0,Auto-Approved,,No
A/T,New,ProActive,Direct,False,False,Library Only,115000,430.0,Auto-Approved,,No
A/T,New,ProActive,Direct,False,False,Library Only,200000,600.0,Auto-Approved,,No
A/T,New,ProActive,Direct,False,False,Library Only,1000000,2200.0,Auto-Approved,,No
A/T,New,ProActive,Direct,False,False,Starting Point,0,165.0,Auto-Approved,,No
A/T,New,ProActive,Direct,False,False,Starting Point,1,165.002,Auto-Approved,,No
A/T,New,ProActive,Direct,False,False,Starting Point,1000,167.0,Auto-Approved,,No
A/T,New,ProActive,Direct,False,False,Starting Point,30000,225.0,Auto-Approved,,No
A/T,New,ProActive,Direct,False,False,Starting Point,35000,235.0,Auto-Approved,,No
A/T,New,ProActive,Direct,False,False,Starting Point,100000,365.0,Auto-Approved,,No
A/T,New,ProActive,Direct,False,False,Starting Point,115000,395.0,Auto-Approved,,No
A/T,New,ProActive,Direct,False,False,Starting Point,200000,565.0,Auto-Approved,,No
A/T,New,ProActive,Direct,False,False,Starting Point,1000000,2165.0,Auto-Approved,,No
A/T,New,ProActive,Direct,False,False,Creation/Unknown,0,100.0,Pending Approval,,No
A/T,New,ProActive,Direct,False,False,Creation/Unknown,1,100.002,Pending Approval,,No
A/T,New,ProActive,Direct,False,False,Creation/Unknown,1000,102.0,Pending Approval,,No
A/T,New,ProActive,Direct,False,False,Creation/Unknown,30000,160.0,Auto-Approved,,No
A/T,New,ProActive,Direct,False,False,Creation/Unknown,35000,170.0,Auto-Approved,,No
A/T,New,ProActive,Direct,False,False,Creation/Unknown,100000,300.0,Auto-Approved,,No
A/T,New,ProActive,Direct,False,False,Creation/Unknown,115000,330.0,Auto-Approved,,No
A/T,New,ProActive,Direct,False,False,Creation/Unknown,200000,500.0,Auto-Approved,,No
A/T,New,ProActive,Direct,False,False,Creation/Unknown,1000000,2100.0,Auto-Approved,,No
A/T,New,ProActive,Direct,False,True,Library Only,0,300.0,Auto-Approved,,No
A/T,New,ProActive,Direct,False,True,Library Only,1,300.002,Auto-Approved,,No
A/T,New,ProActive,Direct,False,True,Library Only,1000,302.0,Auto-Approved,,No
A/T,New,ProActive,Direct,False,True,Library Only,30000,360.0,Auto-Approved,,No
A/T,New,ProActive,Direct,False,True,Library Only,35000,370.0,Auto-Approved,,No
A/T,New,ProActive,Direct,False,True,Library Only,100000,500.0,Auto-Approved,,No
A/T,New,ProActive,Direct,False,True,Library Only,115000,530.0,Auto-Approved,,No
A/T,New,ProActive,Direct,False,True,Library Only,200000,700.0,Auto-Approved,,No
A/T,New,ProActive,Direct,False,True,Library Only,1000000,2300.0,Auto-Approved,,No
A/T,New,ProActive,Direct,False,True,Starting Point,0,265.0,Auto-Approved,,No
A/T,New,ProActive,Direct,False,True,Starting Point,1,265.002,Auto-Approved,,No
A/T,New,ProActive,Direct,False,True,Starting Point,1000,267.0,Auto-Approved,,No
A/T,New,ProActive,Direct,False,True,Starting Point,30000,325.0,Auto-Approved,,No
A/T,New,ProActive,Direct,False,True,Starting Point,35000,335.0,Auto-Approved,,No
A/T,New,ProActive,Direct,False,True,Starting Point,100000,465.0,Auto-Approved,,No
A/T,New,ProActive,Direct,False,True,Starting Point,115000,495.0,Auto-Approved,,No
A/T,New,ProActive,Direct,False,True,Starting Point,200000,665.0,Auto-Approved,,No
A/T,New,ProActive,Direct,False,True,Starting Point,1000000,2265.0,Auto-Approved,,No
A/T,New,ProActive,Direct,False,True,Creation/Unknown,0,200.0,Auto-Approved,,No
A/T,New,ProActive,Direct,False,True,Creation/Unknown,1,200.002,Auto-Approved,,No
A/T,New,ProActive,Direct,False,True,Creation/Unknown,1000,202.0,Auto-Approved,,No
A/T,New,ProActive,Direct,False,True,Creation/Unknown,30000,260.0,Auto-Approved,,No
A/T,New,ProActive,Direct,False,True,Creation/Unknown,35000,270.0,Auto-Approved,,No
A/T,New,ProActive,Direct,False,True,Creation/Unknown,100000,400.0,Auto-Approved,,No
A/T,New,ProActive,Direct,False,True,Creation/Unknown,115000,430.0,Auto-Approved,,No
A/T,New,ProActive,Direct,False,True,Creation/Unknown,200000,600.0,Auto-Approved,,No
A/T,New,ProActive,Direct,False,True,Creation/Unknown,1000000,2200.0,Auto-Approved,,No
A/T,New,ProActive,Direct,True,False,Library Only,0,200.0,Auto-Approved,,Yes
A/T,New,ProActive,Direct,True,False,Library Only,1,200.002,Auto-Approved,,Yes
A/T,New,ProActive,Direct,True,False,Library Only,1000,202.0,Auto-Approved,,Yes
A/T,New,ProActive,Direct,True,False,Library Only,30000,260.0,Auto-Approved,,Yes
A/T,New,ProActive,Direct,True,False,Library Only,35000,270.0,Auto-Approved,,Yes
A/T,New,ProActive,Direct,True,False,Library Only,100000,400.0,Auto-Approved,,Yes
A/T,New,ProActive,Direct,True,False,Library Only,115000,430.0,Auto-Approved,,Yes
A/T,New,ProActive,Direct,True,False,Library Only,200000,600.0,Auto-Approved,,Yes
A/T,New,ProActive,Direct,True,False,Library Only,1000000,2200.0,Auto-Approved,,Yes
A/T,New,ProActive,Direct,True,False,Starting Point,0,165.0,Auto-Approved,,Yes
A/T,New,ProActive,Direct,True,False,Starting Point,1,165.002,Auto-Approved,,Yes
A/T,New,ProActive,Direct,True,False,Starting Point,1000,167.0,Auto-Approved,,Yes
A/T,New,ProActive,Direct,True,False,Starting Point,30000,225.0,Auto-Approved,,Yes
A/T,New,ProActive,Direct,True,False,Starting Point,35000,235.0,Auto-Approved,,Yes
A/T,New,ProActive,Direct,True,False,Starting Point,100000,365.0,Auto-Approved,,Yes
A/T,New,ProActive,Direct,True,False,Starting Point,115000,395.0,Auto-Approved,,Yes
A/T,New,ProActive,Direct,True,False,Starting Point,200000,565.0,Auto-Approved,,Yes
A/T,New,ProActive,Direct,True,False,Starting Point,1000000,2165.0,Auto-Approved,,Yes
A/T,New,ProActive,Direct,True,False,Creation/Unknown,0,100.0,Auto-Approved,,Yes
A/T,New,ProActive,Direct,True,False,Creation/Unknown,1,100.002,Auto-Approved,,Yes
A/T,New,ProActive,Direct,True,False,Creation/Unknown,1000,102.0,Auto-Approved,,Yes
A/T,New,ProActive,Direct,True,False,Creation/Unknown,30000,160.0,Auto-Approved,,Yes
A/T,New,ProActive,Direct,True,False,Creation/Unknown,35000,170.0,Auto-Approved,,Yes
A/T,New,ProActive,Direct,True,False,Creation/Unknown,100000,300.0,Auto-Approved,,Yes
A/T,New,ProActive,Direct,True,False,Creation/Unknown,115000,330.0,Auto-Approved,,Yes
A/T,New,ProActive,Direct,True,False,Creation/Unknown,200000,500.0,Auto-Approved,,Yes
A/T,New,ProActive,Direct,True,False,Creation/Unknown,1000000,2100.0,Auto-Approved,,Yes
A/T,New,ProActive,Direct,True,True,Library Only,0,300.0,Auto-Approved,,Yes
A/T,New,ProActive,Direct,True,True,Library Only,1,300.002,Auto-Approved,,Yes
A/T,New,ProActive,Direct,True,True,Library Only,1000,302.0,Auto-Approved,,Yes
A/T,New,ProActive,Direct,True,True,Library Only,30000,360.0,Auto-Approved,,Yes
A/T,New,ProActive,Direct,True,True,Library Only,35000,370.0,Auto-Approved,,Yes
A/T,New,ProActive,Direct,True,True,Library Only,100000,500.0,Auto-Approved,,Yes
A/T,New,ProActive,Direct,True,True,Library Only,115000,530.0,Auto-Approved,,Yes
A/T,New,ProActive,Direct,True,True,Library Only,200000,700.0,Auto-Approved,,Yes
A/T,New,ProActive,Direct,True,True,Library Only,1000000,2300.0,Auto-Approved,,Yes
A/T,New,ProActive,Direct,True,True,Starting Point,0,265.0,Auto-Approved,,Yes
A/T,New,ProActive,Direct,True,True,Starting Point,1,265.002,Auto-Approved,,Yes
A/T,New,ProActive,Direct,True,True,Starting Point,1000,267.0,Auto-Approved,,Yes
A/T,New,ProActive,Direct,True,True,Starting Point,30000,325.0,Auto-Approved,,Yes
A/T,New,ProActive,Direct,True,True,Starting Point,35000,335.0,Auto-Approved,,Yes
A/T,New,ProActive,Direct,True,True,Starting Point,100000,465.0,Auto-Approved,,Yes
A/T,New,ProActive,Direct,True,True,Starting Point,115000,495.0,Auto-Approved,,Yes
A/T,New,ProActive,Direct,True,True,Starting Point,200000,665.0,Auto-Approved,,Yes
A/T,New,ProActive,Direct,True,True,Starting Point,1000000,2265.0,Auto-Approved,,Yes
A/T,New,ProActive,Direct,True,True,Creation/Unknown,0,200.0,Auto-Approved,,Yes
A/T,New,ProActive,Direct,True,True,Creation/Unknown,1,200.002,Auto-Approved,,Yes
A/T,New,ProActive,Direct,True,True,Creation/Unknown,1000,202.0,Auto-Approved,,Yes
A/T,New,ProActive,Direct,True,True,Creation/Unknown,30000,260.0,Auto-Approved,,Yes
A/T,New,ProActive,Direct,True,True,Creation/Unknown,35000,270.0,Auto-Approved,,Yes
A/T,New,ProActive,Direct,True,True,Creation/Unknown,100000,400.0,Auto-Approved,,Yes
A/T,New,ProActive,Direct,True,True,Creation/Unknown,115000,430.0,Auto-Approved,,Yes
A/T,New,ProActive,Direct,True,True,Creation/Unknown,200000,600.0,Auto-Approved,,Yes
A/T,New,ProActive,Direct,True,True,Creation/Unknown,1000000,2200.0,Auto-Approved,,Yes
A/T,New,ProActive,Deferred/Unknown,False,False,Library Only,0,200.0,Auto-Approved,,No
A/T,New,ProActive,Deferred/Unknown,False,False,Library Only,1,200.0015,Auto-Approved,,No
A/T,New,ProActive,Deferred/Unknown,False,False,Library Only,1000,201.5,Auto-Approved,,No
A/T,New,ProActive,Deferred/Unknown,False,False,Library Only,30000,245.0,Auto-Approved,,No
A/T,New,ProActive,Deferred/Unknown,False,False,Library Only,35000,252.5,Auto-Approved,,No
A/T,New,ProActive,Deferred/Unknown,False,False,Library Only,100000,350.0,Auto-Approved,,No
A/T,New,ProActive,Deferred/Unknown,False,False,Library Only,115000,372.5,Auto-Approved,,No
A/T,New,ProActive,Deferred/Unknown,False,False,Library Only,200000,500.0,Auto-Approved,,No
A/T,New,ProActive,Deferred/Unknown,False,False,Library Only,1000000,1700.0,Auto-Approved,,No
A/T,New,ProActive,Deferred/Unknown,False,False,Starting Point,0,165.0,Auto-Approved,,No
A/T,New,ProActive,Deferred/Unknown,False,False,Starting Point,1,165.0015,Auto-Approved,,No
A/T,New,ProActive,Deferred/Unknown,False,False,Starting Point,1000,166.5,Auto-Approved,,No
A/T,New,ProActive,Deferred/Unknown,False,False,Starting Point,30000,210.0,Auto-Approved,,No
A/T,New,ProActive,Deferred/Unknown,False,False,Starting Point,35000,217.5,Auto-Approved,,No
A/T,New,ProActive,Deferred/Unknown,False,False,Starting Point,100000,315.0,Auto-Approved,,No
A/T,New,ProActive,Deferred/Unknown,False,False,Starting Point,115000,337.5,Auto-Approved,,No
A/T,New,ProActive,Deferred/Unknown,False,False,Starting Point,200000,465.0,Auto-Approved,,No
A/T,New,ProActive,Deferred/Unknown,False,False,Starting Point,1000000,1665.0,Auto-Approved,,No
A/T,New,ProActive,Deferred/Unknown,False,False,Creation/Unknown,0,100.0,Pending Approval,,No
A/T,New,ProActive,Deferred/Unknown,False,False,Creation/Unknown,1,100.0015,Pending Approval,,No
A/T,New,ProActive,Deferred/Unknown,False,False,Creation/Unknown,1000,101.5,Pending Approval,,No
A/T,New,ProActive,Deferred/Unknown,False,False,Creation/Unknown,30000,145.0,Auto-Approved,,No
A/T,New,ProActive,Deferred/Unknown,False,False,Creation/Unknown,35000,152.5,Auto-Approved,,No
A/T,New,ProActive,Deferred/Unknown,False,False,Creation/Unknown,100000,250.0,Auto-Approved,,No
A/T,New,ProActive,Deferred/Unknown,False,False,Creation/Unknown,115000,272.5,Auto-Approved,,No
A/T,New,ProActive,Deferred/Unknown,False,False,Creation/Unknown,200000,400.0,Auto-Approved,,No
A/T,New,ProActive,Deferred/Unknown,False,False,Creation/Unknown,1000000,1600.0,Auto-Approved,,No
A/T,New,ProActive,Deferred/Unknown,False,True,Library Only,0,300.0,Auto-Approved,,No
A/T,New,ProActive,Deferred/Unknown,False,True,Library Only,1,300.00149999999996,Auto-Approved,,No
A/T,New,ProActive,Deferred/Unknown,False,True,Library Only,1000,301.5,Auto-Approved,,No
A/T,New,ProActive,Deferred/Unknown,False,True,Library Only,30000,345.0,Auto-Approved,,No
A/T,New,ProActive,Deferred/Unknown,False,True,Library Only,35000,352.5,Auto-Approved,,No
A/T,New,ProActive,Deferred/Unknown,False,True,Library Only,100000,450.0,Auto-Approved,,No
A/T,New,ProActive,Deferred/Unknown,False,True,Library Only,115000,472.5,Auto-Approved,,No
A/T,New,ProActive,Deferred/Unknown,False,True,Library Only,200000,600.0,Auto-Approved,,No
A/T,New,ProActive,Deferred/Unknown,False,True,Library Only,1000000,1800.0,Auto-Approved,,No
A/T,New,ProActive,Deferred/Unknown,False,True,Starting Point,0,265.0,Auto-Approved,,No
A/T,New,ProActive,Deferred/Unknown,False,True,Starting Point,1,265.00149999999996,Auto-Approved,,No
A/T,New,ProActive,Deferred/Unknown,False,True,Starting Point,1000,266.5,Auto-Approved,,No
A/T,New,ProActive,Deferred/Unknown,False,True,Starting Point,30000,310.0,Auto-Approved,,No
A/T,New,ProActive,Deferred/Unknown,False,True,Starting Point,35000,317.5,Auto-Approved,,No
A/T,New,ProActive,Deferred/Unknown,False,True,Starting Point,100000,415.0,Auto-Approved,,No
A/T,New,ProActive,Deferred/Unknown,False,True,Starting Point,115000,437.5,Auto-Approved,,No
A/T,New,ProActive,Deferred/Unknown,False,True,Starting Point,200000,565.0,Auto-Approved,,No
A/T,New,ProActive,Deferred/Unknown,False,True,Starting Point,1000000,1765.0,Auto-Approved,,No
A/T,New,ProActive,Deferred/Unknown,False,True,Creation/Unknown,0,200.0,Auto-Approved,,No
A/T,New,ProActive,Deferred/Unknown,False,True,Creation/Unknown,1,200.0015,Auto-Approved,,No
A/T,New,ProActive,Deferred/Unknown,False,True,Creation/Unknown,1000,201.5,Auto-Approved,,No
A/T,New,ProActive,Deferred/Unknown,False,True,Creation/Unknown,30000,245.0,Auto-Approved,,No
A/T,New,ProActive,Deferred/Unknown,False,True,Creation/Unknown,35000,252.5,Auto-Approved,,No
A/T,New,ProActive,Deferred/Unknown,False,True,Creation/Unknown,100000,350.0,Auto-Approved,,No
A/T,New,ProActive,Deferred/Unknown,False,True,Creation/Unknown,115000,372.5,Auto-Approved,,No
A/T,New,ProActive,Deferred/Unknown,False,True,Creation/Unknown,200000,500.0,Auto-Approved,,No
A/T,New,ProActive,Deferred/Unknown,False,True,Creation/Unknown,1000000,1700.0,Auto-Approved,,No
A/T,New,ProActive,Deferred/Unknown,True,False,Library Only,0,200.0,Auto-Approved,,Yes
A/T,New,ProActive,Deferred/Unknown,True,False,Library Only,1,200.0015,Auto-Approved,,Yes
A/T,New,ProActive,Deferred/Unknown,True,False,Library Only,1000,201.5,Auto-Approved,,Yes
A/T,New,ProActive,Deferred/Unknown,True,False,Library Only,30000,245.0,Auto-Approved,,Yes
A/T,New,ProActive,Deferred/Unknown,True,False,Library Only,35000,252.5,Auto-Approved,,Yes
A/T,New,ProActive,Deferred/Unknown,True,False,Library Only,100000,350.0,Auto-Approved,,Yes
A/T,New,ProActive,Deferred/Unknown,True,False,Library Only,115000,372.5,Auto-Approved,,Yes
A/T,New,ProActive,Deferred/Unknown,True,False,Library Only,200000,500.0,Auto-Approved,,Yes
A/T,New,ProActive,Deferred/Unknown,True,False,Library Only,1000000,1700.0,Auto-Approved,,Yes
A/T,New,ProActive,Deferred/Unknown,True,False,Starting Point,0,165.0,Auto-Approved,,Yes
A/T,New,ProActive,Deferred/Unknown,True,False,Starting Point,1,165.0015,Auto-Approved,,Yes
A/T,New,ProActive,Deferred/Unknown,True,False,Starting Point,1000,166.5,Auto-Approved,,Yes
A/T,New,ProActive,Deferred/Unknown,True,False,Starting Point,30000,210.0,Auto-Approved,,Yes
A/T,New,ProActive,Deferred/Unknown,True,False,Starting Point,35000,217.5,Auto-Approved,,Yes
A/T,New,ProActive,Deferred/Unknown,True,False,Starting Point,100000,315.0,Auto-Approved,,Yes
A/T,New,ProActive,Deferred/Unknown,True,False,Starting Point,115000,337.5,Auto-Approved,,Yes
A/T,New,ProActive,Deferred/Unknown,True,False,Starting Point,200000,465.0,Auto-Approved,,Yes
A/T,New,ProActive,Deferred/Unknown,True,False,Starting Point,1000000,1665.0,Auto-Approved,,Yes
A/T,New,ProActive,Deferred/Unknown,True,False,Creation/Unknown,0,100.0,Auto-Approved,,Yes
A/T,New,ProActive,Deferred/Unknown,True,False,Creation/Unknown,1,100.0015,Auto-Approved,,Yes
A/T,New,ProActive,Deferred/Unknown,True,False,Creation/Unknown,1000,101.5,Auto-Approved,,Yes
A/T,New,ProActive,Deferred/Unknown,True,False,Creation/Unknown,30000,145.0,Auto-Approved,,Yes
A/T,New,ProActive,Deferred/Unknown,True,False,Creation/Unknown,35000,152.5,Auto-Approved,,Yes
A/T,New,ProActive,Deferred/Unknown,True,False,Creation/Unknown,100000,250.0,Auto-Approved,,Yes
A/T,New,ProActive,Deferred/Unknown,True,False,Creation/Unknown,115000,272.5,Auto-Approved,,Yes
A/T,New,ProActive,Deferred/Unknown,True,False,Creation/Unknown,200000,400.0,Auto-Approved,,Yes
A/T,New,ProActive,Deferred/Unknown,True,False,Creation/Unknown,1000000,1600.0,Auto-Approved,,Yes
A/T,New,ProActive,Deferred/Unknown,True,True,Library Only,0,300.0,Auto-Approved,,Yes
A/T,New,ProActive,Deferred/Unknown,True,True,Library Only,1,300.00149999999996,Auto-Approved,,Yes
A/T,New,ProActive,Deferred/Unknown,True,True,Library Only,1000,301.5,Auto-Approved,,Yes
A/T,New,ProActive,Deferred/Unknown,True,True,Library Only,30000,345.0,Auto-Approved,,Yes
A/T,New,ProActive,Deferred/Unknown,True,True,Library Only,35000,352.5,Auto-Approved,,Yes
A/T,New,ProActive,Deferred/Unknown,True,True,Library Only,100000,450.0,Auto-Approved,,Yes
A/T,New,ProActive,Deferred/Unknown,True,True,Library Only,115000,472.5,Auto-Approved,,Yes
A/T,New,ProActive,Deferred/Unknown,True,True,Library Only,200000,600.0,Auto-Approved,,Yes
A/T,New,ProActive,Deferred/Unknown,True,True,Library Only,1000000,1800.0,Auto-Approved,,Yes
A/T,New,ProActive,Deferred/Unknown,True,True,Starting Point,0,265.0,Auto-Approved,,Yes
A/T,New,ProActive,Deferred/Unknown,True,True,Starting Point,1,265.00149999999996,Auto-Approved,,Yes
A/T,New,ProActive,Deferred/Unknown,True,True,Starting Point,1000,266.5,Auto-Approved,,Yes
A/T,New,ProActive,Deferred/Unknown,True,True,Starting Point,30000,310.0,Auto-Approved,,Yes
A/T,New,ProActive,Deferred/Unknown,True,True,Starting Point,35000,317.5,Auto-Approved,,Yes
A/T,New,ProActive,Deferred/Unknown,True,True,Starting Point,100000,415.0,Auto-Approved,,Yes
A/T,New,ProActive,Deferred/Unknown,True,True,Starting Point,115000,437.5,Auto-Approved,,Yes
A/T,New,ProActive,Deferred/Unknown,True,True,Starting Point,200000,565.0,Auto-Approved,,Yes
A/T,New,ProActive,Deferred/Unknown,True,True,Starting Point,1000000,1765.0,Auto-Approved,,Yes
A/T,New,ProActive,Deferred/Unknown,True,True,Creation/Unknown,0,200.0,Auto-Approved,,Yes
A/T,New,ProActive,Deferred/Unknown,True,True,Creation/Unknown,1,200.0015,Auto-Approved,,Yes
A/T,New,ProActive,Deferred/Unknown,True,True,Creation/Unknown,1000,201.5,Auto-Approved,,Yes
A/T,New,ProActive,Deferred/Unknown,True,True,Creation/Unknown,30000,245.0,Auto-Approved,,Yes
A/T,New,ProActive,Deferred/Unknown,True,True,Creation/Unknown,35000,252.5,Auto-Approved,,Yes
A/T,New,ProActive,Deferred/Unknown,True,True,Creation/Unknown,100000,350.0,Auto-Approved,,Yes
A/T,New,ProActive,Deferred/Unknown,True,True,Creation/Unknown,115000,372.5,Auto-Approved,,Yes
A/T,New,ProActive,Deferred/Unknown,True,True,Creation/Unknown,200000,500.0,Auto-Approved,,Yes
A/T,New,ProActive,Deferred/Unknown,True,True,Creation/Unknown,1000000,1700.0,Auto-Approved,,Yes
A/T,Rework (Of Selling),Exclusive,Direct,False,False,Library Only,0,200.0,Auto-Approved,,Yes
A/T,Rework (Of Selling),Exclusive,Direct,False,False,Library Only,1,200.0035,Auto-Approved,,Yes
A/T,Rework (Of Selling),Exclusive,Direct,False,False,Library Only,1000,203.5,Auto-Approved,,Yes
A/T,Rework (Of Selling),Exclusive,Direct,False,False,Library Only,30000,305.0,Auto-Approved,,Yes
A/T,Rework (Of Selling),Exclusive,Direct,False,False,Library Only,35000,322.5,Auto-Approved,,Yes
A/T,Rework (Of Selling),Exclusive,Direct,False,False,Library Only,100000,550.0,Auto-Approved,,Yes
A/T,Rework (Of Selling),Exclusive,Direct,False,False,Library Only,115000,602.5,Auto-Approved,,Yes
A/T,Rework (Of Selling),Exclusive,Direct,False,False,Library Only,200000,900.0,Auto-Approved,,Yes
A/T,Rework (Of Selling),Exclusive,Direct,False,False,Library Only,1000000,3700.0,Auto-Approved,,Yes
A/T,Rework (Of Selling),Exclusive,Direct,False,False,Starting Point,0,165.0,Auto-Approved,,Yes
A/T,Rework (Of Selling),Exclusive,Direct,False,False,Starting Point,1,165.0035,Auto-Approved,,Yes
A/T,Rework (Of Selling),Exclusive,Direct,False,False,Starting Point,1000,168.5,Auto-Approved,,Yes
A/T,Rework (Of Selling),Exclusive,Direct,False,False,Starting Point,30000,270.0,Auto-Approved,,Yes
A/T,Rework (Of Selling),Exclusive,Direct,False,False,Starting Point,35000,287.5,Auto-Approved,,Yes
A/T,Rework (Of Selling),Exclusive,Direct,False,False,Starting Point,100000,515.0,Auto-Approved,,Yes
A/T,Rework (Of Selling),Exclusive,Direct,False,False,Starting Point,115000,567.5,Auto-Approved,,Yes
A/T,Rework (Of Selling),Exclusive,Direct,False,False,Starting Point,200000,865.0,Auto-Approved,,Yes
A/T,Rework (Of Selling),Exclusive,Direct,False,False,Starting Point,1000000,3665.0,Auto-Approved,,Yes
A/T,Rework (Of Selling),Exclusive,Direct,False,False,Creation/Unknown,0,100.0,Auto-Approved,,Yes
A/T,Rework (Of Selling),Exclusive,Direct,False,False,Creation/Unknown,1,100.0035,Auto-Approved,,Yes
A/T,Rework (Of Selling),Exclusive,Direct,False,False,Creation/Unknown,1000,103.5,Auto-Approved,,Yes
A/T,Rework (Of Selling),Exclusive,Direct,False,False,Creation/Unknown,30000,205.0,Auto-Approved,,Yes
A/T,Rework (Of Selling),Exclusive,Direct,False,False,Creation/Unknown,35000,222.5,Auto-Approved,,Yes
A/T,Rework (Of Selling),Exclusive,Direct,False,False,Creation/Unknown,100000,450.0,Auto-Approved,,Yes
A/T,Rework (Of Selling),Exclusive,Direct,False,False,Creation/Unknown,115000,502.5,Auto-Approved,,Yes
A/T,Rework (Of Selling),Exclusive,Direct,False,False,Creation/Unknown,200000,800.0,Auto-Approved,,Yes
A/T,Rework (Of Selling),Exclusive,Direct,False,False,Creation/Unknown,1000000,3600.0,Auto-Approved,,Yes
A/T,Rework (Of Selling),Exclusive,Direct,False,True,Library Only,0,300.0,Auto-Approved,,Yes
A/T,Rework (Of Selling),Exclusive,Direct,False,True,Library Only,1,300.00350000000003,Auto-Approved,,Yes
A/T,Rework (Of Selling),Exclusive,Direct,False,True,Library Only,1000,303.5,Auto-Approved,,Yes
A/T,Rework (Of Selling),Exclusive,Direct,False,True,Library Only,30000,405.0,Auto-Approved,,Yes
A/T,Rework (Of Selling),Exclusive,Direct,False,True,Library Only,35000,422.5,Auto-Approved,,Yes
A/T,Rework (Of Selling),Exclusive,Direct,False,True,Library Only,100000,650.0,Auto-Approved,,Yes
A/T,Rework (Of Selling),Exclusive,Direct,False,True,Library Only,115000,702.5,Auto-Approved,,Yes
A/T,Rework (Of Selling),Exclusive,Direct,False,True,Library Only,200000,1000.0,Auto-Approved,,Yes
A/T,Rework (Of Selling),Exclusive,Direct,False,True,Library Only,1000000,3800.0,Auto-Approved,,Yes
A/T,Rework (Of Selling),Exclusive,Direct,False,True,Starting Point,0,265.0,Auto-Approved,,Yes
A/T,Rework (Of Selling),Exclusive,Direct,False,True,Starting Point,1,265.00350000000003,Auto-Approved,,Yes
A/T,Rework (Of Selling),Exclusive,Direct,False,True,Starting Point,1000,268.5,Auto-Approved,,Yes
A/T,Rework (Of Selling),Exclusive,Direct,False,True,Starting Point,30000,370.0,Auto-Approved,,Yes
A/T,Rework (Of Selling),Exclusive,Direct,False,True,Starting Point,35000,387.5,Auto-Approved,,Yes
A/T,Rework (Of Selling),Exclusive,Direct,False,True,Starting Point,100000,615.0,Auto-Approved,,Yes
A/T,Rework (Of Selling),Exclusive,Direct,False,True,Starting Point,115000,667.5,Auto-Approved,,Yes
A/T,Rework (Of Selling),Exclusive,Direct,False,True,Starting Point,200000,965.0,Auto-Approved,,Yes
A/T,Rework (Of Selling),Exclusive,Direct,False,True,Starting Point,1000000,3765.0,Auto-Approved,,Yes
A/T,Rework (Of Selling),Exclusive,Direct,False,True,Creation/Unknown,0,200.0,Auto-Approved,,Yes
A/T,Rework (Of Selling),Exclusive,Direct,False,True,Creation/Unknown,1,200.0035,Auto-Approved,,Yes
A/T,Rework (Of Selling),Exclusive,Direct,False,True,Creation/Unknown,1000,203.5,Auto-Approved,,Yes
A/T,Rework (Of Selling),Exclusive,Direct,False,True,Creation/Unknown,30000,305.0,Auto-Approved,,Yes
A/T,Rework (Of Selling),Exclusive,Direct,False,True,Creation/Unknown,35000,322.5,Auto-Approved,,Yes
A/T,Rework (Of Selling),Exclusive,Direct,False,True,Creation/Unknown,100000,550.0,Auto-Approved,,Yes
A/T,Rework (Of Selling),Exclusive,Direct,False,True,Creation/Unknown,115000,602.5,Auto-Approved,,Yes
A/T,Rework (Of Selling),Exclusive,Direct,False,True,Creation/Unknown,200000,900.0,Auto-Approved,,Yes
A/T,Rework (Of Selling),Exclusive,Direct,False,True,Creation/Unknown,1000000,3700.0,Auto-Approved,,Yes
A/T,Rework (Of Selling),Exclusive,Direct,True,False,Library Only,0,200.0,Auto-Approved,,Yes
A/T,Rework (Of Selling),Exclusive,Direct,True,False,Library Only,1,200.0035,Auto-Approved,,Yes
A/T,Rework (Of Selling),Exclusive,Direct,True,False,Library Only,1000,203.5,Auto-Approved,,Yes
A/T,Rework (Of Selling),Exclusive,Direct,True,False,Library Only,30000,305.0,Auto-Approved,,Yes
A/T,Rework (Of Selling),Exclusive,Direct,True,False,Library Only,35000,322.5,Auto-Approved,,Yes
A/T,Rework (Of Selling),Exclusive,Direct,True,False,Library Only,100000,550.0,Auto-Approved,,Yes
A/T,Rework (Of Selling),Exclusive,Direct,True,False,Library Only,115000,602.5,Auto-Approved,,Yes
A/T,Rework (Of Selling),Exclusive,Direct,True,False,Library Only,200000,900.0,Auto-Approved,,Yes
A/T,Rework (Of Selling),Exclusive,Direct,True,False,Library Only,1000000,3700.0,Auto-Approved,,Yes
A/T,Rework (Of Selling),Exclusive,Direct,True,False,Starting Point,0,165.0,Auto-Approved,,Yes
A/T,Rework (Of Selling),Exclusive,Direct,True,False,Starting Point,1,165.0035,Auto-Approved,,Yes
A/T,Rework (Of Selling),Exclusive,Direct,True,False,Starting Point,1000,168.5,Auto-Approved,,Yes
A/T,Rework (Of Selling),Exclusive,Direct,True,False,Starting Point,30000,270.0,Auto-Approved,,Yes
A/T,Rework (Of Selling),Exclusive,Direct,True,False,Starting Point,35000,287.5,Auto-Approved,,Yes
A/T,Rework (Of Selling),Exclusive,Direct,True,False,Starting Point,100000,515.0,Auto-Approved,,Yes
A/T,Rework (Of Selling),Exclusive,Direct,True,False,Starting Point,115000,567.5,Auto-Approved,,Yes
A/T,Rework (Of Selling),Exclusive,Direct,True,False,Starting Point,200000,865.0,Auto-Approved,,Yes
A/T,Rework (Of Selling),Exclusive,Direct,True,False,Starting Point,1000000,3665.0,Auto-Approved,,Yes
A/T,Rework (Of Selling),Exclusive,Direct,True,False,Creation/Unknown,0,100.0,Auto-Approved,,Yes
A/T,Rework (Of Selling),Exclusive,Direct,True,False,Creation/Unknown,1,100.0035,Auto-Approved,,Yes
A/T,Rework (Of Selling),Exclusive,Direct,True,False,Creation/Unknown,1000,103.5,Auto-Approved,,Yes
A/T,Rework (Of Selling),Exclusive,Direct,True,False,Creation/Unknown,30000,205.0,Auto-Approved,,Yes
A/T,Rework (Of Selling),Exclusive,Direct,True,False,Creation/Unknown,35000,222.5,Auto-Approved,,Yes
A/T,Rework (Of Selling),Exclusive,Direct,True,False,Creation/Unknown,100000,450.0,Auto-Approved,,Yes
A/T,Rework (Of Selling),Exclusive,Direct,True,False,Creation/Unknown,115000,502.5,Auto-Approved,,Yes
A/T,Rework (Of Selling),Exclusive,Direct,True,False,Creation/Unknown,200000,800.0,Auto-Approved,,Yes
A/T,Rework (Of Selling),Exclusive,Direct,True,False,Creation/Unknown,1000000,3600.0,Auto-Approved,,Yes
A/T,Rework (Of Selling),Exclusive,Direct,True,True,Library Only,0,300.0,Auto-Approved,,Yes
A/T,Rework (Of Selling),Exclusive,Direct,True,True,Library Only,1,300.00350000000003,Auto-Approved,,Yes
A/T,Rework (Of Selling),Exclusive,Direct,True,True,Library Only,1000,303.5,Auto-Approved,,Yes
A/T,Rework (Of Selling),Exclusive,Direct,True,True,Library Only,30000,405.0,Auto-Approved,,Yes
A/T,Rework (Of Selling),Exclusive,Direct,True,True,Library Only,35000,422.5,Auto-Approved,,Yes
A/T,Rework (Of Selling),Exclusive,Direct,True,True,Library Only,100000,650.0,Auto-Approved,,Yes
A/T,Rework (Of Selling),Exclusive,Direct,True,True,Library Only,115000,702.5,Auto-Approved,,Yes
A/T,Rework (Of Selling),Exclusive,Direct,True,True,Library Only,200000,1000.0,Auto-Approved,,Yes
A/T,Rework (Of Selling),Exclusive,Direct,True,True,Library Only,1000000,3800.0,Auto-Approved,,Yes
A/T,Rework (Of Selling),Exclusive,Direct,True,True,Starting Point,0,265.0,Auto-Approved,,Yes
A/T,Rework (Of Selling),Exclusive,Direct,True,True,Starting Point,1,265.00350000000003,Auto-Approved,,Yes
A/T,Rework (Of Selling),Exclusive,Direct,True,True,Starting Point,1000,268.5,Auto-Approved,,Yes
A/T,Rework (Of Selling),Exclusive,Direct,True,True,Starting Point,30000,370.0,Auto-Approved,,Yes
A/T,Rework (Of Selling),Exclusive,Direct,True,True,Starting Point,35000,387.5,Auto-Approved,,Yes
A/T,Rework (Of Selling),Exclusive,Direct,True,True,Starting Point,100000,615.0,Auto-Approved,,Yes
A/T,Rework (Of Selling),Exclusive,Direct,True,True,Starting Point,115000,667.5,Auto-Approved,,Yes
A/T,Rework (Of Selling),Exclusive,Direct,True,True,Starting Point,200000,965.0,Auto-Approved,,Yes
A/T,Rework (Of Selling),Exclusive,Direct,True,True,Starting Point,1000000,3765.0,Auto-Approved,,Yes
A/T,Rework (Of Selling),Exclusive,Direct,True,True,Creation/Unknown,0,200.0,Auto-Approved,,Yes
A/T,Rework (Of Selling),Exclusive,Direct,True,True,Creation/Unknown,1,200.0035,Auto-Approved,,Yes
A/T,Rework (Of Selling),Exclusive,Direct,True,True,Creation/Unknown,1000,203.5,Auto-Approved,,Yes
A/T,Rework (Of Selling),Exclusive,Direct,True,True,Creation/Unknown,30000,305.0,Auto-Approved,,Yes
A/T,Rework (Of Selling),Exclusive,Direct,True,True,Creation/Unknown,35000,322.5,Auto-Approved,,Yes
A/T,Rework (Of Selling),Exclusive,Direct,True,True,Creation/Unknown,100000,550.0,Auto-Approved,,Yes
A/T,Rework (Of Selling),Exclusive,Direct,True,True,Creation/Unknown,115000,602.5,Auto-Approved,,Yes
A/T,Rework (Of Selling),Exclusive,Direct,True,True,Creation/Unknown,200000,900.0,Auto-Approved,,Yes
A/T,Rework (Of Selling),Exclusive,Direct,True,True,Creation/Unknown,1000000,3700.0,Auto-Approved,,Yes
A/T,Rework (Of Selling),Exclusive,Deferred/Unknown,False,False,Library Only,0,200.0,Auto-Approved,,Yes
A/T,Rework (Of Selling),Exclusive,Deferred/Unknown,False,False,Library Only,1,200.003,Auto-Approved,,Yes
A/T,Rework (Of Selling),Exclusive,Deferred/Unknown,False,False,Library Only,1000,203.0,Auto-Approved,,Yes
A/T,Rework (Of Selling),Exclusive,Deferred/Unknown,False,False,Library Only,30000,290.0,Auto-Approved,,Yes
A/T,Rework (Of Selling),Exclusive,Deferred/Unknown,False,False,Library Only,35000,305.0,Auto-Approved,,Yes
A/T,Rework (Of Selling),Exclusive,Deferred/Unknown,False,False,Library Only,100000,500.0,Auto-Approved,,Yes
A/T,Rework (Of Selling),Exclusive,Deferred/Unknown,False,False,Library Only,115000,545.0,Auto-Approved,,Yes
A/T,Rework (Of Selling),Exclusive,Deferred/Unknown,False,False,Library Only,200000,800.0,Auto-Approved,,Yes
A/T,Rework (Of Selling),Exclusive,Deferred/Unknown,False,False,Library Only,1000000,3200.0,Auto-Approved,,Yes
A/T,Rework (Of Selling),Exclusive,Deferred/Unknown,False,False,Starting Point,0,165.0,Auto-Approved,,Yes
A/T,Rework (Of Selling),Exclusive,Deferred/Unknown,False,False,Starting Point,1,165.003,Auto-Approved,,Yes
A/T,Rework (Of Selling),Exclusive,Deferred/Unknown,False,False,Starting Point,1000,168.0,Auto-Approved,,Yes
A/T,Rework (Of Selling),Exclusive,Deferred/Unknown,False,False,Starting Point,30000,255.0,Auto-Approved,,Yes
A/T,Rework (Of Selling),Exclusive,Deferred/Unknown,False,False,Starting Point,35000,270.0,Auto-Approved,,Yes
A/T,Rework (Of Selling),Exclusive,Deferred/Unknown,False,False,Starting Point,100000,465.0,Auto-Approved,,Yes
A/T,Rework (Of Selling),Exclusive,Deferred/Unknown,False,False,Starting Point,115000,510.0,Auto-Approved,,Yes
A/T,Rework (Of Selling),Exclusive,Deferred/Unknown,False,False,Starting Point,200000,765.0,Auto-Approved,,Yes
A/T,Rework (Of Selling),Exclusive,Deferred/Unknown,False,False,Starting Point,1000000,3165.0,Auto-Approved,,Yes
A/T,Rework (Of Selling),Exclusive,Deferred/Unknown,False,False,Creation/Unknown,0,100.0,Auto-Approved,,Yes
A/T,Rework (Of Selling),Exclusive,Deferred/Unknown,False,False,Creation/Unknown,1,100.003,Auto-Approved,,Yes
A/T,Rework (Of Selling),Exclusive,Deferred/Unknown,False,False,Creation/Unknown,1000,103.0,Auto-Approved,,Yes
A/T,Rework (Of Selling),Exclusive,Deferred/Unknown,False,False,Creation/Unknown,30000,190.0,Auto-Approved,,Yes
A/T,Rework (Of Selling),Exclusive,Deferred/Unknown,False,False,Creation/Unknown,35000,205.0,Auto-Approved,,Yes
A/T,Rework (Of Selling),Exclusive,Deferred/Unknown,False,False,Creation/Unknown,100000,400.0,Auto-Approved,,Yes
A/T,Rework (Of Selling),Exclusive,Deferred/Unknown,False,False,Creation/Unknown,115000,445.0,Auto-Approved,,Yes
A/T,Rework (Of Selling),Exclusive,Deferred/Unknown,False,False,Creation/Unknown,200000,700.0,Auto-Approved,,Yes
A/T,Rework (Of Selling),Exclusive,Deferred/Unknown,False,False,Creation/Unknown,1000000,3100.0,Auto-Approved,,Yes
A/T,Rework (Of Selling),Exclusive,Deferred/Unknown,False,True,Library Only,0,300.0,Auto-Approved,,Yes
A/T,Rework (Of Selling),Exclusive,Deferred/Unknown,False,True,Library Only,1,300.003,Auto-Approved,,Yes
A/T,Rework (Of Selling),Exclusive,Deferred/Unknown,False,True,Library Only,1000,303.0,Auto-Approved,,Yes
A/T,Rework (Of Selling),Exclusive,Deferred/Unknown,False,True,Library Only,30000,390.0,Auto-Approved,,Yes
A/T,Rework (Of Selling),Exclusive,Deferred/Unknown,False,True,Library Only,35000,405.0,Auto-Approved,,Yes
A/T,Rework (Of Selling),Exclusive,Deferred/Unknown,False,True,Library Only,100000,600.0,Auto-Approved,,Yes
A/T,Rework (Of Selling),Exclusive,Deferred/Unknown,False,True,Library Only,115000,645.0,Auto-Approved,,Yes
A/T,Rework (Of Selling),Exclusive,Deferred/Unknown,False,True,Library Only,200000,900.0,Auto-Approved,,Yes
A/T,Rework (Of Selling),Exclusive,Deferred/Unknown,False,True,Library Only,1000000,3300.0,Auto-Approved,,Yes
A/T,Rework (Of Selling),Exclusive,Deferred/Unknown,False,True,Starting Point,0,265.0,Auto-Approved,,Yes
A/T,Rework (Of Selling),Exclusive,Deferred/Unknown,False,True,Starting Point,1,265.003,Auto-Approved,,Yes
A/T,Rework (Of Selling),Exclusive,Deferred/Unknown,False,True,Starting Point,1000,268.0,Auto-Approved,,Yes
A/T,Rework (Of Selling),Exclusive,Deferred/Unknown,False,True,Starting Point,30000,355.0,Auto-Approved,,Yes
A/T,Rework (Of Selling),Exclusive,Deferred/Unknown,False,True,Starting Point,35000,370.0,Auto-Approved,,Yes
A/T,Rework (Of Selling),Exclusive,Deferred/Unknown,False,True,Starting Point,100000,565.0,Auto-Approved,,Yes
A/T,Rework (Of Selling),Exclusive,Deferred/Unknown,False,True,Starting Point,115000,610.0,Auto-Approved,,Yes
A/T,Rework (Of Selling),Exclusive,Deferred/Unknown,False,True,Starting Point,200000,865.0,Auto-Approved,,Yes
A/T,Rework (Of Selling),Exclusive,Deferred/Unknown,False,True,Starting Point,1000000,3265.0,Auto-Approved,,Yes
A/T,Rework (Of Selling),Exclusive,Deferred/Unknown,False,True,Creation/Unknown,0,200.0,Auto-Approved,,Yes
A/T,Rework (Of Selling),Exclusive,Deferred/Unknown,False,True,Creation/Unknown,1,200.003,Auto-Approved,,Yes
A/T,Rework (Of Selling),Exclusive,Deferred/Unknown,False,True,Creation/Unknown,1000,203.0,Auto-Approved,,Yes
A/T,Rework (Of Selling),Exclusive,Deferred/Unknown,False,True,Creation/Unknown,30000,290.0,Auto-Approved,,Yes
A/T,Rework (Of Selling),Exclusive,Deferred/Unknown,False,True,Creation/Unknown,35000,305.0,Auto-Approved,,Yes
A/T,Rework (Of Selling),Exclusive,Deferred/Unknown,False,True,Creation/Unknown,100000,500.0,Auto-Approved,,Yes
A/T,Rework (Of Selling),Exclusive,Deferred/Unknown,False,True,Creation/Unknown,115000,545.0,Auto-Approved,,Yes
A/T,Rework (Of Selling),Exclusive,Deferred/Unknown,False,True,Creation/Unknown,200000,800.0,Auto-Approved,,Yes
A/T,Rework (Of Selling),Exclusive,Deferred/Unknown,False,True,Creation/Unknown,1000000,3200.0,Auto-Approved,,Yes
A/T,Rework (Of Selling),Exclusive,Deferred/Unknown,True,False,Library Only,0,200.0,Auto-Approved,,Yes
A/T,Rework (Of Selling),Exclusive,Deferred/Unknown,True,False,Library Only,1,200.003,Auto-Approved,,Yes
A/T,Rework (Of Selling),Exclusive,Deferred/Unknown,True,False,Library Only,1000,203.0,Auto-Approved,,Yes
A/T,Rework (Of Selling),Exclusive,Deferred/Unknown,True,False,Library Only,30000,290.0,Auto-Approved,,Yes
A/T,Rework (Of Selling),Exclusive,Deferred/Unknown,True,False,Library Only,35000,305.0,Auto-Approved,,Yes
A/T,Rework (Of Selling),Exclusive,Deferred/Unknown,True,False,Library Only,100000,500.0,Auto-Approved,,Yes
A/T,Rework (Of Selling),Exclusive,Deferred/Unknown,True,False,Library Only,115000,545.0,Auto-Approved,,Yes
A/T,Rework (Of Selling),Exclusive,Deferred/Unknown,True,False,Library Only,200000,800.0,Auto-Approved,,Yes
A/T,Rework (Of Selling),Exclusive,Deferred/Unknown,True,False,Library Only,1000000,3200.0,Auto-Approved,,Yes
A/T,Rework (Of Selling),Exclusive,Deferred/Unknown,True,False,Starting Point,0,165.0,Auto-Approved,,Yes
A/T,Rework (Of Selling),Exclusive,Deferred/Unknown,True,False,Starting Point,1,165.003,Auto-Approved,,Yes
A/T,Rework (Of Selling),Exclusive,Deferred/Unknown,True,False,Starting Point,1000,168.0,Auto-Approved,,Yes
A/T,Rework (Of Selling),Exclusive,Deferred/Unknown,True,False,Starting Point,30000,255.0,Auto-Approved,,Yes
A/T,Rework (Of Selling),Exclusive,Deferred/Unknown,True,False,Starting Point,35000,270.0,Auto-Approved,,Yes
A/T,Rework (Of Selling),Exclusive,Deferred/Unknown,True,False,Starting Point,100000,465.0,Auto-Approved,,Yes
A/T,Rework (Of Selling),Exclusive,Deferred/Unknown,True,False,Starting Point,115000,510.0,Auto-Approved,,Yes
A/T,Rework (Of Selling),Exclusive,Deferred/Unknown,True,False,Starting Point,200000,765.0,Auto-Approved,,Yes
A/T,Rework (Of Selling),Exclusive,Deferred/Unknown,True,False,Starting Point,1000000,3165.0,Auto-Approved,,Yes
A/T,Rework (Of Selling),Exclusive,Deferred/Unknown,True,False,Creation/Unknown,0,100.0,Auto-Approved,,Yes
A/T,Rework (Of Selling),Exclusive,Deferred/Unknown,True,False,Creation/Unknown,1,100.003,Auto-Approved,,Yes
A/T,Rework (Of Selling),Exclusive,Deferred/Unknown,True,False,Creation/Unknown,1000,103.0,Auto-Approved,,Yes
A/T,Rework (Of Selling),Exclusive,Deferred/Unknown,True,False,Creation/Unknown,30000,190.0,Auto-Approved,,Yes
A/T,Rework (Of Selling),Exclusive,Deferred/Unknown,True,False,Creation/Unknown,35000,205.0,Auto-Approved,,Yes
A/T,Rework (Of Selling),Exclusive,Deferred/Unknown,True,False,Creation/Unknown,100000,400.0,Auto-Approved,,Yes
A/T,Rework (Of Selling),Exclusive,Deferred/Unknown,True,False,Creation/Unknown,115000,445.0,Auto-Approved,,Yes
A/T,Rework (Of Selling),Exclusive,Deferred/Unknown,True,False,Creation/Unknown,200000,700.0,Auto-Approved,,Yes
A/T,Rework (Of Selling),Exclusive,Deferred/Unknown,True,False,Creation/Unknown,1000000,3100.0,Auto-Approved,,Yes
A/T,Rework (Of Selling),Exclusive,Deferred/Unknown,True,True,Library Only,0,300.0,Auto-Approved,,Yes
A/T,Rework (Of Selling),Exclusive,Deferred/Unknown,True,True,Library Only,1,300.003,Auto-Approved,,Yes
A/T,Rework (Of Selling),Exclusive,Deferred/Unknown,True,True,Library Only,1000,303.0,Auto-Approved,,Yes
A/T,Rework (Of Selling),Exclusive,Deferred/Unknown,True,True,Library Only,30000,390.0,Auto-Approved,,Yes
A/T,Rework (Of Selling),Exclusive,Deferred/Unknown,True,True,Library Only,35000,405.0,Auto-Approved,,Yes
A/T,Rework (Of Selling),Exclusive,Deferred/Unknown,True,True,Library Only,100000,600.0,Auto-Approved,,Yes
A/T,Rework (Of Selling),Exclusive,Deferred/Unknown,True,True,Library Only,115000,645.0,Auto-Approved,,Yes
A/T,Rework (Of Selling),Exclusive,Deferred/Unknown,True,True,Library Only,200000,900.0,Auto-Approved,,Yes
A/T,Rework (Of Selling),Exclusive,Deferred/Unknown,True,True,Library Only,1000000,3300.0,Auto-Approved,,Yes
A/T,Rework (Of Selling),Exclusive,Deferred/Unknown,True,True,Starting Point,0,265.0,Auto-Approved,,Yes
A/T,Rework (Of Selling),Exclusive,Deferred/Unknown,True,True,Starting Point,1,265.003,Auto-Approved,,Yes
A/T,Rework (Of Selling),Exclusive,Deferred/Unknown,True,True,Starting Point,1000,268.0,Auto-Approved,,Yes
A/T,Rework (Of Selling),Exclusive,Deferred/Unknown,True,True,Starting Point,30000,355.0,Auto-Approved,,Yes
A/T,Rework (Of Selling),Exclusive,Deferred/Unknown,True,True,Starting Point,35000,370.0,Auto-Approved,,Yes
A/T,Rework (Of Selling),Exclusive,Deferred/Unknown,True,True,Starting Point,100000,565.0,Auto-Approved,,Yes
A/T,Rework (Of Selling),Exclusive,Deferred/Unknown,True,True,Starting Point,115000,610.0,Auto-Approved,,Yes
A/T,Rework (Of Selling),Exclusive,Deferred/Unknown,True,True,Starting Point,200000,865.0,Auto-Approved,,Yes
A/T,Rework (Of Selling),Exclusive,Deferred/Unknown,True,True,Starting Point,1000000,3265.0,Auto-Approved,,Yes
A/T,Rework (Of Selling),Exclusive,Deferred/Unknown,True,True,Creation/Unknown,0,200.0,Auto-Approved,,Yes
A/T,Rework (Of Selling),Exclusive,Deferred/Unknown,True,True,Creation/Unknown,1,200.003,Auto-Approved,,Yes
A/T,Rework (Of Selling),Exclusive,Deferred/Unknown,True,True,Creation/Unknown,1000,203.0,Auto-Approved,,Yes
A/T,Rework (Of Selling),Exclusive,Deferred/Unknown,True,True,Creation/Unknown,30000,290.0,Auto-Approved,,Yes
A/T,Rework (Of Selling),Exclusive,Deferred/Unknown,True,True,Creation/Unknown,35000,305.0,Auto-Approved,,Yes
A/T,Rework (Of Selling),Exclusive,Deferred/Unknown,True,True,Creation/Unknown,100000,500.0,Auto-Approved,,Yes
A/T,Rework (Of Selling),Exclusive,Deferred/Unknown,True,True,Creation/Unknown,115000,545.0,Auto-Approved,,Yes
A/T,Rework (Of Selling),Exclusive,Deferred/Unknown,True,True,Creation/Unknown,200000,800.0,Auto-Approved,,Yes
A/T,Rework (Of Selling),Exclusive,Deferred/Unknown,True,True,Creation/Unknown,1000000,3200.0,Auto-Approved,,Yes
A/T,Rework (Of Selling),Competitive,Direct,False,False,Library Only,0,200.0,Auto-Approved,,Yes
A/T,Rework (Of Selling),Competitive,Direct,False,False,Library Only,1,200.0025,Auto-Approved,,Yes
A/T,Rework (Of Selling),Competitive,Direct,False,False,Library Only,1000,202.5,Auto-Approved,,Yes
A/T,Rework (Of Selling),Competitive,Direct,False,False,Library Only,30000,275.0,Auto-Approved,,Yes
A/T,Rework (Of Selling),Competitive,Direct,False,False,Library Only,35000,287.5,Auto-Approved,,Yes
A/T,Rework (Of Selling),Competitive,Direct,False,False,Library Only,100000,450.0,Auto-Approved,,Yes
A/T,Rework (Of Selling),Competitive,Direct,False,False,Library Only,115000,487.5,Auto-Approved,,Yes
A/T,Rework (Of Selling),Competitive,Direct,False,False,Library Only,200000,700.0,Auto-Approved,,Yes
A/T,Rework (Of Selling),Competitive,Direct,False,False,Library Only,1000000,2700.0,Auto-Approved,,Yes
A/T,Rework (Of Selling),Competitive,Direct,False,False,Starting Point,0,165.0,Auto-Approved,,Yes
A/T,Rework (Of Selling),Competitive,Direct,False,False,Starting Point,1,165.0025,Auto-Approved,,Yes
A/T,Rework (Of Selling),Competitive,Direct,False,False,Starting Point,1000,167.5,Auto-Approved,,Yes
A/T,Rework (Of Selling),Competitive,Direct,False,False,Starting Point,30000,240.0,Auto-Approved,,Yes
A/T,Rework (Of Selling),Competitive,Direct,False,False,Starting Point,35000,252.5,Auto-Approved,,Yes
A/T,Rework (Of Selling),Competitive,Direct,False,False,Starting Point,100000,415.0,Auto-Approved,,Yes
A/T,Rework (Of Selling),Competitive,Direct,False,False,Starting Point,115000,452.5,Auto-Approved,,Yes
A/T,Rework (Of Selling),Competitive,Direct,False,False,Starting Point,200000,665.0,Auto-Approved,,Yes
A/T,Rework (Of Selling),Competitive,Direct,False,False,Starting Point,1000000,2665.0,Auto-Approved,,Yes
A/T,Rework (Of Selling),Competitive,Direct,False,False,Creation/Unknown,0,100.0,Auto-Approved,,Yes
A/T,Rework (Of Selling),Competitive,Direct,False,False,Creation/Unknown,1,100.0025,Auto-Approved,,Yes
A/T,Rework (Of Selling),Competitive,Direct,False,False,Creation/Unknown,1000,102.5,Auto-Approved,,Yes
A/T,Rework (Of Selling),Competitive,Direct,False,False,Creation/Unknown,30000,175.0,Auto-Approved,,Yes
A/T,Rework (Of Selling),Competitive,Direct,False,False,Creation/Unknown,35000,187.5,Auto-Approved,,Yes
A/T,Rework (Of Selling),Competitive,Direct,False,False,Creation/Unknown,100000,350.0,Auto-Approved,,Yes
A/T,Rework (Of Selling),Competitive,Direct,False,False,Creation/Unknown,115000,387.5,Auto-Approved,,Yes
A/T,Rework (Of Selling),Competitive,Direct,False,False,Creation/Unknown,200000,600.0,Auto-Approved,,Yes
A/T,Rework (Of Selling),Competitive,Direct,False,False,Creation/Unknown,1000000,2600.0,Auto-Approved,,Yes
A/T,Rework (Of Selling),Competitive,Direct,False,True,Library Only,0,300.0,Auto-Approved,,Yes
A/T,Rework (Of Selling),Competitive,Direct,False,True,Library Only,1,300.0025,Auto-Approved,,Yes
A/T,Rework (Of Selling),Competitive,Direct,False,True,Library Only,1000,302.5,Auto-Approved,,Yes
A/T,Rework (Of Selling),Competitive,Direct,False,True,Library Only,30000,375.0,Auto-Approved,,Yes
A/T,Rework (Of Selling),Competitive,Direct,False,True,Library Only,35000,387.5,Auto-Approved,,Yes
A/T,Rework (Of Selling),Competitive,Direct,False,True,Library Only,100000,550.0,Auto-Approved,,Yes
A/T,Rework (Of Selling),Competitive,Direct,False,True,Library Only,115000,587.5,Auto-Approved,,Yes
A/T,Rework (Of Selling),Competitive,Direct,False,True,Library Only,200000,800.0,Auto-Approved,,Yes
A/T,Rework (Of Selling),Competitive,Direct,False,True,Library Only,1000000,2800.0,Auto-Approved,,Yes
A/T,Rework (Of Selling),Competitive,Direct,False,True,Starting Point,0,265.0,Auto-Approved,,Yes
A/T,Rework (Of Selling),Competitive,Direct,False,True,Starting Point,1,265.0025,Auto-Approved,,Yes
A/T,Rework (Of Selling),Competitive,Direct,False,True,Starting Point,1000,267.5,Auto-Approved,,Yes
A/T,Rework (Of Selling),Competitive,Direct,False,True,Starting Point,30000,340.0,Auto-Approved,,Yes
A/T,Rework (Of Selling),Competitive,Direct,False,True,Starting Point,35000,352.5,Auto-Approved,,Yes
A/T,Rework (Of Selling),Competitive,Direct,False,True,Starting Point,100000,515.0,Auto-Approved,,Yes
A/T,Rework (Of Selling),Competitive,Direct,False,True,Starting Point,115000,552.5,Auto-Approved,,Yes
A/T,Rework (Of Selling),Competitive,Direct,False,True,Starting Point,200000,765.0,Auto-Approved,,Yes
A/T,Rework (Of Selling),Competitive,Direct,False,True,Starting Point,1000000,2765.0,Auto-Approved,,Yes
A/T,Rework (Of Selling),Competitive,Direct,False,True,Creation/Unknown,0,200.0,Auto-Approved,,Yes
A/T,Rework (Of Selling),Competitive,Direct,False,True,Creation/Unknown,1,200.0025,Auto-Approved,,Yes
A/T,Rework (Of Selling),Competitive,Direct,False,True,Creation/Unknown,1000,202.5,Auto-Approved,,Yes
A/T,Rework (Of Selling),Competitive,Direct,False,True,Creation/Unknown,30000,275.0,Auto-Approved,,Yes
A/T,Rework (Of Selling),Competitive,Direct,False,True,Creation/Unknown,35000,287.5,Auto-Approved,,Yes
A/T,Rework (Of Selling),Competitive,Direct,False,True,Creation/Unknown,100000,450.0,Auto-Approved,,Yes
A/T,Rework (Of Selling),Competitive,Direct,False,True,Creation/Unknown,115000,487.5,Auto-Approved,,Yes
A/T,Rework (Of Selling),Competitive,Direct,False,True,Creation/Unknown,200000,700.0,Auto-Approved,,Yes
A/T,Rework (Of Selling),Competitive,Direct,False,True,Creation/Unknown,1000000,2700.0,Auto-Approved,,Yes
A/T,Rework (Of Selling),Competitive,Direct,True,False,Library Only,0,200.0,Auto-Approved,,Yes
A/T,Rework (Of Selling),Competitive,Direct,True,False,Library Only,1,200.0025,Auto-Approved,,Yes
A/T,Rework (Of Selling),Competitive,Direct,True,False,Library Only,1000,202.5,Auto-Approved,,Yes
A/T,Rework (Of Selling),Competitive,Direct,True,False,Library Only,30000,275.0,Auto-Approved,,Yes
A/T,Rework (Of Selling),Competitive,Direct,True,False,Library Only,35000,287.5,Auto-Approved,,Yes
A/T,Rework (Of Selling),Competitive,Direct,True,False,Library Only,100000,450.0,Auto-Approved,,Yes
A/T,Rework (Of Selling),Competitive,Direct,True,False,Library Only,115000,487.5,Auto-Approved,,Yes
A/T,Rework (Of Selling),Competitive,Direct,True,False,Library Only,200000,700.0,Auto-Approved,,Yes
A/T,Rework (Of Selling),Competitive,Direct,True,False,Library Only,1000000,2700.0,Auto-Approved,,Yes
A/T,Rework (Of Selling),Competitive,Direct,True,False,Starting Point,0,165.0,Auto-Approved,,Yes
A/T,Rework (Of Selling),Competitive,Direct,True,False,Starting Point,1,165.0025,Auto-Approved,,Yes
A/T,Rework (Of Selling),Competitive,Direct,True,False,Starting Point,1000,167.5,Auto-Approved,,Yes
A/T,Rework (Of Selling),Competitive,Direct,True,False,Starting Point,30000,240.0,Auto-Approved,,Yes
A/T,Rework (Of Selling),Competitive,Direct,True,False,Starting Point,35000,252.5,Auto-Approved,,Yes
A/T,Rework (Of Selling),Competitive,Direct,True,False,Starting Point,100000,415.0,Auto-Approved,,Yes
A/T,Rework (Of Selling),Competitive,Direct,True,False,Starting Point,115000,452.5,Auto-Approved,,Yes
A/T,Rework (Of Selling),Competitive,Direct,True,False,Starting Point,200000,665.0,Auto-Approved,,Yes
A/T,Rework (Of Selling),Competitive,Direct,True,False,Starting Point,1000000,2665.0,Auto-Approved,,Yes
A/T,Rework (Of Selling),Competitive,Direct,True,False,Creation/Unknown,0,100.0,Auto-Approved,,Yes
A/T,Rework (Of Selling),Competitive,Direct,True,False,Creation/Unknown,1,100.0025,Auto-Approved,,Yes
A/T,Rework (Of Selling),Competitive,Direct,True,False,Creation/Unknown,1000,102.5,Auto-Approved,,Yes
A/T,Rework (Of Selling),Competitive,Direct,True,False,Creation/Unknown,30000,175.0,Auto-Approved,,Yes
A/T,Rework (Of Selling),Competitive,Direct,True,False,Creation/Unknown,35000,187.5,Auto-Approved,,Yes
A/T,Rework (Of Selling),Competitive,Direct,True,False,Creation/Unknown,100000,350.0,Auto-Approved,,Yes
A/T,Rework (Of Selling),Competitive,Direct,True,False,Creation/Unknown,115000,387.5,Auto-Approved,,Yes
A/T,Rework (Of Selling),Competitive,Direct,True,False,Creation/Unknown,200000,600.0,Auto-Approved,,Yes
A/T,Rework (Of Selling),Competitive,Direct,True,False,Creation/Unknown,1000000,2600.0,Auto-Approved,,Yes
A/T,Rework (Of Selling),Competitive,Direct,True,True,Library Only,0,300.0,Auto-Approved,,Yes
A/T,Rework (Of Selling),Competitive,Direct,True,True,Library Only,1,300.0025,Auto-Approved,,Yes
A/T,Rework (Of Selling),Competitive,Direct,True,True,Library Only,1000,302.5,Auto-Approved,,Yes
A/T,Rework (Of Selling),Competitive,Direct,True,True,Library Only,30000,375.0,Auto-Approved,,Yes
A/T,Rework (Of Selling),Competitive,Direct,True,True,Library Only,35000,387.5,Auto-Approved,,Yes
A/T,Rework (Of Selling),Competitive,Direct,True,True,Library Only,100000,550.0,Auto-Approved,,Yes
A/T,Rework (Of Selling),Competitive,Direct,True,True,Library Only,115000,587.5,Auto-Approved,,Yes
A/T,Rework (Of Selling),Competitive,Direct,True,True,Library Only,200000,800.0,Auto-Approved,,Yes
A/T,Rework (Of Selling),Competitive,Direct,True,True,Library Only,1000000,2800.0,Auto-Approved,,Yes
A/T,Rework (Of Selling),Competitive,Direct,True,True,Starting Point,0,265.0,Auto-Approved,,Yes
A/T,Rework (Of Selling),Competitive,Direct,True,True,Starting Point,1,265.0025,Auto-Approved,,Yes
A/T,Rework (Of Selling),Competitive,Direct,True,True,Starting Point,1000,267.5,Auto-Approved,,Yes
A/T,Rework (Of Selling),Competitive,Direct,True,True,Starting Point,30000,340.0,Auto-Approved,,Yes
A/T,Rework (Of Selling),Competitive,Direct,True,True,Starting Point,35000,352.5,Auto-Approved,,Yes
A/T,Rework (Of Selling),Competitive,Direct,True,True,Starting Point,100000,515.0,Auto-Approved,,Yes
A/T,Rework (Of Selling),Competitive,Direct,True,True,Starting Point,115000,552.5,Auto-Approved,,Yes
A/T,Rework (Of Selling),Competitive,Direct,True,True,Starting Point,200000,765.0,Auto-Approved,,Yes
A/T,Rework (Of Selling),Competitive,Direct,True,True,Starting Point,1000000,2765.0,Auto-Approved,,Yes
A/T,Rework (Of Selling),Competitive,Direct,True,True,Creation/Unknown,0,200.0,Auto-Approved,,Yes
A/T,Rework (Of Selling),Competitive,Direct,True,True,Creation/Unknown,1,200.0025,Auto-Approved,,Yes
A/T,Rework (Of Selling),Competitive,Direct,True,True,Creation/Unknown,1000,202.5,Auto-Approved,,Yes
A/T,Rework (Of Selling),Competitive,Direct,True,True,Creation/Unknown,30000,275.0,Auto-Approved,,Yes
A/T,Rework (Of Selling),Competitive,Direct,True,True,Creation/Unknown,35000,287.5,Auto-Approved,,Yes
A/T,Rework (Of Selling),Competitive,Direct,True,True,Creation/Unknown,100000,450.0,Auto-Approved,,Yes
A/T,Rework (Of Selling),Competitive,Direct,True,True,Creation/Unknown,115000,487.5,Auto-Approved,,Yes
A/T,Rework (Of Selling),Competitive,Direct,True,True,Creation/Unknown,200000,700.0,Auto-Approved,,Yes
A/T,Rework (Of Selling),Competitive,Direct,True,True,Creation/Unknown,1000000,2700.0,Auto-Approved,,Yes
A/T,Rework (Of Selling),Competitive,Deferred/Unknown,False,False,Library Only,0,200.0,Auto-Approved,,Yes
A/T,Rework (Of Selling),Competitive,Deferred/Unknown,False,False,Library Only,1,200.002,Auto-Approved,,Yes
A/T,Rework (Of Selling),Competitive,Deferred/Unknown,False,False,Library Only,1000,202.0,Auto-Approved,,Yes
A/T,Rework (Of Selling),Competitive,Deferred/Unknown,False,False,Library Only,30000,260.0,Auto-Approved,,Yes
A/T,Rework (Of Selling),Competitive,Deferred/Unknown,False,False,Library Only,35000,270.0,Auto-Approved,,Yes
A/T,Rework (Of Selling),Competitive,Deferred/Unknown,False,False,Library Only,100000,400.0,Auto-Approved,,Yes
A/T,Rework (Of Selling),Competitive,Deferred/Unknown,False,False,Library Only,115000,430.0,Auto-Approved,,Yes
A/T,Rework (Of Selling),Competitive,Deferred/Unknown,False,False,Library Only,200000,600.0,Auto-Approved,,Yes
A/T,Rework (Of Selling),Competitive,Deferred/Unknown,False,False,Library Only,1000000,2200.0,Auto-Approved,,Yes
A/T,Rework (Of Selling),Competitive,Deferred/Unknown,False,False,Starting Point,0,165.0,Auto-Approved,,Yes
A/T,Rework (Of Selling),Competitive,Deferred/Unknown,False,False,Starting Point,1,165.002,Auto-Approved,,Yes
A/T,Rework (Of Selling),Competitive,Deferred/Unknown,False,False,Starting Point,1000,167.0,Auto-Approved,,Yes
A/T,Rework (Of Selling),Competitive,Deferred/Unknown,False,False,Starting Point,30000,225.0,Auto-Approved,,Yes
A/T,Rework (Of Selling),Competitive,Deferred/Unknown,False,False,Starting Point,35000,235.0,Auto-Approved,,Yes
A/T,Rework (Of Selling),Competitive,Deferred/Unknown,False,False,Starting Point,100000,365.0,Auto-Approved,,Yes
A/T,Rework (Of Selling),Competitive,Deferred/Unknown,False,False,Starting Point,115000,395.0,Auto-Approved,,Yes
A/T,Rework (Of Selling),Competitive,Deferred/Unknown,False,False,Starting Point,200000,565.0,Auto-Approved,,Yes
A/T,Rework (Of Selling),Competitive,Deferred/Unknown,False,False,Starting Point,1000000,2165.0,Auto-Approved,,Yes
A/T,Rework (Of Selling),Competitive,Deferred/Unknown,False,False,Creation/Unknown,0,100.0,Auto-Approved,,Yes
A/T,Rework (Of Selling),Competitive,Deferred/Unknown,False,False,Creation/Unknown,1,100.00200000000001,Auto-Approved,,Yes
A/T,Rework (Of Selling),Competitive,Deferred/Unknown,False,False,Creation/Unknown,1000,102.0,Auto-Approved,,Yes
A/T,Rework (Of Selling),Competitive,Deferred/Unknown,False,False,Creation/Unknown,30000,160.0,Auto-Approved,,Yes
A/T,Rework (Of Selling),Competitive,Deferred/Unknown,False,False,Creation/Unknown,35000,170.0,Auto-Approved,,Yes
A/T,Rework (Of Selling),Competitive,Deferred/Unknown,False,False,Creation/Unknown,100000,300.0,Auto-Approved,,Yes
A/T,Rework (Of Selling),Competitive,Deferred/Unknown,False,False,Creation/Unknown,115000,330.0,Auto-Approved,,Yes
A/T,Rework (Of Selling),Competitive,Deferred/Unknown,False,False,Creation/Unknown,200000,500.0,Auto-Approved,,Yes
A/T,Rework (Of Selling),Competitive,Deferred/Unknown,False,False,Creation/Unknown,1000000,2100.0,Auto-Approved,,Yes
A/T,Rework (Of Selling),Competitive,Deferred/Unknown,False,True,Library Only,0,300.0,Auto-Approved,,Yes
A/T,Rework (Of Selling),Competitive,Deferred/Unknown,False,True,Library Only,1,300.002,Auto-Approved,,Yes
A/T,Rework (Of Selling),Competitive,Deferred/Unknown,False,True,Library Only,1000,302.0,Auto-Approved,,Yes
A/T,Rework (Of Selling),Competitive,Deferred/Unknown,False,True,Library Only,30000,360.0,Auto-Approved,,Yes
A/T,Rework (Of Selling),Competitive,Deferred/Unknown,False,True,Library Only,35000,370.0,Auto-Approved,,Yes
A/T,Rework (Of Selling),Competitive,Deferred/Unknown,False,True,Library Only,100000,500.0,Auto-Approved,,Yes
A/T,Rework (Of Selling),Competitive,Deferred/Unknown,False,True,Library Only,115000,530.0,Auto-Approved,,Yes
A/T,Rework (Of Selling),Competitive,Deferred/Unknown,False,True,Library Only,200000,700.0,Auto-Approved,,Yes
A/T,Rework (Of Selling),Competitive,Deferred/Unknown,False,True,Library Only,1000000,2300.0,Auto-Approved,,Yes
A/T,Rework (Of Selling),Competitive,Deferred/Unknown,False,True,Starting Point,0,265.0,Auto-Approved,,Yes
A/T,Rework (Of Selling),Competitive,Deferred/Unknown,False,True,Starting Point,1,265.002,Auto-Approved,,Yes
A/T,Rework (Of Selling),Competitive,Deferred/Unknown,False,True,Starting Point,1000,267.0,Auto-Approved,,Yes
A/T,Rework (Of Selling),Competitive,Deferred/Unknown,False,True,Starting Point,30000,325.0,Auto-Approved,,Yes
A/T,Rework (Of Selling),Competitive,Deferred/Unknown,False,True,Starting Point,35000,335.0,Auto-Approved,,Yes
A/T,Rework (Of Selling),Competitive,Deferred/Unknown,False,True,Starting Point,100000,465.0,Auto-Approved,,Yes
A/T,Rework (Of Selling),Competitive,Deferred/Unknown,False,True,Starting Point,115000,495.0,Auto-Approved,,Yes
A/T,Rework (Of Selling),Competitive,Deferred/Unknown,False,True,Starting Point,200000,665.0,Auto-Approved,,Yes
A/T,Rework (Of Selling),Competitive,Deferred/Unknown,False,True,Starting Point,1000000,2265.0,Auto-Approved,,Yes
A/T,Rework (Of Selling),Competitive,Deferred/Unknown,False,True,Creation/Unknown,0,200.0,Auto-Approved,,Yes
A/T,Rework (Of Selling),Competitive,Deferred/Unknown,False,True,Creation/Unknown,1,200.002,Auto-Approved,,Yes
A/T,Rework (Of Selling),Competitive,Deferred/Unknown,False,True,Creation/Unknown,1000,202.0,Auto-Approved,,Yes
A/T,Rework (Of Selling),Competitive,Deferred/Unknown,False,True,Creation/Unknown,30000,260.0,Auto-Approved,,Yes
A/T,Rework (Of Selling),Competitive,Deferred/Unknown,False,True,Creation/Unknown,35000,270.0,Auto-Approved,,Yes
A/T,Rework (Of Selling),Competitive,Deferred/Unknown,False,True,Creation/Unknown,100000,400.0,Auto-Approved,,Yes
A/T,Rework (Of Selling),Competitive,Deferred/Unknown,False,True,Creation/Unknown,115000,430.0,Auto-Approved,,Yes
A/T,Rework (Of Selling),Competitive,Deferred/Unknown,False,True,Creation/Unknown,200000,600.0,Auto-Approved,,Yes
A/T,Rework (Of Selling),Competitive,Deferred/Unknown,False,True,Creation/Unknown,1000000,2200.0,Auto-Approved,,Yes
A/T,Rework (Of Selling),Competitive,Deferred/Unknown,True,False,Library Only,0,200.0,Auto-Approved,,Yes
A/T,Rework (Of Selling),Competitive,Deferred/Unknown,True,False,Library Only,1,200.002,Auto-Approved,,Yes
A/T,Rework (Of Selling),Competitive,Deferred/Unknown,True,False,Library Only,1000,202.0,Auto-Approved,,Yes
A/T,Rework (Of Selling),Competitive,Deferred/Unknown,True,False,Library Only,30000,260.0,Auto-Approved,,Yes
A/T,Rework (Of Selling),Competitive,Deferred/Unknown,True,False,Library Only,35000,270.0,Auto-Approved,,Yes
A/T,Rework (Of Selling),Competitive,Deferred/Unknown,True,False,Library Only,100000,400.0,Auto-Approved,,Yes
A/T,Rework (Of Selling),Competitive,Deferred/Unknown,True,False,Library Only,115000,430.0,Auto-Approved,,Yes
A/T,Rework (Of Selling),Competitive,Deferred/Unknown,True,False,Library Only,200000,600.0,Auto-Approved,,Yes
A/T,Rework (Of Selling),Competitive,Deferred/Unknown,True,False,Library Only,1000000,2200.0,Auto-Approved,,Yes
A/T,Rework (Of Selling),Competitive,Deferred/Unknown,True,False,Starting Point,0,165.0,Auto-Approved,,Yes
A/T,Rework (Of Selling),Competitive,Deferred/Unknown,True,False,Starting Point,1,165.002,Auto-Approved,,Yes
A/T,Rework (Of Selling),Competitive,Deferred/Unknown,True,False,Starting Point,1000,167.0,Auto-Approved,,Yes
A/T,Rework (Of Selling),Competitive,Deferred/Unknown,True,False,Starting Point,30000,225.0,Auto-Approved,,Yes
A/T,Rework (Of Selling),Competitive,Deferred/Unknown,True,False,Starting Point,35000,235.0,Auto-Approved,,Yes
A/T,Rework (Of Selling),Competitive,Deferred/Unknown,True,False,Starting Point,100000,365.0,Auto-Approved,,Yes
A/T,Rework (Of Selling),Competitive,Deferred/Unknown,True,False,Starting Point,115000,395.0,Auto-Approved,,Yes
A/T,Rework (Of Selling),Competitive,Deferred/Unknown,True,False,Starting Point,200000,565.0,Auto-Approved,,Yes
A/T,Rework (Of Selling),Competitive,Deferred/Unknown,True,False,Starting Point,1000000,2165.0,Auto-Approved,,Yes
A/T,Rework (Of Selling),Competitive,Deferred/Unknown,True,False,Creation/Unknown,0,100.0,Auto-Approved,,Yes
A/T,Rework (Of Selling),Competitive,Deferred/Unknown,True,False,Creation/Unknown,1,100.00200000000001,Auto-Approved,,Yes
A/T,Rework (Of Selling),Competitive,Deferred/Unknown,True,False,Creation/Unknown,1000,102.0,Auto-Approved,,Yes
A/T,Rework (Of Selling),Competitive,Deferred/Unknown,True,False,Creation/Unknown,30000,160.0,Auto-Approved,,Yes
A/T,Rework (Of Selling),Competitive,Deferred/Unknown,True,False,Creation/Unknown,35000,170.0,Auto-Approved,,Yes
A/T,Rework (Of Selling),Competitive,Deferred/Unknown,True,False,Creation/Unknown,100000,300.0,Auto-Approved,,Yes
A/T,Rework (Of Selling),Competitive,Deferred/Unknown,True,False,Creation/Unknown,115000,330.0,Auto-Approved,,Yes
A/T,Rework (Of Selling),Competitive,Deferred/Unknown,True,False,Creation/Unknown,200000,500.0,Auto-Approved,,Yes
A/T,Rework (Of Selling),Competitive,Deferred/Unknown,True,False,Creation/Unknown,1000000,2100.0,Auto-Approved,,Yes
A/T,Rework (Of Selling),Competitive,Deferred/Unknown,True,True,Library Only,0,300.0,Auto-Approved,,Yes
A/T,Rework (Of Selling),Competitive,Deferred/Unknown,True,True,Library Only,1,300.002,Auto-Approved,,Yes
A/T,Rework (Of Selling),Competitive,Deferred/Unknown,True,True,Library Only,1000,302.0,Auto-Approved,,Yes
A/T,Rework (Of Selling),Competitive,Deferred/Unknown,True,True,Library Only,30000,360.0,Auto-Approved,,Yes
A/T,Rework (Of Selling),Competitive,Deferred/Unknown,True,True,Library Only,35000,370.0,Auto-Approved,,Yes
A/T,Rework (Of Selling),Competitive,Deferred/Unknown,True,True,Library Only,100000,500.0,Auto-Approved,,Yes
A/T,Rework (Of Selling),Competitive,Deferred/Unknown,True,True,Library Only,115000,530.0,Auto-Approved,,Yes
A/T,Rework (Of Selling),Competitive,Deferred/Unknown,True,True,Library Only,200000,700.0,Auto-Approved,,Yes
A/T,Rework (Of Selling),Competitive,Deferred/Unknown,True,True,Library Only,1000000,2300.0,Auto-Approved,,Yes
A/T,Rework (Of Selling),Competitive,Deferred/Unknown,True,True,Starting Point,0,265.0,Auto-Approved,,Yes
A/T,Rework (Of Selling),Competitive,Deferred/Unknown,True,True,Starting Point,1,265.002,Auto-Approved,,Yes
A/T,Rework (Of Selling),Competitive,Deferred/Unknown,True,True,Starting Point,1000,267.0,Auto-Approved,,Yes
A/T,Rework (Of Selling),Competitive,Deferred/Unknown,True,True,Starting Point,30000,325.0,Auto-Approved,,Yes
A/T,Rework (Of Selling),Competitive,Deferred/Unknown,True,True,Starting Point,35000,335.0,Auto-Approved,,Yes
A/T,Rework (Of Selling),Competitive,Deferred/Unknown,True,True,Starting Point,100000,465.0,Auto-Approved,,Yes
A/T,Rework (Of Selling),Competitive,Deferred/Unknown,True,True,Starting Point,115000,495.0,Auto-Approved,,Yes
A/T,Rework (Of Selling),Competitive,Deferred/Unknown,True,True,Starting Point,200000,665.0,Auto-Approved,,Yes
A/T,Rework (Of Selling),Competitive,Deferred/Unknown,True,True,Starting Point,1000000,2265.0,Auto-Approved,,Yes
A/T,Rework (Of Selling),Competitive,Deferred/Unknown,True,True,Creation/Unknown,0,200.0,Auto-Approved,,Yes
A/T,Rework (Of Selling),Competitive,Deferred/Unknown,True,True,Creation/Unknown,1,200.002,Auto-Approved,,Yes
A/T,Rework (Of Selling),Competitive,Deferred/Unknown,True,True,Creation/Unknown,1000,202.0,Auto-Approved,,Yes
A/T,Rework (Of Selling),Competitive,Deferred/Unknown,True,True,Creation/Unknown,30000,260.0,Auto-Approved,,Yes
A/T,Rework (Of Selling),Competitive,Deferred/Unknown,True,True,Creation/Unknown,35000,270.0,Auto-Approved,,Yes
A/T,Rework (Of Selling),Competitive,Deferred/Unknown,True,True,Creation/Unknown,100000,400.0,Auto-Approved,,Yes
A/T,Rework (Of Selling),Competitive,Deferred/Unknown,True,True,Creation/Unknown,115000,430.0,Auto-Approved,,Yes
A/T,Rework (Of Selling),Competitive,Deferred/Unknown,True,True,Creation/Unknown,200000,600.0,Auto-Approved,,Yes
A/T,Rework (Of Selling),Competitive,Deferred/Unknown,True,True,Creation/Unknown,1000000,2200.0,Auto-Approved,,Yes
A/T,Rework (Of Selling),ProActive,Direct,False,False,Library Only,0,200.0,Auto-Approved,,Yes
A/T,Rework (Of Selling),ProActive,Direct,False,False,Library Only,1,200.002,Auto-Approved,,Yes
A/T,Rework (Of Selling),ProActive,Direct,False,False,Library Only,1000,202.0,Auto-Approved,,Yes
A/T,Rework (Of Selling),ProActive,Direct,False,False,Library Only,30000,260.0,Auto-Approved,,Yes
A/T,Rework (Of Selling),ProActive,Direct,False,False,Library Only,35000,270.0,Auto-Approved,,Yes
A/T,Rework (Of Selling),ProActive,Direct,False,False,Library Only,100000,400.0,Auto-Approved,,Yes
A/T,Rework (Of Selling),ProActive,Direct,False,False,Library Only,115000,430.0,Auto-Approved,,Yes
A/T,Rework (Of Selling),ProActive,Direct,False,False,Library Only,200000,600.0,Auto-Approved,,Yes
A/T,Rework (Of Selling),ProActive,Direct,False,False,Library Only,1000000,2200.0,Auto-Approved,,Yes
A/T,Rework (Of Selling),ProActive,Direct,False,False,Starting Point,0,165.0,Auto-Approved,,Yes
A/T,Rework (Of Selling),ProActive,Direct,False,False,Starting Point,1,165.002,Auto-Approved,,Yes
A/T,Rework (Of Selling),ProActive,Direct,False,False,Starting Point,1000,167.0,Auto-Approved,,Yes
A/T,Rework (Of Selling),ProActive,Direct,False,False,Starting Point,30000,225.0,Auto-Approved,,Yes
A/T,Rework (Of Selling),ProActive,Direct,False,False,Starting Point,35000,235.0,Auto-Approved,,Yes
A/T,Rework (Of Selling),ProActive,Direct,False,False,Starting Point,100000,365.0,Auto-Approved,,Yes
A/T,Rework (Of Selling),ProActive,Direct,False,False,Starting Point,115000,395.0,Auto-Approved,,Yes
A/T,Rework (Of Selling),ProActive,Direct,False,False,Starting Point,200000,565.0,Auto-Approved,,Yes
A/T,Rework (Of Selling),ProActive,Direct,False,False,Starting Point,1000000,2165.0,Auto-Approved,,Yes
A/T,Rework (Of Selling),ProActive,Direct,False,False,Creation/Unknown,0,100.0,Auto-Approved,,Yes
A/T,Rework (Of Selling),ProActive,Direct,False,False,Creation/Unknown,1,100.002,Auto-Approved,,Yes
A/T,Rework (Of Selling),ProActive,Direct,False,False,Creation/Unknown,1000,102.0,Auto-Approved,,Yes
A/T,Rework (Of Selling),ProActive,Direct,False,False,Creation/Unknown,30000,160.0,Auto-Approved,,Yes
A/T,Rework (Of Selling),ProActive,Direct,False,False,Creation/Unknown,35000,170.0,Auto-Approved,,Yes
A/T,Rework (Of Selling),ProActive,Direct,False,False,Creation/Unknown,100000,300.0,Auto-Approved,,Yes
A/T,Rework (Of Selling),ProActive,Direct,False,False,Creation/Unknown,115000,330.0,Auto-Approved,,Yes
A/T,Rework (Of Selling),ProActive,Direct,False,False,Creation/Unknown,200000,500.0,Auto-Approved,,Yes
A/T,Rework (Of Selling),ProActive,Direct,False,False,Creation/Unknown,1000000,2100.0,Auto-Approved,,Yes
A/T,Rework (Of Selling),ProActive,Direct,False,True,Library Only,0,300.0,Auto-Approved,,Yes
A/T,Rework (Of Selling),ProActive,Direct,False,True,Library Only,1,300.002,Auto-Approved,,Yes
A/T,Rework (Of Selling),ProActive,Direct,False,True,Library Only,1000,302.0,Auto-Approved,,Yes
A/T,Rework (Of Selling),ProActive,Direct,False,True,Library Only,30000,360.0,Auto-Approved,,Yes
A/T,Rework (Of Selling),ProActive,Direct,False,True,Library Only,35000,370.0,Auto-Approved,,Yes
A/T,Rework (Of Selling),ProActive,Direct,False,True,Library Only,100000,500.0,Auto-Approved,,Yes
A/T,Rework (Of Selling),ProActive,Direct,False,True,Library Only,115000,530.0,Auto-Approved,,Yes
A/T,Rework (Of Selling),ProActive,Direct,False,True,Library Only,200000,700.0,Auto-Approved,,Yes
A/T,Rework (Of Selling),ProActive,Direct,False,True,Library Only,1000000,2300.0,Auto-Approved,,Yes
A/T,Rework (Of Selling),ProActive,Direct,False,True,Starting Point,0,265.0,Auto-Approved,,Yes
A/T,Rework (Of Selling),ProActive,Direct,False,True,Starting Point,1,265.002,Auto-Approved,,Yes
A/T,Rework (Of Selling),ProActive,Direct,False,True,Starting Point,1000,267.0,Auto-Approved,,Yes
A/T,Rework (Of Selling),ProActive,Direct,False,True,Starting Point,30000,325.0,Auto-Approved,,Yes
A/T,Rework (Of Selling),ProActive,Direct,False,True,Starting Point,35000,335.0,Auto-Approved,,Yes
A/T,Rework (Of Selling),ProActive,Direct,False,True,Starting Point,100000,465.0,Auto-Approved,,Yes
A/T,Rework (Of Selling),ProActive,Direct,False,True,Starting Point,115000,495.0,Auto-Approved,,Yes
A/T,Rework (Of Selling),ProActive,Direct,False,True,Starting Point,200000,665.0,Auto-Approved,,Yes
A/T,Rework (Of Selling),ProActive,Direct,False,True,Starting Point,1000000,2265.0,Auto-Approved,,Yes
A/T,Rework (Of Selling),ProActive,Direct,False,True,Creation/Unknown,0,200.0,Auto-Approved,,Yes
A/T,Rework (Of Selling),ProActive,Direct,False,True,Creation/Unknown,1,200.002,Auto-Approved,,Yes
A/T,Rework (Of Selling),ProActive,Direct,False,True,Creation/Unknown,1000,202.0,Auto-Approved,,Yes
A/T,Rework (Of Selling),ProActive,Direct,False,True,Creation/Unknown,30000,260.0,Auto-Approved,,Yes
A/T,Rework (Of Selling),ProActive,Direct,False,True,Creation/Unknown,35000,270.0,Auto-Approved,,Yes
A/T,Rework (Of Selling),ProActive,Direct,False,True,Creation/Unknown,100000,400.0,Auto-Approved,,Yes
A/T,Rework (Of Selling),ProActive,Direct,False,True,Creation/Unknown,115000,430.0,Auto-Approved,,Yes
A/T,Rework (Of Selling),ProActive,Direct,False,True,Creation/Unknown,200000,600.0,Auto-Approved,,Yes
A/T,Rework (Of Selling),ProActive,Direct,False,True,Creation/Unknown,1000000,2200.0,Auto-Approved,,Yes
A/T,Rework (Of Selling),ProActive,Direct,True,False,Library Only,0,200.0,Auto-Approved,,Yes
A/T,Rework (Of Selling),ProActive,Direct,True,False,Library Only,1,200.002,Auto-Approved,,Yes
A/T,Rework (Of Selling),ProActive,Direct,True,False,Library Only,1000,202.0,Auto-Approved,,Yes
A/T,Rework (Of Selling),ProActive,Direct,True,False,Library Only,30000,260.0,Auto-Approved,,Yes
A/T,Rework (Of Selling),ProActive,Direct,True,False,Library Only,35000,270.0,Auto-Approved,,Yes
A/T,Rework (Of Selling),ProActive,Direct,True,False,Library Only,100000,400.0,Auto-Approved,,Yes
A/T,Rework (Of Selling),ProActive,Direct,True,False,Library Only,115000,430.0,Auto-Approved,,Yes
A/T,Rework (Of Selling),ProActive,Direct,True,False,Library Only,200000,600.0,Auto-Approved,,Yes
A/T,Rework (Of Selling),ProActive,Direct,True,False,Library Only,1000000,2200.0,Auto-Approved,,Yes
A/T,Rework (Of Selling),ProActive,Direct,True,False,Starting Point,0,165.0,Auto-Approved,,Yes
A/T,Rework (Of Selling),ProActive,Direct,True,False,Starting Point,1,165.002,Auto-Approved,,Yes
A/T,Rework (Of Selling),ProActive,Direct,True,False,Starting Point,1000,167.0,Auto-Approved,,Yes
A/T,Rework (Of Selling),ProActive,Direct,True,False,Starting Point,30000,225.0,Auto-Approved,,Yes
A/T,Rework (Of Selling),ProActive,Direct,True,False,Starting Point,35000,235.0,Auto-Approved,,Yes
A/T,Rework (Of Selling),ProActive,Direct,True,False,Starting Point,100000,365.0,Auto-Approved,,Yes
A/T,Rework (Of Selling),ProActive,Direct,True,False,Starting Point,115000,395.0,Auto-Approved,,Yes
A/T,Rework (Of Selling),ProActive,Direct,True,False,Starting Point,200000,565.0,Auto-Approved,,Yes
A/T,Rework (Of Selling),ProActive,Direct,True,False,Starting Point,1000000,2165.0,Auto-Approved,,Yes
A/T,Rework (Of Selling),ProActive,Direct,True,False,Creation/Unknown,0,100.0,Auto-Approved,,Yes
A/T,Rework (Of Selling),ProActive,Direct,True,False,Creation/Unknown,1,100.002,Auto-Approved,,Yes
A/T,Rework (Of Selling),ProActive,Direct,True,False,Creation/Unknown,1000,102.0,Auto-Approved,,Yes
A/T,Rework (Of Selling),ProActive,Direct,True,False,Creation/Unknown,30000,160.0,Auto-Approved,,Yes
A/T,Rework (Of Selling),ProActive,Direct,True,False,Creation/Unknown,35000,170.0,Auto-Approved,,Yes
A/T,Rework (Of Selling),ProActive,Direct,True,False,Creation/Unknown,100000,300.0,Auto-Approved,,Yes
A/T,Rework (Of Selling),ProActive,Direct,True,False,Creation/Unknown,115000,330.0,Auto-Approved,,Yes
A/T,Rework (Of Selling),ProActive,Direct,True,False,Creation/Unknown,200000,500.0,Auto-Approved,,Yes
A/T,Rework (Of Selling),ProActive,Direct,True,False,Creation/Unknown,1000000,2100.0,Auto-Approved,,Yes
A/T,Rework (Of Selling),ProActive,Direct,True,True,Library Only,0,300.0,Auto-Approved,,Yes
A/T,Rework (Of Selling),ProActive,Direct,True,True,Library Only,1,300.002,Auto-Approved,,Yes
A/T,Rework (Of Selling),ProActive,Direct,True,True,Library Only,1000,302.0,Auto-Approved,,Yes
A/T,Rework (Of Selling),ProActive,Direct,True,True,Library Only,30000,360.0,Auto-Approved,,Yes
A/T,Rework (Of Selling),ProActive,Direct,True,True,Library Only,35000,370.0,Auto-Approved,,Yes
A/T,Rework (Of Selling),ProActive,Direct,True,True,Library Only,100000,500.0,Auto-Approved,,Yes
A/T,Rework (Of Selling),ProActive,Direct,True,True,Library Only,115000,530.0,Auto-Approved,,Yes
A/T,Rework (Of Selling),ProActive,Direct,True,True,Library Only,200000,700.0,Auto-Approved,,Yes
A/T,Rework (Of Selling),ProActive,Direct,True,True,Library Only,1000000,2300.0,Auto-Approved,,Yes
A/T,Rework (Of Selling),ProActive,Direct,True,True,Starting Point,0,265.0,Auto-Approved,,Yes
A/T,Rework (Of Selling),ProActive,Direct,True,True,Starting Point,1,265.002,Auto-Approved,,Yes
A/T,Rework (Of Selling),ProActive,Direct,True,True,Starting Point,1000,267.0,Auto-Approved,,Yes
A/T,Rework (Of Selling),ProActive,Direct,True,True,Starting Point,30000,325.0,Auto-Approved,,Yes
A/T,Rework (Of Selling),ProActive,Direct,True,True,Starting Point,35000,335.0,Auto-Approved,,Yes
A/T,Rework (Of Selling),ProActive,Direct,True,True,Starting Point,100000,465.0,Auto-Approved,,Yes
A/T,Rework (Of Selling),ProActive,Direct,True,True,Starting Point,115000,495.0,Auto-Approved,,Yes
A/T,Rework (Of Selling),ProActive,Direct,True,True,Starting Point,200000,665.0,Auto-Approved,,Yes
A/T,Rework (Of Selling),ProActive,Direct,True,True,Starting Point,1000000,2265.0,Auto-Approved,,Yes
A/T,Rework (Of Selling),ProActive,Direct,True,True,Creation/Unknown,0,200.0,Auto-Approved,,Yes
A/T,Rework (Of Selling),ProActive,Direct,True,True,Creation/Unknown,1,200.002,Auto-Approved,,Yes
A/T,Rework (Of Selling),ProActive,Direct,True,True,Creation/Unknown,1000,202.0,Auto-Approved,,Yes
A/T,Rework (Of Selling),ProActive,Direct,True,True,Creation/Unknown,30000,260.0,Auto-Approved,,Yes
A/T,Rework (Of Selling),ProActive,Direct,True,True,Creation/Unknown,35000,270.0,Auto-Approved,,Yes
A/T,Rework (Of Selling),ProActive,Direct,True,True,Creation/Unknown,100000,400.0,Auto-Approved,,Yes
A/T,Rework (Of Selling),ProActive,Direct,True,True,Creation/Unknown,115000,430.0,Auto-Approved,,Yes
A/T,Rework (Of Selling),ProActive,Direct,True,True,Creation/Unknown,200000,600.0,Auto-Approved,,Yes
A/T,Rework (Of Selling),ProActive,Direct,True,True,Creation/Unknown,1000000,2200.0,Auto-Approved,,Yes
A/T,Rework (Of Selling),ProActive,Deferred/Unknown,False,False,Library Only,0,200.0,Auto-Approved,,Yes
A/T,Rework (Of Selling),ProActive,Deferred/Unknown,False,False,Library Only,1,200.0015,Auto-Approved,,Yes
A/T,Rework (Of Selling),ProActive,Deferred/Unknown,False,False,Library Only,1000,201.5,Auto-Approved,,Yes
A/T,Rework (Of Selling),ProActive,Deferred/Unknown,False,False,Library Only,30000,245.0,Auto-Approved,,Yes
A/T,Rework (Of Selling),ProActive,Deferred/Unknown,False,False,Library Only,35000,252.5,Auto-Approved,,Yes
A/T,Rework (Of Selling),ProActive,Deferred/Unknown,False,False,Library Only,100000,350.0,Auto-Approved,,Yes
A/T,Rework (Of Selling),ProActive,Deferred/Unknown,False,False,Library Only,115000,372.5,Auto-Approved,,Yes
A/T,Rework (Of Selling),ProActive,Deferred/Unknown,False,False,Library Only,200000,500.0,Auto-Approved,,Yes
A/T,Rework (Of Selling),ProActive,Deferred/Unknown,False,False,Library Only,1000000,1700.0,Auto-Approved,,Yes
A/T,Rework (Of Selling),ProActive,Deferred/Unknown,False,False,Starting Point,0,165.0,Auto-Approved,,Yes
A/T,Rework (Of Selling),ProActive,Deferred/Unknown,False,False,Starting Point,1,165.0015,Auto-Approved,,Yes
A/T,Rework (Of Selling),ProActive,Deferred/Unknown,False,False,Starting Point,1000,166.5,Auto-Approved,,Yes
A/T,Rework (Of Selling),ProActive,Deferred/Unknown,False,False,Starting Point,30000,210.0,Auto-Approved,,Yes
A/T,Rework (Of Selling),ProActive,Deferred/Unknown,False,False,Starting Point,35000,217.5,Auto-Approved,,Yes
A/T,Rework (Of Selling),ProActive,Deferred/Unknown,False,False,Starting Point,100000,315.0,Auto-Approved,,Yes
A/T,Rework (Of Selling),ProActive,Deferred/Unknown,False,False,Starting Point,115000,337.5,Auto-Approved,,Yes
A/T,Rework (Of Selling),ProActive,Deferred/Unknown,False,False,Starting Point,200000,465.0,Auto-Approved,,Yes
A/T,Rework (Of Selling),ProActive,Deferred/Unknown,False,False,Starting Point,1000000,1665.0,Auto-Approved,,Yes
A/T,Rework (Of Selling),ProActive,Deferred/Unknown,False,False,Creation/Unknown,0,100.0,Auto-Approved,,Yes
A/T,Rework (Of Selling),ProActive,Deferred/Unknown,False,False,Creation/Unknown,1,100.0015,Auto-Approved,,Yes
A/T,Rework (Of Selling),ProActive,Deferred/Unknown,False,False,Creation/Unknown,1000,101.5,Auto-Approved,,Yes
A/T,Rework (Of Selling),ProActive,Deferred/Unknown,False,False,Creation/Unknown,30000,145.0,Auto-Approved,,Yes
A/T,Rework (Of Selling),ProActive,Deferred/Unknown,False,False,Creation/Unknown,35000,152.5,Auto-Approved,,Yes
A/T,Rework (Of Selling),ProActive,Deferred/Unknown,False,False,Creation/Unknown,100000,250.0,Auto-Approved,,Yes
A/T,Rework (Of Selling),ProActive,Deferred/Unknown,False,False,Creation/Unknown,115000,272.5,Auto-Approved,,Yes
A/T,Rework (Of Selling),ProActive,Deferred/Unknown,False,False,Creation/Unknown,200000,400.0,Auto-Approved,,Yes
A/T,Rework (Of Selling),ProActive,Deferred/Unknown,False,False,Creation/Unknown,1000000,1600.0,Auto-Approved,,Yes
A/T,Rework (Of Selling),ProActive,Deferred/Unknown,False,True,Library Only,0,300.0,Auto-Approved,,Yes
A/T,Rework (Of Selling),ProActive,Deferred/Unknown,False,True,Library Only,1,300.00149999999996,Auto-Approved,,Yes
A/T,Rework (Of Selling),ProActive,Deferred/Unknown,False,True,Library Only,1000,301.5,Auto-Approved,,Yes
A/T,Rework (Of Selling),ProActive,Deferred/Unknown,False,True,Library Only,30000,345.0,Auto-Approved,,Yes
A/T,Rework (Of Selling),ProActive,Deferred/Unknown,False,True,Library Only,35000,352.5,Auto-Approved,,Yes
A/T,Rework (Of Selling),ProActive,Deferred/Unknown,False,True,Library Only,100000,450.0,Auto-Approved,,Yes
A/T,Rework (Of Selling),ProActive,Deferred/Unknown,False,True,Library Only,115000,472.5,Auto-Approved,,Yes
A/T,Rework (Of Selling),ProActive,Deferred/Unknown,False,True,Library Only,200000,600.0,Auto-Approved,,Yes
A/T,Rework (Of Selling),ProActive,Deferred/Unknown,False,True,Library Only,1000000,1800.0,Auto-Approved,,Yes
A/T,Rework (Of Selling),ProActive,Deferred/Unknown,False,True,Starting Point,0,265.0,Auto-Approved,,Yes
A/T,Rework (Of Selling),ProActive,Deferred/Unknown,False,True,Starting Point,1,265.00149999999996,Auto-Approved,,Yes
A/T,Rework (Of Selling),ProActive,Deferred/Unknown,False,True,Starting Point,1000,266.5,Auto-Approved,,Yes
A/T,Rework (Of Selling),ProActive,Deferred/Unknown,False,True,Starting Point,30000,310.0,Auto-Approved,,Yes
A/T,Rework (Of Selling),ProActive,Deferred/Unknown,False,True,Starting Point,35000,317.5,Auto-Approved,,Yes
A/T,Rework (Of Selling),ProActive,Deferred/Unknown,False,True,Starting Point,100000,415.0,Auto-Approved,,Yes
A/T,Rework (Of Selling),ProActive,Deferred/Unknown,False,True,Starting Point,115000,437.5,Auto-Approved,,Yes
A/T,Rework (Of Selling),ProActive,Deferred/Unknown,False,True,Starting Point,200000,565.0,Auto-Approved,,Yes
A/T,Rework (Of Selling),ProActive,Deferred/Unknown,False,True,Starting Point,1000000,1765.0,Auto-Approved,,Yes
A/T,Rework (Of Selling),ProActive,Deferred/Unknown,False,True,Creation/Unknown,0,200.0,Auto-Approved,,Yes
A/T,Rework (Of Selling),ProActive,Deferred/Unknown,False,True,Creation/Unknown,1,200.0015,Auto-Approved,,Yes
A/T,Rework (Of Selling),ProActive,Deferred/Unknown,False,True,Creation/Unknown,1000,201.5,Auto-Approved,,Yes
A/T,Rework (Of Selling),ProActive,Deferred/Unknown,False,True,Creation/Unknown,30000,245.0,Auto-Approved,,Yes
A/T,Rework (Of Selling),ProActive,Deferred/Unknown,False,True,Creation/Unknown,35000,252.5,Auto-Approved,,Yes
A/T,Rework (Of Selling),ProActive,Deferred/Unknown,False,True,Creation/Unknown,100000,350.0,Auto-Approved,,Yes
A/T,Rework (Of Selling),ProActive,Deferred/Unknown,False,True,Creation/Unknown,115000,372.5,Auto-Approved,,Yes
A/T,Rework (Of Selling),ProActive,Deferred/Unknown,False,True,Creation/Unknown,200000,500.0,Auto-Approved,,Yes
A/T,Rework (Of Selling),ProActive,Deferred/Unknown,False,True,Creation/Unknown,1000000,1700.0,Auto-Approved,,Yes
A/T,Rework (Of Selling),ProActive,Deferred/Unknown,True,False,Library Only,0,200.0,Auto-Approved,,Yes
A/T,Rework (Of Selling),ProActive,Deferred/Unknown,True,False,Library Only,1,200.0015,Auto-Approved,,Yes
A/T,Rework (Of Selling),ProActive,Deferred/Unknown,True,False,Library Only,1000,201.5,Auto-Approved,,Yes
A/T,Rework (Of Selling),ProActive,Deferred/Unknown,True,False,Library Only,30000,245.0,Auto-Approved,,Yes
A/T,Rework (Of Selling),ProActive,Deferred/Unknown,True,False,Library Only,35000,252.5,Auto-Approved,,Yes
A/T,Rework (Of Selling),ProActive,Deferred/Unknown,True,False,Library Only,100000,350.0,Auto-Approved,,Yes
A/T,Rework (Of Selling),ProActive,Deferred/Unknown,True,False,Library Only,115000,372.5,Auto-Approved,,Yes
A/T,Rework (Of Selling),ProActive,Deferred/Unknown,True,False,Library Only,200000,500.0,Auto-Approved,,Yes
A/T,Rework (Of Selling),ProActive,Deferred/Unknown,True,False,Library Only,1000000,1700.0,Auto-Approved,,Yes
A/T,Rework (Of Selling),ProActive,Deferred/Unknown,True,False,Starting Point,0,165.0,Auto-Approved,,Yes
A/T,Rework (Of Selling),ProActive,Deferred/Unknown,True,False,Starting Point,1,165.0015,Auto-Approved,,Yes
A/T,Rework (Of Selling),ProActive,Deferred/Unknown,True,False,Starting Point,1000,166.5,Auto-Approved,,Yes
A/T,Rework (Of Selling),ProActive,Deferred/Unknown,True,False,Starting Point,30000,210.0,Auto-Approved,,Yes
A/T,Rework (Of Selling),ProActive,Deferred/Unknown,True,False,Starting Point,35000,217.5,Auto-Approved,,Yes
A/T,Rework (Of Selling),ProActive,Deferred/Unknown,True,False,Starting Point,100000,315.0,Auto-Approved,,Yes
A/T,Rework (Of Selling),ProActive,Deferred/Unknown,True,False,Starting Point,115000,337.5,Auto-Approved,,Yes
A/T,Rework (Of Selling),ProActive,Deferred/Unknown,True,False,Starting Point,200000,465.0,Auto-Approved,,Yes
A/T,Rework (Of Selling),ProActive,Deferred/Unknown,True,False,Starting Point,1000000,1665.0,Auto-Approved,,Yes
A/T,Rework (Of Selling),ProActive,Deferred/Unknown,True,False,Creation/Unknown,0,100.0,Auto-Approved,,Yes
A/T,Rework (Of Selling),ProActive,Deferred/Unknown,True,False,Creation/Unknown,1,100.0015,Auto-Approved,,Yes
A/T,Rework (Of Selling),ProActive,Deferred/Unknown,True,False,Creation/Unknown,1000,101.5,Auto-Approved,,Yes
A/T,Rework (Of Selling),ProActive,Deferred/Unknown,True,False,Creation/Unknown,30000,145.0,Auto-Approved,,Yes
A/T,Rework (Of Selling),ProActive,Deferred/Unknown,True,False,Creation/Unknown,35000,152.5,Auto-Approved,,Yes
A/T,Rework (Of Selling),ProActive,Deferred/Unknown,True,False,Creation/Unknown,100000,250.0,Auto-Approved,,Yes
A/T,Rework (Of Selling),ProActive,Deferred/Unknown,True,False,Creation/Unknown,115000,272.5,Auto-Approved,,Yes
A/T,Rework (Of Selling),ProActive,Deferred/Unknown,True,False,Creation/Unknown,200000,400.0,Auto-Approved,,Yes
A/T,Rework (Of Selling),ProActive,Deferred/Unknown,True,False,Creation/Unknown,1000000,1600.0,Auto-Approved,,Yes
A/T,Rework (Of Selling),ProActive,Deferred/Unknown,True,True,Library Only,0,300.0,Auto-Approved,,Yes
A/T,Rework (Of Selling),ProActive,Deferred/Unknown,True,True,Library Only,1,300.00149999999996,Auto-Approved,,Yes
A/T,Rework (Of Selling),ProActive,Deferred/Unknown,True,True,Library Only,1000,301.5,Auto-Approved,,Yes
A/T,Rework (Of Selling),ProActive,Deferred/Unknown,True,True,Library Only,30000,345.0,Auto-Approved,,Yes
A/T,Rework (Of Selling),ProActive,Deferred/Unknown,True,True,Library Only,35000,352.5,Auto-Approved,,Yes
A/T,Rework (Of Selling),ProActive,Deferred/Unknown,True,True,Library Only,100000,450.0,Auto-Approved,,Yes
A/T,Rework (Of Selling),ProActive,Deferred/Unknown,True,True,Library Only,115000,472.5,Auto-Approved,,Yes
A/T,Rework (Of Selling),ProActive,Deferred/Unknown,True,True,Library Only,200000,600.0,Auto-Approved,,Yes
A/T,Rework (Of Selling),ProActive,Deferred/Unknown,True,True,Library Only,1000000,1800.0,Auto-Approved,,Yes
A/T,Rework (Of Selling),ProActive,Deferred/Unknown,True,True,Starting Point,0,265.0,Auto-Approved,,Yes
A/T,Rework (Of Selling),ProActive,Deferred/Unknown,True,True,Starting Point,1,265.00149999999996,Auto-Approved,,Yes
A/T,Rework (Of Selling),ProActive,Deferred/Unknown,True,True,Starting Point,1000,266.5,Auto-Approved,,Yes
A/T,Rework (Of Selling),ProActive,Deferred/Unknown,True,True,Starting Point,30000,310.0,Auto-Approved,,Yes
A/T,Rework (Of Selling),ProActive,Deferred/Unknown,True,True,Starting Point,35000,317.5,Auto-Approved,,Yes
A/T,Rework (Of Selling),ProActive,Deferred/Unknown,True,True,Starting Point,100000,415.0,Auto-Approved,,Yes
A/T,Rework (Of Selling),ProActive,Deferred/Unknown,True,True,Starting Point,115000,437.5,Auto-Approved,,Yes
A/T,Rework (Of Selling),ProActive,Deferred/Unknown,True,True,Starting Point,200000,565.0,Auto-Approved,,Yes
A/T,Rework (Of Selling),ProActive,Deferred/Unknown,True,True,Starting Point,1000000,1765.0,Auto-Approved,,Yes
A/T,Rework (Of Selling),ProActive,Deferred/Unknown,True,True,Creation/Unknown,0,200.0,Auto-Approved,,Yes
A/T,Rework (Of Selling),ProActive,Deferred/Unknown,True,True,Creation/Unknown,1,200.0015,Auto-Approved,,Yes
A/T,Rework (Of Selling),ProActive,Deferred/Unknown,True,True,Creation/Unknown,1000,201.5,Auto-Approved,,Yes
A/T,Rework (Of Selling),ProActive,Deferred/Unknown,True,True,Creation/Unknown,30000,245.0,Auto-Approved,,Yes
A/T,Rework (Of Selling),ProActive,Deferred/Unknown,True,True,Creation/Unknown,35000,252.5,Auto-Approved,,Yes
A/T,Rework (Of Selling),ProActive,Deferred/Unknown,True,True,Creation/Unknown,100000,350.0,Auto-Approved,,Yes
A/T,Rework (Of Selling),ProActive,Deferred/Unknown,True,True,Creation/Unknown,115000,372.5,Auto-Approved,,Yes
A/T,Rework (Of Selling),ProActive,Deferred/Unknown,True,True,Creation/Unknown,200000,500.0,Auto-Approved,,Yes
A/T,Rework (Of Selling),ProActive,Deferred/Unknown,True,True,Creation/Unknown,1000000,1700.0,Auto-Approved,,Yes
A/T,Rework (Non-Selling),Exclusive,Direct,False,False,Library Only,0,200.0,Auto-Approved,,No
A/T,Rework (Non-Selling),Exclusive,Direct,False,False,Library Only,1,200.0025,Auto-Approved,,No
A/T,Rework (Non-Selling),Exclusive,Direct,False,False,Library Only,1000,202.5,Auto-Approved,,No
A/T,Rework (Non-Selling),Exclusive,Direct,False,False,Library Only,30000,275.0,Auto-Approved,,No
A/T,Rework (Non-Selling),Exclusive,Direct,False,False,Library Only,35000,287.5,Auto-Approved,,No
A/T,Rework (Non-Selling),Exclusive,Direct,False,False,Library Only,100000,450.0,Auto-Approved,,No
A/T,Rework (Non-Selling),Exclusive,Direct,False,False,Library Only,115000,487.5,Auto-Approved,,No
A/T,Rework (Non-Selling),Exclusive,Direct,False,False,Library Only,200000,700.0,Auto-Approved,,No
A/T,Rework (Non-Selling),Exclusive,Direct,False,False,Library Only,1000000,2700.0,Auto-Approved,,No
A/T,Rework (Non-Selling),Exclusive,Direct,False,False,Starting Point,0,165.0,Auto-Approved,,No
A/T,Rework (Non-Selling),Exclusive,Direct,False,False,Starting Point,1,165.0025,Auto-Approved,,No
A/T,Rework (Non-Selling),Exclusive,Direct,False,False,Starting Point,1000,167.5,Auto-Approved,,No
A/T,Rework (Non-Selling),Exclusive,Direct,False,False,Starting Point,30000,240.0,Auto-Approved,,No
A/T,Rework (Non-Selling),Exclusive,Direct,False,False,Starting Point,35000,252.5,Auto-Approved,,No
A/T,Rework (Non-Selling),Exclusive,Direct,False,False,Starting Point,100000,415.0,Auto-Approved,,No
A/T,Rework (Non-Selling),Exclusive,Direct,False,False,Starting Point,115000,452.5,Auto-Approved,,No
A/T,Rework (Non-Selling),Exclusive,Direct,False,False,Starting Point,200000,665.0,Auto-Approved,,No
A/T,Rework (Non-Selling),Exclusive,Direct,False,False,Starting Point,1000000,2665.0,Auto-Approved,,No
A/T,Rework (Non-Selling),Exclusive,Direct,False,False,Creation/Unknown,0,100.0,Pending Approval,,No
A/T,Rework (Non-Selling),Exclusive,Direct,False,False,Creation/Unknown,1,100.0025,Pending Approval,,No
A/T,Rework (Non-Selling),Exclusive,Direct,False,False,Creation/Unknown,1000,102.5,Pending Approval,,No
A/T,Rework (Non-Selling),Exclusive,Direct,False,False,Creation/Unknown,30000,175.0,Auto-Approved,,No
A/T,Rework (Non-Selling),Exclusive,Direct,False,False,Creation/Unknown,35000,187.5,Auto-Approved,,No
A/T,Rework (Non-Selling),Exclusive,Direct,False,False,Creation/Unknown,100000,350.0,Auto-Approved,,No
A/T,Rework (Non-Selling),Exclusive,Direct,False,False,Creation/Unknown,115000,387.5,Auto-Approved,,No
A/T,Rework (Non-Selling),Exclusive,Direct,False,False,Creation/Unknown,200000,600.0,Auto-Approved,,No
A/T,Rework (Non-Selling),Exclusive,Direct,False,False,Creation/Unknown,1000000,2600.0,Auto-Approved,,No
A/T,Rework (Non-Selling),Exclusive,Direct,False,True,Library Only,0,300.0,Auto-Approved,,No
A/T,Rework (Non-Selling),Exclusive,Direct,False,True,Library Only,1,300.0025,Auto-Approved,,No
A/T,Rework (Non-Selling),Exclusive,Direct,False,True,Library Only,1000,302.5,Auto-Approved,,No
A/T,Rework (Non-Selling),Exclusive,Direct,False,True,Library Only,30000,375.0,Auto-Approved,,No
A/T,Rework (Non-Selling),Exclusive,Direct,False,True,Library Only,35000,387.5,Auto-Approved,,No
A/T,Rework (Non-Selling),Exclusive,Direct,False,True,Library Only,100000,550.0,Auto-Approved,,No
A/T,Rework (Non-Selling),Exclusive,Direct,False,True,Library Only,115000,587.5,Auto-Approved,,No
A/T,Rework (Non-Selling),Exclusive,Direct,False,True,Library Only,200000,800.0,Auto-Approved,,No
A/T,Rework (Non-Selling),Exclusive,Direct,False,True,Library Only,1000000,2800.0,Auto-Approved,,No
A/T,Rework (Non-Selling),Exclusive,Direct,False,True,Starting Point,0,265.0,Auto-Approved,,No
A/T,Rework (Non-Selling),Exclusive,Direct,False,True,Starting Point,1,265.0025,Auto-Approved,,No
A/T,Rework (Non-Selling),Exclusive,Direct,False,True,Starting Point,1000,267.5,Auto-Approved,,No
A/T,Rework (Non-Selling),Exclusive,Direct,False,True,Starting Point,30000,340.0,Auto-Approved,,No
A/T,Rework (Non-Selling),Exclusive,Direct,False,True,Starting Point,35000,352.5,Auto-Approved,,No
A/T,Rework (Non-Selling),Exclusive,Direct,False,True,Starting Point,100000,515.0,Auto-Approved,,No
A/T,Rework (Non-Selling),Exclusive,Direct,False,True,Starting Point,115000,552.5,Auto-Approved,,No
A/T,Rework (Non-Selling),Exclusive,Direct,False,True,Starting Point,200000,765.0,Auto-Approved,,No
A/T,Rework (Non-Selling),Exclusive,Direct,False,True,Starting Point,1000000,2765.0,Auto-Approved,,No
A/T,Rework (Non-Selling),Exclusive,Direct,False,True,Creation/Unknown,0,200.0,Auto-Approved,,No
A/T,Rework (Non-Selling),Exclusive,Direct,False,True,Creation/Unknown,1,200.0025,Auto-Approved,,No
A/T,Rework (Non-Selling),Exclusive,Direct,False,True,Creation/Unknown,1000,202.5,Auto-Approved,,No
A/T,Rework (Non-Selling),Exclusive,Direct,False,True,Creation/Unknown,30000,275.0,Auto-Approved,,No
A/T,Rework (Non-Selling),Exclusive,Direct,False,True,Creation/Unknown,35000,287.5,Auto-Approved,,No
A/T,Rework (Non-Selling),Exclusive,Direct,False,True,Creation/Unknown,100000,450.0,Auto-Approved,,No
A/T,Rework (Non-Selling),Exclusive,Direct,False,True,Creation/Unknown,115000,487.5,Auto-Approved,,No
A/T,Rework (Non-Selling),Exclusive,Direct,False,True,Creation/Unknown,200000,700.0,Auto-Approved,,No
A/T,Rework (Non-Selling),Exclusive,Direct,False,True,Creation/Unknown,1000000,2700.0,Auto-Approved,,No
A/T,Rework (Non-Selling),Exclusive,Direct,True,False,Library Only,0,200.0,Auto-Approved,,Yes
A/T,Rework (Non-Selling),Exclusive,Direct,True,False,Library Only,1,200.0025,Auto-Approved,,Yes
A/T,Rework (Non-Selling),Exclusive,Direct,True,False,Library Only,1000,202.5,Auto-Approved,,Yes
A/T,Rework (Non-Selling),Exclusive,Direct,True,False,Library Only,30000,275.0,Auto-Approved,,Yes
A/T,Rework (Non-Selling),Exclusive,Direct,True,False,Library Only,35000,287.5,Auto-Approved,,Yes
A/T,Rework (Non-Selling),Exclusive,Direct,True,False,Library Only,100000,450.0,Auto-Approved,,Yes
A/T,Rework (Non-Selling),Exclusive,Direct,True,False,Library Only,115000,487.5,Auto-Approved,,Yes
A/T,Rework (Non-Selling),Exclusive,Direct,True,False,Library Only,200000,700.0,Auto-Approved,,Yes
A/T,Rework (Non-Selling),Exclusive,Direct,True,False,Library Only,1000000,2700.0,Auto-Approved,,Yes
A/T,Rework (Non-Selling),Exclusive,Direct,True,False,Starting Point,0,165.0,Auto-Approved,,Yes
A/T,Rework (Non-Selling),Exclusive,Direct,True,False,Starting Point,1,165.0025,Auto-Approved,,Yes
A/T,Rework (Non-Selling),Exclusive,Direct,True,False,Starting Point,1000,167.5,Auto-Approved,,Yes
A/T,Rework (Non-Selling),Exclusive,Direct,True,False,Starting Point,30000,240.0,Auto-Approved,,Yes
A/T,Rework (Non-Selling),Exclusive,Direct,True,False,Starting Point,35000,252.5,Auto-Approved,,Yes
A/T,Rework (Non-Selling),Exclusive,Direct,True,False,Starting Point,100000,415.0,Auto-Approved,,Yes
A/T,Rework (Non-Selling),Exclusive,Direct,True,False,Starting Point,115000,452.5,Auto-Approved,,Yes
A/T,Rework (Non-Selling),Exclusive,Direct,True,False,Starting Point,200000,665.0,Auto-Approved,,Yes
A/T,Rework (Non-Selling),Exclusive,Direct,True,False,Starting Point,1000000,2665.0,Auto-Approved,,Yes
A/T,Rework (Non-Selling),Exclusive,Direct,True,False,Creation/Unknown,0,100.0,Auto-Approved,,Yes
A/T,Rework (Non-Selling),Exclusive,Direct,True,False,Creation/Unknown,1,100.0025,Auto-Approved,,Yes
A/T,Rework (Non-Selling),Exclusive,Direct,True,False,Creation/Unknown,1000,102.5,Auto-Approved,,Yes
A/T,Rework (Non-Selling),Exclusive,Direct,True,False,Creation/Unknown,30000,175.0,Auto-Approved,,Yes
A/T,Rework (Non-Selling),Exclusive,Direct,True,False,Creation/Unknown,35000,187.5,Auto-Approved,,Yes
A/T,Rework (Non-Selling),Exclusive,Direct,True,False,Creation/Unknown,100000,350.0,Auto-Approved,,Yes
A/T,Rework (Non-Selling),Exclusive,Direct,True,False,Creation/Unknown,115000,387.5,Auto-Approved,,Yes
A/T,Rework (Non-Selling),Exclusive,Direct,True,False,Creation/Unknown,200000,600.0,Auto-Approved,,Yes
A/T,Rework (Non-Selling),Exclusive,Direct,True,False,Creation/Unknown,1000000,2600.0,Auto-Approved,,Yes
A/T,Rework (Non-Selling),Exclusive,Direct,True,True,Library Only,0,300.0,Auto-Approved,,Yes
A/T,Rework (Non-Selling),Exclusive,Direct,True,True,Library Only,1,300.0025,Auto-Approved,,Yes
A/T,Rework (Non-Selling),Exclusive,Direct,True,True,Library Only,1000,302.5,Auto-Approved,,Yes
A/T,Rework (Non-Selling),Exclusive,Direct,True,True,Library Only,30000,375.0,Auto-Approved,,Yes
A/T,Rework (Non-Selling),Exclusive,Direct,True,True,Library Only,35000,387.5,Auto-Approved,,Yes
A/T,Rework (Non-Selling),Exclusive,Direct,True,True,Library Only,100000,550.0,Auto-Approved,,Yes
A/T,Rework (Non-Selling),Exclusive,Direct,True,True,Library Only,115000,587.5,Auto-Approved,,Yes
A/T,Rework (Non-Selling),Exclusive,Direct,True,True,Library Only,200000,800.0,Auto-Approved,,Yes
A/T,Rework (Non-Selling),Exclusive,Direct,True,True,Library Only,1000000,2800.0,Auto-Approved,,Yes
A/T,Rework (Non-Selling),Exclusive,Direct,True,True,Starting Point,0,265.0,Auto-Approved,,Yes
A/T,Rework (Non-Selling),Exclusive,Direct,True,True,Starting Point,1,265.0025,Auto-Approved,,Yes
A/T,Rework (Non-Selling),Exclusive,Direct,True,True,Starting Point,1000,267.5,Auto-Approved,,Yes
A/T,Rework (Non-Selling),Exclusive,Direct,True,True,Starting Point,30000,340.0,Auto-Approved,,Yes
A/T,Rework (Non-Selling),Exclusive,Direct,True,True,Starting Point,35000,352.5,Auto-Approved,,Yes
A/T,Rework (Non-Selling),Exclusive,Direct,True,True,Starting Point,100000,515.0,Auto-Approved,,Yes
A/T,Rework (Non-Selling),Exclusive,Direct,True,True,Starting Point,115000,552.5,Auto-Approved,,Yes
A/T,Rework (Non-Selling),Exclusive,Direct,True,True,Starting Point,200000,765.0,Auto-Approved,,Yes
A/T,Rework (Non-Selling),Exclusive,Direct,True,True,Starting Point,1000000,2765.0,Auto-Approved,,Yes
A/T,Rework (Non-Selling),Exclusive,Direct,True,True,Creation/Unknown,0,200.0,Auto-Approved,,Yes
A/T,Rework (Non-Selling),Exclusive,Direct,True,True,Creation/Unknown,1,200.0025,Auto-Approved,,Yes
A/T,Rework (Non-Selling),Exclusive,Direct,True,True,Creation/Unknown,1000,202.5,Auto-Approved,,Yes
A/T,Rework (Non-Selling),Exclusive,Direct,True,True,Creation/Unknown,30000,275.0,Auto-Approved,,Yes
A/T,Rework (Non-Selling),Exclusive,Direct,True,True,Creation/Unknown,35000,287.5,Auto-Approved,,Yes
A/T,Rework (Non-Selling),Exclusive,Direct,True,True,Creation/Unknown,100000,450.0,Auto-Approved,,Yes
A/T,Rework (Non-Selling),Exclusive,Direct,True,True,Creation/Unknown,115000,487.5,Auto-Approved,,Yes
A/T,Rework (Non-Selling),Exclusive,Direct,True,True,Creation/Unknown,200000,700.0,Auto-Approved,,Yes
A/T,Rework (Non-Selling),Exclusive,Direct,True,True,Creation/Unknown,1000000,2700.0,Auto-Approved,,Yes
A/T,Rework (Non-Selling),Exclusive,Deferred/Unknown,False,False,Library Only,0,200.0,Auto-Approved,,No
A/T,Rework (Non-Selling),Exclusive,Deferred/Unknown,False,False,Library Only,1,200.002,Auto-Approved,,No
A/T,Rework (Non-Selling),Exclusive,Deferred/Unknown,False,False,Library Only,1000,202.0,Auto-Approved,,No
A/T,Rework (Non-Selling),Exclusive,Deferred/Unknown,False,False,Library Only,30000,260.0,Auto-Approved,,No
A/T,Rework (Non-Selling),Exclusive,Deferred/Unknown,False,False,Library Only,35000,270.0,Auto-Approved,,No
A/T,Rework (Non-Selling),Exclusive,Deferred/Unknown,False,False,Library Only,100000,400.0,Auto-Approved,,No
A/T,Rework (Non-Selling),Exclusive,Deferred/Unknown,False,False,Library Only,115000,430.0,Auto-Approved,,No
A/T,Rework (Non-Selling),Exclusive,Deferred/Unknown,False,False,Library Only,200000,600.0,Auto-Approved,,No
A/T,Rework (Non-Selling),Exclusive,Deferred/Unknown,False,False,Library Only,1000000,2200.0,Auto-Approved,,No
A/T,Rework (Non-Selling),Exclusive,Deferred/Unknown,False,False,Starting Point,0,165.0,Auto-Approved,,No
A/T,Rework (Non-Selling),Exclusive,Deferred/Unknown,False,False,Starting Point,1,165.002,Auto-Approved,,No
A/T,Rework (Non-Selling),Exclusive,Deferred/Unknown,False,False,Starting Point,1000,167.0,Auto-Approved,,No
A/T,Rework (Non-Selling),Exclusive,Deferred/Unknown,False,False,Starting Point,30000,225.0,Auto-Approved,,No
A/T,Rework (Non-Selling),Exclusive,Deferred/Unknown,False,False,Starting Point,35000,235.0,Auto-Approved,,No
A/T,Rework (Non-Selling),Exclusive,Deferred/Unknown,False,False,Starting Point,100000,365.0,Auto-Approved,,No
A/T,Rework (Non-Selling),Exclusive,Deferred/Unknown,False,False,Starting Point,115000,395.0,Auto-Approved,,No
A/T,Rework (Non-Selling),Exclusive,Deferred/Unknown,False,False,Starting Point,200000,565.0,Auto-Approved,,No
A/T,Rework (Non-Selling),Exclusive,Deferred/Unknown,False,False,Starting Point,1000000,2165.0,Auto-Approved,,No
A/T,Rework (Non-Selling),Exclusive,Deferred/Unknown,False,False,Creation/Unknown,0,100.0,Pending Approval,,No
A/T,Rework (Non-Selling),Exclusive,Deferred/Unknown,False,False,Creation/Unknown,1,100.00200000000001,Pending Approval,,No
A/T,Rework (Non-Selling),Exclusive,Deferred/Unknown,False,False,Creation/Unknown,1000,102.0,Pending Approval,,No
A/T,Rework (Non-Selling),Exclusive,Deferred/Unknown,False,False,Creation/Unknown,30000,160.0,Auto-Approved,,No
A/T,Rework (Non-Selling),Exclusive,Deferred/Unknown,False,False,Creation/Unknown,35000,170.0,Auto-Approved,,No
A/T,Rework (Non-Selling),Exclusive,Deferred/Unknown,False,False,Creation/Unknown,100000,300.0,Auto-Approved,,No
A/T,Rework (Non-Selling),Exclusive,Deferred/Unknown,False,False,Creation/Unknown,115000,330.0,Auto-Approved,,No
A/T,Rework (Non-Selling),Exclusive,Deferred/Unknown,False,False,Creation/Unknown,200000,500.0,Auto-Approved,,No
A/T,Rework (Non-Selling),Exclusive,Deferred/Unknown,False,False,Creation/Unknown,1000000,2100.0,Auto-Approved,,No
A/T,Rework (Non-Selling),Exclusive,Deferred/Unknown,False,True,Library Only,0,300.0,Auto-Approved,,No
A/T,Rework (Non-Selling),Exclusive,Deferred/Unknown,False,True,Library Only,1,300.002,Auto-Approved,,No
A/T,Rework (Non-Selling),Exclusive,Deferred/Unknown,False,True,Library Only,1000,302.0,Auto-Approved,,No
A/T,Rework (Non-Selling),Exclusive,Deferred/Unknown,False,True,Library Only,30000,360.0,Auto-Approved,,No
A/T,Rework (Non-Selling),Exclusive,Deferred/Unknown,False,True,Library Only,35000,370.0,Auto-Approved,,No
A/T,Rework (Non-Selling),Exclusive,Deferred/Unknown,False,True,Library Only,100000,500.0,Auto-Approved,,No
A/T,Rework (Non-Selling),Exclusive,Deferred/Unknown,False,True,Library Only,115000,530.0,Auto-Approved,,No
A/T,Rework (Non-Selling),Exclusive,Deferred/Unknown,False,True,Library Only,200000,700.0,Auto-Approved,,No
A/T,Rework (Non-Selling),Exclusive,Deferred/Unknown,False,True,Library Only,1000000,2300.0,Auto-Approved,,No
A/T,Rework (Non-Selling),Exclusive,Deferred/Unknown,False,True,Starting Point,0,265.0,Auto-Approved,,No
A/T,Rework (Non-Selling),Exclusive,Deferred/Unknown,False,True,Starting Point,1,265.002,Auto-Approved,,No
A/T,Rework (Non-Selling),Exclusive,Deferred/Unknown,False,True,Starting Point,1000,267.0,Auto-Approved,,No
A/T,Rework (Non-Selling),Exclusive,Deferred/Unknown,False,True,Starting Point,30000,325.0,Auto-Approved,,No
A/T,Rework (Non-Selling),Exclusive,Deferred/Unknown,False,True,Starting Point,35000,335.0,Auto-Approved,,No
A/T,Rework (Non-Selling),Exclusive,Deferred/Unknown,False,True,Starting Point,100000,465.0,Auto-Approved,,No
A/T,Rework (Non-Selling),Exclusive,Deferred/Unknown,False,True,Starting Point,115000,495.0,Auto-Approved,,No
A/T,Rework (Non-Selling),Exclusive,Deferred/Unknown,False,True,Starting Point,200000,665.0,Auto-Approved,,No
A/T,Rework (Non-Selling),Exclusive,Deferred/Unknown,False,True,Starting Point,1000000,2265.0,Auto-Approved,,No
A/T,Rework (Non-Selling),Exclusive,Deferred/Unknown,False,True,Creation/Unknown,0,200.0,Auto-Approved,,No
A/T,Rework (Non-Selling),Exclusive,Deferred/Unknown,False,True,Creation/Unknown,1,200.002,Auto-Approved,,No
A/T,Rework (Non-Selling),Exclusive,Deferred/Unknown,False,True,Creation/Unknown,1000,202.0,Auto-Approved,,No
A/T,Rework (Non-Selling),Exclusive,Deferred/Unknown,False,True,Creation/Unknown,30000,260.0,Auto-Approved,,No
A/T,Rework (Non-Selling),Exclusive,Deferred/Unknown,False,True,Creation/Unknown,35000,270.0,Auto-Approved,,No
A/T,Rework (Non-Selling),Exclusive,Deferred/Unknown,False,True,Creation/Unknown,100000,400.0,Auto-Approved,,No
A/T,Rework (Non-Selling),Exclusive,Deferred/Unknown,False,True,Creation/Unknown,115000,430.0,Auto-Approved,,No
A/T,Rework (Non-Selling),Exclusive,Deferred/Unknown,False,True,Creation/Unknown,200000,600.0,Auto-Approved,,No
A/T,Rework (Non-Selling),Exclusive,Deferred/Unknown,False,True,Creation/Unknown,1000000,2200.0,Auto-Approved,,No
A/T,Rework (Non-Selling),Exclusive,Deferred/Unknown,True,False,Library Only,0,200.0,Auto-Approved,,Yes
A/T,Rework (Non-Selling),Exclusive,Deferred/Unknown,True,False,Library Only,1,200.002,Auto-Approved,,Yes
A/T,Rework (Non-Selling),Exclusive,Deferred/Unknown,True,False,Library Only,1000,202.0,Auto-Approved,,Yes
A/T,Rework (Non-Selling),Exclusive,Deferred/Unknown,True,False,Library Only,30000,260.0,Auto-Approved,,Yes
A/T,Rework (Non-Selling),Exclusive,Deferred/Unknown,True,False,Library Only,35000,270.0,Auto-Approved,,Yes
A/T,Rework (Non-Selling),Exclusive,Deferred/Unknown,True,False,Library Only,100000,400.0,Auto-Approved,,Yes
A/T,Rework (Non-Selling),Exclusive,Deferred/Unknown,True,False,Library Only,115000,430.0,Auto-Approved,,Yes
A/T,Rework (Non-Selling),Exclusive,Deferred/Unknown,True,False,Library Only,200000,600.0,Auto-Approved,,Yes
A/T,Rework (Non-Selling),Exclusive,Deferred/Unknown,True,False,Library Only,1000000,2200.0,Auto-Approved,,Yes
A/T,Rework (Non-Selling),Exclusive,Deferred/Unknown,True,False,Starting Point,0,165.0,Auto-Approved,,Yes
A/T,Rework (Non-Selling),Exclusive,Deferred/Unknown,True,False,Starting Point,1,165.002,Auto-Approved,,Yes
A/T,Rework (Non-Selling),Exclusive,Deferred/Unknown,True,False,Starting Point,1000,167.0,Auto-Approved,,Yes
A/T,Rework (Non-Selling),Exclusive,Deferred/Unknown,True,False,Starting Point,30000,225.0,Auto-Approved,,Yes
A/T,Rework (Non-Selling),Exclusive,Deferred/Unknown,True,False,Starting Point,35000,235.0,Auto-Approved,,Yes
A/T,Rework (Non-Selling),Exclusive,Deferred/Unknown,True,False,Starting Point,100000,365.0,Auto-Approved,,Yes
A/T,Rework (Non-Selling),Exclusive,Deferred/Unknown,True,False,Starting Point,115000,395.0,Auto-Approved,,Yes
A/T,Rework (Non-Selling),Exclusive,Deferred/Unknown,True,False,Starting Point,200000,565.0,Auto-Approved,,Yes
A/T,Rework (Non-Selling),Exclusive,Deferred/Unknown,True,False,Starting Point,1000000,2165.0,Auto-Approved,,Yes
A/T,Rework (Non-Selling),Exclusive,Deferred/Unknown,True,False,Creation/Unknown,0,100.0,Auto-Approved,,Yes
A/T,Rework (Non-Selling),Exclusive,Deferred/Unknown,True,False,Creation/Unknown,1,100.00200000000001,Auto-Approved,,Yes
A/T,Rework (Non-Selling),Exclusive,Deferred/Unknown,True,False,Creation/Unknown,1000,102.0,Auto-Approved,,Yes
A/T,Rework (Non-Selling),Exclusive,Deferred/Unknown,True,False,Creation/Unknown,30000,160.0,Auto-Approved,,Yes
A/T,Rework (Non-Selling),Exclusive,Deferred/Unknown,True,False,Creation/Unknown,35000,170.0,Auto-Approved,,Yes
A/T,Rework (Non-Selling),Exclusive,Deferred/Unknown,True,False,Creation/Unknown,100000,300.0,Auto-Approved,,Yes
A/T,Rework (Non-Selling),Exclusive,Deferred/Unknown,True,False,Creation/Unknown,115000,330.0,Auto-Approved,,Yes
A/T,Rework (Non-Selling),Exclusive,Deferred/Unknown,True,False,Creation/Unknown,200000,500.0,Auto-Approved,,Yes
A/T,Rework (Non-Selling),Exclusive,Deferred/Unknown,True,False,Creation/Unknown,1000000,2100.0,Auto-Approved,,Yes
A/T,Rework (Non-Selling),Exclusive,Deferred/Unknown,True,True,Library Only,0,300.0,Auto-Approved,,Yes
A/T,Rework (Non-Selling),Exclusive,Deferred/Unknown,True,True,Library Only,1,300.002,Auto-Approved,,Yes
A/T,Rework (Non-Selling),Exclusive,Deferred/Unknown,True,True,Library Only,1000,302.0,Auto-Approved,,Yes
A/T,Rework (Non-Selling),Exclusive,Deferred/Unknown,True,True,Library Only,30000,360.0,Auto-Approved,,Yes
A/T,Rework (Non-Selling),Exclusive,Deferred/Unknown,True,True,Library Only,35000,370.0,Auto-Approved,,Yes
A/T,Rework (Non-Selling),Exclusive,Deferred/Unknown,True,True,Library Only,100000,500.0,Auto-Approved,,Yes
A/T,Rework (Non-Selling),Exclusive,Deferred/Unknown,True,True,Library Only,115000,530.0,Auto-Approved,,Yes
A/T,Rework (Non-Selling),Exclusive,Deferred/Unknown,True,True,Library Only,200000,700.0,Auto-Approved,,Yes
A/T,Rework (Non-Selling),Exclusive,Deferred/Unknown,True,True,Library Only,1000000,2300.0,Auto-Approved,,Yes
A/T,Rework (Non-Selling),Exclusive,Deferred/Unknown,True,True,Starting Point,0,265.0,Auto-Approved,,Yes
A/T,Rework (Non-Selling),Exclusive,Deferred/Unknown,True,True,Starting Point,1,265.002,Auto-Approved,,Yes
A/T,Rework (Non-Selling),Exclusive,Deferred/Unknown,True,True,Starting Point,1000,267.0,Auto-Approved,,Yes
A/T,Rework (Non-Selling),Exclusive,Deferred/Unknown,True,True,Starting Point,30000,325.0,Auto-Approved,,Yes
A/T,Rework (Non-Selling),Exclusive,Deferred/Unknown,True,True,Starting Point,35000,335.0,Auto-Approved,,Yes
A/T,Rework (Non-Selling),Exclusive,Deferred/Unknown,True,True,Starting Point,100000,465.0,Auto-Approved,,Yes
A/T,Rework (Non-Selling),Exclusive,Deferred/Unknown,True,True,Starting Point,115000,495.0,Auto-Approved,,Yes
A/T,Rework (Non-Selling),Exclusive,Deferred/Unknown,True,True,Starting Point,200000,665.0,Auto-Approved,,Yes
A/T,Rework (Non-Selling),Exclusive,Deferred/Unknown,True,True,Starting Point,1000000,2265.0,Auto-Approved,,Yes
A/T,Rework (Non-Selling),Exclusive,Deferred/Unknown,True,True,Creation/Unknown,0,200.0,Auto-Approved,,Yes
A/T,Rework (Non-Selling),Exclusive,Deferred/Unknown,True,True,Creation/Unknown,1,200.002,Auto-Approved,,Yes
A/T,Rework (Non-Selling),Exclusive,Deferred/Unknown,True,True,Creation/Unknown,1000,202.0,Auto-Approved,,Yes
A/T,Rework (Non-Selling),Exclusive,Deferred/Unknown,True,True,Creation/Unknown,30000,260.0,Auto-Approved,,Yes
A/T,Rework (Non-Selling),Exclusive,Deferred/Unknown,True,True,Creation/Unknown,35000,270.0,Auto-Approved,,Yes
A/T,Rework (Non-Selling),Exclusive,Deferred/Unknown,True,True,Creation/Unknown,100000,400.0,Auto-Approved,,Yes
A/T,Rework (Non-Selling),Exclusive,Deferred/Unknown,True,True,Creation/Unknown,115000,430.0,Auto-Approved,,Yes
A/T,Rework (Non-Selling),Exclusive,Deferred/Unknown,True,True,Creation/Unknown,200000,600.0,Auto-Approved,,Yes
A/T,Rework (Non-Selling),Exclusive,Deferred/Unknown,True,True,Creation/Unknown,1000000,2200.0,Auto-Approved,,Yes
A/T,Rework (Non-Selling),Competitive,Direct,False,False,Library Only,0,200.0,Auto-Approved,,No
A/T,Rework (Non-Selling),Competitive,Direct,False,False,Library Only,1,200.0015,Auto-Approved,,No
A/T,Rework (Non-Selling),Competitive,Direct,False,False,Library Only,1000,201.5,Auto-Approved,,No
A/T,Rework (Non-Selling),Competitive,Direct,False,False,Library Only,30000,245.0,Auto-Approved,,No
A/T,Rework (Non-Selling),Competitive,Direct,False,False,Library Only,35000,252.5,Auto-Approved,,No
A/T,Rework (Non-Selling),Competitive,Direct,False,False,Library Only,100000,350.0,Auto-Approved,,No
A/T,Rework (Non-Selling),Competitive,Direct,False,False,Library Only,115000,372.5,Auto-Approved,,No
A/T,Rework (Non-Selling),Competitive,Direct,False,False,Library Only,200000,500.0,Auto-Approved,,No
A/T,Rework (Non-Selling),Competitive,Direct,False,False,Library Only,1000000,1700.0,Auto-Approved,,No
A/T,Rework (Non-Selling),Competitive,Direct,False,False,Starting Point,0,165.0,Auto-Approved,,No
A/T,Rework (Non-Selling),Competitive,Direct,False,False,Starting Point,1,165.0015,Auto-Approved,,No
A/T,Rework (Non-Selling),Competitive,Direct,False,False,Starting Point,1000,166.5,Auto-Approved,,No
A/T,Rework (Non-Selling),Competitive,Direct,False,False,Starting Point,30000,210.0,Auto-Approved,,No
A/T,Rework (Non-Selling),Competitive,Direct,False,False,Starting Point,35000,217.5,Auto-Approved,,No
A/T,Rework (Non-Selling),Competitive,Direct,False,False,Starting Point,100000,315.0,Auto-Approved,,No
A/T,Rework (Non-Selling),Competitive,Direct,False,False,Starting Point,115000,337.5,Auto-Approved,,No
A/T,Rework (Non-Selling),Competitive,Direct,False,False,Starting Point,200000,465.0,Auto-Approved,,No
A/T,Rework (Non-Selling),Competitive,Direct,False,False,Starting Point,1000000,1665.0,Auto-Approved,,No
A/T,Rework (Non-Selling),Competitive,Direct,False,False,Creation/Unknown,0,100.0,Pending Approval,,No
A/T,Rework (Non-Selling),Competitive,Direct,False,False,Creation/Unknown,1,100.00150000000001,Pending Approval,,No
A/T,Rework (Non-Selling),Competitive,Direct,False,False,Creation/Unknown,1000,101.5,Pending Approval,,No
A/T,Rework (Non-Selling),Competitive,Direct,False,False,Creation/Unknown,30000,145.0,Auto-Approved,,No
A/T,Rework (Non-Selling),Competitive,Direct,False,False,Creation/Unknown,35000,152.5,Auto-Approved,,No
A/T,Rework (Non-Selling),Competitive,Direct,False,False,Creation/Unknown,100000,250.0,Auto-Approved,,No
A/T,Rework (Non-Selling),Competitive,Direct,False,False,Creation/Unknown,115000,272.5,Auto-Approved,,No
A/T,Rework (Non-Selling),Competitive,Direct,False,False,Creation/Unknown,200000,400.0,Auto-Approved,,No
A/T,Rework (Non-Selling),Competitive,Direct,False,False,Creation/Unknown,1000000,1600.0,Auto-Approved,,No
A/T,Rework (Non-Selling),Competitive,Direct,False,True,Library Only,0,300.0,Auto-Approved,,No
A/T,Rework (Non-Selling),Competitive,Direct,False,True,Library Only,1,300.00149999999996,Auto-Approved,,No
A/T,Rework (Non-Selling),Competitive,Direct,False,True,Library Only,1000,301.5,Auto-Approved,,No
A/T,Rework (Non-Selling),Competitive,Direct,False,True,Library Only,30000,345.0,Auto-Approved,,No
A/T,Rework (Non-Selling),Competitive,Direct,False,True,Library Only,35000,352.5,Auto-Approved,,No
A/T,Rework (Non-Selling),Competitive,Direct,False,True,Library Only,100000,450.0,Auto-Approved,,No
A/T,Rework (Non-Selling),Competitive,Direct,False,True,Library Only,115000,472.5,Auto-Approved,,No
A/T,Rework (Non-Selling),Competitive,Direct,False,True,Library Only,200000,600.0,Auto-Approved,,No
A/T,Rework (Non-Selling),Competitive,Direct,False,True,Library Only,1000000,1800.0,Auto-Approved,,No
A/T,Rework (Non-Selling),Competitive,Direct,False,True,Starting Point,0,265.0,Auto-Approved,,No
A/T,Rework (Non-Selling),Competitive,Direct,False,True,Starting Point,1,265.00149999999996,Auto-Approved,,No
A/T,Rework (Non-Selling),Competitive,Direct,False,True,Starting Point,1000,266.5,Auto-Approved,,No
A/T,Rework (Non-Selling),Competitive,Direct,False,True,Starting Point,30000,310.0,Auto-Approved,,No
A/T,Rework (Non-Selling),Competitive,Direct,False,True,Starting Point,35000,317.5,Auto-Approved,,No
A/T,Rework (Non-Selling),Competitive,Direct,False,True,Starting Point,100000,415.0,Auto-Approved,,No
A/T,Rework (Non-Selling),Competitive,Direct,False,True,Starting Point,115000,437.5,Auto-Approved,,No
A/T,Rework (Non-Selling),Competitive,Direct,False,True,Starting Point,200000,565.0,Auto-Approved,,No
A/T,Rework (Non-Selling),Competitive,Direct,False,True,Starting Point,1000000,1765.0,Auto-Approved,,No
A/T,Rework (Non-Selling),Competitive,Direct,False,True,Creation/Unknown,0,200.0,Auto-Approved,,No
A/T,Rework (Non-Selling),Competitive,Direct,False,True,Creation/Unknown,1,200.0015,Auto-Approved,,No
A/T,Rework (Non-Selling),Competitive,Direct,False,True,Creation/Unknown,1000,201.5,Auto-Approved,,No
A/T,Rework (Non-Selling),Competitive,Direct,False,True,Creation/Unknown,30000,245.0,Auto-Approved,,No
A/T,Rework (Non-Selling),Competitive,Direct,False,True,Creation/Unknown,35000,252.5,Auto-Approved,,No
A/T,Rework (Non-Selling),Competitive,Direct,False,True,Creation/Unknown,100000,350.0,Auto-Approved,,No
A/T,Rework (Non-Selling),Competitive,Direct,False,True,Creation/Unknown,115000,372.5,Auto-Approved,,No
A/T,Rework (Non-Selling),Competitive,Direct,False,True,Creation/Unknown,200000,500.0,Auto-Approved,,No
A/T,Rework (Non-Selling),Competitive,Direct,False,True,Creation/Unknown,1000000,1700.0,Auto-Approved,,No
A/T,Rework (Non-Selling),Competitive,Direct,True,False,Library Only,0,200.0,Auto-Approved,,Yes
A/T,Rework (Non-Selling),Competitive,Direct,True,False,Library Only,1,200.0015,Auto-Approved,,Yes
A/T,Rework (Non-Selling),Competitive,Direct,True,False,Library Only,1000,201.5,Auto-Approved,,Yes
A/T,Rework (Non-Selling),Competitive,Direct,True,False,Library Only,30000,245.0,Auto-Approved,,Yes
A/T,Rework (Non-Selling),Competitive,Direct,True,False,Library Only,35000,252.5,Auto-Approved,,Yes
A/T,Rework (Non-Selling),Competitive,Direct,True,False,Library Only,100000,350.0,Auto-Approved,,Yes
A/T,Rework (Non-Selling),Competitive,Direct,True,False,Library Only,115000,372.5,Auto-Approved,,Yes
A/T,Rework (Non-Selling),Competitive,Direct,True,False,Library Only,200000,500.0,Auto-Approved,,Yes
A/T,Rework (Non-Selling),Competitive,Direct,True,False,Library Only,1000000,1700.0,Auto-Approved,,Yes
A/T,Rework (Non-Selling),Competitive,Direct,True,False,Starting Point,0,165.0,Auto-Approved,,Yes
A/T,Rework (Non-Selling),Competitive,Direct,True,False,Starting Point,1,165.0015,Auto-Approved,,Yes
A/T,Rework (Non-Selling),Competitive,Direct,True,False,Starting Point,1000,166.5,Auto-Approved,,Yes
A/T,Rework (Non-Selling),Competitive,Direct,True,False,Starting Point,30000,210.0,Auto-Approved,,Yes
A/T,Rework (Non-Selling),Competitive,Direct,True,False,Starting Point,35000,217.5,Auto-Approved,,Yes
A/T,Rework (Non-Selling),Competitive,Direct,True,False,Starting Point,100000,315.0,Auto-Approved,,Yes
A/T,Rework (Non-Selling),Competitive,Direct,True,False,Starting Point,115000,337.5,Auto-Approved,,Yes
A/T,Rework (Non-Selling),Competitive,Direct,True,False,Starting Point,200000,465.0,Auto-Approved,,Yes
A/T,Rework (Non-Selling),Competitive,Direct,True,False,Starting Point,1000000,1665.0,Auto-Approved,,Yes
A/T,Rework (Non-Selling),Competitive,Direct,True,False,Creation/Unknown,0,100.0,Auto-Approved,,Yes
A/T,Rework (Non-Selling),Competitive,Direct,True,False,Creation/Unknown,1,100.00150000000001,Auto-Approved,,Yes
A/T,Rework (Non-Selling),Competitive,Direct,True,False,Creation/Unknown,1000,101.5,Auto-Approved,,Yes
A/T,Rework (Non-Selling),Competitive,Direct,True,False,Creation/Unknown,30000,145.0,Auto-Approved,,Yes
A/T,Rework (Non-Selling),Competitive,Direct,True,False,Creation/Unknown,35000,152.5,Auto-Approved,,Yes
A/T,Rework (Non-Selling),Competitive,Direct,True,False,Creation/Unknown,100000,250.0,Auto-Approved,,Yes
A/T,Rework (Non-Selling),Competitive,Direct,True,False,Creation/Unknown,115000,272.5,Auto-Approved,,Yes
A/T,Rework (Non-Selling),Competitive,Direct,True,False,Creation/Unknown,200000,400.0,Auto-Approved,,Yes
A/T,Rework (Non-Selling),Competitive,Direct,True,False,Creation/Unknown,1000000,1600.0,Auto-Approved,,Yes
A/T,Rework (Non-Selling),Competitive,Direct,True,True,Library Only,0,300.0,Auto-Approved,,Yes
A/T,Rework (Non-Selling),Competitive,Direct,True,True,Library Only,1,300.00149999999996,Auto-Approved,,Yes
A/T,Rework (Non-Selling),Competitive,Direct,True,True,Library Only,1000,301.5,Auto-Approved,,Yes
A/T,Rework (Non-Selling),Competitive,Direct,True,True,Library Only,30000,345.0,Auto-Approved,,Yes
A/T,Rework (Non-Selling),Competitive,Direct,True,True,Library Only,35000,352.5,Auto-Approved,,Yes
A/T,Rework (Non-Selling),Competitive,Direct,True,True,Library Only,100000,450.0,Auto-Approved,,Yes
A/T,Rework (Non-Selling),Competitive,Direct,True,True,Library Only,115000,472.5,Auto-Approved,,Yes
A/T,Rework (Non-Selling),Competitive,Direct,True,True,Library Only,200000,600.0,Auto-Approved,,Yes
A/T,Rework (Non-Selling),Competitive,Direct,True,True,Library Only,1000000,1800.0,Auto-Approved,,Yes
A/T,Rework (Non-Selling),Competitive,Direct,True,True,Starting Point,0,265.0,Auto-Approved,,Yes
A/T,Rework (Non-Selling),Competitive,Direct,True,True,Starting Point,1,265.00149999999996,Auto-Approved,,Yes
A/T,Rework (Non-Selling),Competitive,Direct,True,True,Starting Point,1000,266.5,Auto-Approved,,Yes
A/T,Rework (Non-Selling),Competitive,Direct,True,True,Starting Point,30000,310.0,Auto-Approved,,Yes
A/T,Rework (Non-Selling),Competitive,Direct,True,True,Starting Point,35000,317.5,Auto-Approved,,Yes
A/T,Rework (Non-Selling),Competitive,Direct,True,True,Starting Point,100000,415.0,Auto-Approved,,Yes
A/T,Rework (Non-Selling),Competitive,Direct,True,True,Starting Point,115000,437.5,Auto-Approved,,Yes
A/T,Rework (Non-Selling),Competitive,Direct,True,True,Starting Point,200000,565.0,Auto-Approved,,Yes
A/T,Rework (Non-Selling),Competitive,Direct,True,True,Starting Point,1000000,1765.0,Auto-Approved,,Yes
A/T,Rework (Non-Selling),Competitive,Direct,True,True,Creation/Unknown,0,200.0,Auto-Approved,,Yes
A/T,Rework (Non-Selling),Competitive,Direct,True,True,Creation/Unknown,1,200.0015,Auto-Approved,,Yes
A/T,Rework (Non-Selling),Competitive,Direct,True,True,Creation/Unknown,1000,201.5,Auto-Approved,,Yes
A/T,Rework (Non-Selling),Competitive,Direct,True,True,Creation/Unknown,30000,245.0,Auto-Approved,,Yes
A/T,Rework (Non-Selling),Competitive,Direct,True,True,Creation/Unknown,35000,252.5,Auto-Approved,,Yes
A/T,Rework (Non-Selling),Competitive,Direct,True,True,Creation/Unknown,100000,350.0,Auto-Approved,,Yes
A/T,Rework (Non-Selling),Competitive,Direct,True,True,Creation/Unknown,115000,372.5,Auto-Approved,,Yes
A/T,Rework (Non-Selling),Competitive,Direct,True,True,Creation/Unknown,200000,500.0,Auto-Approved,,Yes
A/T,Rework (Non-Selling),Competitive,Direct,True,True,Creation/Unknown,1000000,1700.0,Auto-Approved,,Yes
A/T,Rework (Non-Selling),Competitive,Deferred/Unknown,False,False,Library Only,0,200.0,Auto-Approved,,No
A/T,Rework (Non-Selling),Competitive,Deferred/Unknown,False,False,Library Only,1,200.001,Auto-Approved,,No
A/T,Rework (Non-Selling),Competitive,Deferred/Unknown,False,False,Library Only,1000,201.0,Auto-Approved,,No
A/T,Rework (Non-Selling),Competitive,Deferred/Unknown,False,False,Library Only,30000,230.0,Auto-Approved,,No
A/T,Rework (Non-Selling),Competitive,Deferred/Unknown,False,False,Library Only,35000,235.0,Auto-Approved,,No
A/T,Rework (Non-Selling),Competitive,Deferred/Unknown,False,False,Library Only,100000,300.0,Auto-Approved,,No
A/T,Rework (Non-Selling),Competitive,Deferred/Unknown,False,False,Library Only,115000,315.0,Auto-Approved,,No
A/T,Rework (Non-Selling),Competitive,Deferred/Unknown,False,False,Library Only,200000,400.0,Auto-Approved,,No
A/T,Rework (Non-Selling),Competitive,Deferred/Unknown,False,False,Library Only,1000000,1200.0,Auto-Approved,,No
A/T,Rework (Non-Selling),Competitive,Deferred/Unknown,False,False,Starting Point,0,165.0,Auto-Approved,,No
A/T,Rework (Non-Selling),Competitive,Deferred/Unknown,False,False,Starting Point,1,165.001,Auto-Approved,,No
A/T,Rework (Non-Selling),Competitive,Deferred/Unknown,False,False,Starting Point,1000,166.0,Auto-Approved,,No
A/T,Rework (Non-Selling),Competitive,Deferred/Unknown,False,False,Starting Point,30000,195.0,Auto-Approved,,No
A/T,Rework (Non-Selling),Competitive,Deferred/Unknown,False,False,Starting Point,35000,200.0,Auto-Approved,,No
A/T,Rework (Non-Selling),Competitive,Deferred/Unknown,False,False,Starting Point,100000,265.0,Auto-Approved,,No
A/T,Rework (Non-Selling),Competitive,Deferred/Unknown,False,False,Starting Point,115000,280.0,Auto-Approved,,No
A/T,Rework (Non-Selling),Competitive,Deferred/Unknown,False,False,Starting Point,200000,365.0,Auto-Approved,,No
A/T,Rework (Non-Selling),Competitive,Deferred/Unknown,False,False,Starting Point,1000000,1165.0,Auto-Approved,,No
A/T,Rework (Non-Selling),Competitive,Deferred/Unknown,False,False,Creation/Unknown,0,100.0,Pending Approval,,No
A/T,Rework (Non-Selling),Competitive,Deferred/Unknown,False,False,Creation/Unknown,1,100.001,Pending Approval,,No
A/T,Rework (Non-Selling),Competitive,Deferred/Unknown,False,False,Creation/Unknown,1000,101.0,Pending Approval,,No
A/T,Rework (Non-Selling),Competitive,Deferred/Unknown,False,False,Creation/Unknown,30000,130.0,Auto-Approved,,No
A/T,Rework (Non-Selling),Competitive,Deferred/Unknown,False,False,Creation/Unknown,35000,135.0,Auto-Approved,,No
A/T,Rework (Non-Selling),Competitive,Deferred/Unknown,False,False,Creation/Unknown,100000,200.0,Auto-Approved,,No
A/T,Rework (Non-Selling),Competitive,Deferred/Unknown,False,False,Creation/Unknown,115000,215.0,Auto-Approved,,No
A/T,Rework (Non-Selling),Competitive,Deferred/Unknown,False,False,Creation/Unknown,200000,300.0,Auto-Approved,,No
A/T,Rework (Non-Selling),Competitive,Deferred/Unknown,False,False,Creation/Unknown,1000000,1100.0,Auto-Approved,,No
A/T,Rework (Non-Selling),Competitive,Deferred/Unknown,False,True,Library Only,0,300.0,Auto-Approved,,No
A/T,Rework (Non-Selling),Competitive,Deferred/Unknown,False,True,Library Only,1,300.001,Auto-Approved,,No
A/T,Rework (Non-Selling),Competitive,Deferred/Unknown,False,True,Library Only,1000,301.0,Auto-Approved,,No
A/T,Rework (Non-Selling),Competitive,Deferred/Unknown,False,True,Library Only,30000,330.0,Auto-Approved,,No
A/T,Rework (Non-Selling),Competitive,Deferred/Unknown,False,True,Library Only,35000,335.0,Auto-Approved,,No
A/T,Rework (Non-Selling),Competitive,Deferred/Unknown,False,True,Library Only,100000,400.0,Auto-Approved,,No
A/T,Rework (Non-Selling),Competitive,Deferred/Unknown,False,True,Library Only,115000,415.0,Auto-Approved,,No
A/T,Rework (Non-Selling),Competitive,Deferred/Unknown,False,True,Library Only,200000,500.0,Auto-Approved,,No
A/T,Rework (Non-Selling),Competitive,Deferred/Unknown,False,True,Library Only,1000000,1300.0,Auto-Approved,,No
A/T,Rework (Non-Selling),Competitive,Deferred/Unknown,False,True,Starting Point,0,265.0,Auto-Approved,,No
A/T,Rework (Non-Selling),Competitive,Deferred/Unknown,False,True,Starting Point,1,265.001,Auto-Approved,,No
A/T,Rework (Non-Selling),Competitive,Deferred/Unknown,False,True,Starting Point,1000,266.0,Auto-Approved,,No
A/T,Rework (Non-Selling),Competitive,Deferred/Unknown,False,True,Starting Point,30000,295.0,Auto-Approved,,No
A/T,Rework (Non-Selling),Competitive,Deferred/Unknown,False,True,Starting Point,35000,300.0,Auto-Approved,,No
A/T,Rework (Non-Selling),Competitive,Deferred/Unknown,False,True,Starting Point,100000,365.0,Auto-Approved,,No
A/T,Rework (Non-Selling),Competitive,Deferred/Unknown,False,True,Starting Point,115000,380.0,Auto-Approved,,No
A/T,Rework (Non-Selling),Competitive,Deferred/Unknown,False,True,Starting Point,200000,465.0,Auto-Approved,,No
A/T,Rework (Non-Selling),Competitive,Deferred/Unknown,False,True,Starting Point,1000000,1265.0,Auto-Approved,,No
A/T,Rework (Non-Selling),Competitive,Deferred/Unknown,False,True,Creation/Unknown,0,200.0,Auto-Approved,,No
A/T,Rework (Non-Selling),Competitive,Deferred/Unknown,False,True,Creation/Unknown,1,200.001,Auto-Approved,,No
A/T,Rework (Non-Selling),Competitive,Deferred/Unknown,False,True,Creation/Unknown,1000,201.0,Auto-Approved,,No
A/T,Rework (Non-Selling),Competitive,Deferred/Unknown,False,True,Creation/Unknown,30000,230.0,Auto-Approved,,No
A/T,Rework (Non-Selling),Competitive,Deferred/Unknown,False,True,Creation/Unknown,35000,235.0,Auto-Approved,,No
A/T,Rework (Non-Selling),Competitive,Deferred/Unknown,False,True,Creation/Unknown,100000,300.0,Auto-Approved,,No
A/T,Rework (Non-Selling),Competitive,Deferred/Unknown,False,True,Creation/Unknown,115000,315.0,Auto-Approved,,No
A/T,Rework (Non-Selling),Competitive,Deferred/Unknown,False,True,Creation/Unknown,200000,400.0,Auto-Approved,,No
A/T,Rework (Non-Selling),Competitive,Deferred/Unknown,False,True,Creation/Unknown,1000000,1200.0,Auto-Approved,,No
A/T,Rework (Non-Selling),Competitive,Deferred/Unknown,True,False,Library Only,0,200.0,Auto-Approved,,Yes
A/T,Rework (Non-Selling),Competitive,Deferred/Unknown,True,False,Library Only,1,200.001,Auto-Approved,,Yes
A/T,Rework (Non-Selling),Competitive,Deferred/Unknown,True,False,Library Only,1000,201.0,Auto-Approved,,Yes
A/T,Rework (Non-Selling),Competitive,Deferred/Unknown,True,False,Library Only,30000,230.0,Auto-Approved,,Yes
A/T,Rework (Non-Selling),Competitive,Deferred/Unknown,True,False,Library Only,35000,235.0,Auto-Approved,,Yes
A/T,Rework (Non-Selling),Competitive,Deferred/Unknown,True,False,Library Only,100000,300.0,Auto-Approved,,Yes
A/T,Rework (Non-Selling),Competitive,Deferred/Unknown,True,False,Library Only,115000,315.0,Auto-Approved,,Yes
A/T,Rework (Non-Selling),Competitive,Deferred/Unknown,True,False,Library Only,200000,400.0,Auto-Approved,,Yes
A/T,Rework (Non-Selling),Competitive,Deferred/Unknown,True,False,Library Only,1000000,1200.0,Auto-Approved,,Yes
A/T,Rework (Non-Selling),Competitive,Deferred/Unknown,True,False,Starting Point,0,165.0,Auto-Approved,,Yes
A/T,Rework (Non-Selling),Competitive,Deferred/Unknown,True,False,Starting Point,1,165.001,Auto-Approved,,Yes
A/T,Rework (Non-Selling),Competitive,Deferred/Unknown,True,False,Starting Point,1000,166.0,Auto-Approved,,Yes
A/T,Rework (Non-Selling),Competitive,Deferred/Unknown,True,False,Starting Point,30000,195.0,Auto-Approved,,Yes
A/T,Rework (Non-Selling),Competitive,Deferred/Unknown,True,False,Starting Point,35000,200.0,Auto-Approved,,Yes
A/T,Rework (Non-Selling),Competitive,Deferred/Unknown,True,False,Starting Point,100000,265.0,Auto-Approved,,Yes
A/T,Rework (Non-Selling),Competitive,Deferred/Unknown,True,False,Starting Point,115000,280.0,Auto-Approved,,Yes
A/T,Rework (Non-Selling),Competitive,Deferred/Unknown,True,False,Starting Point,200000,365.0,Auto-Approved,,Yes
A/T,Rework (Non-Selling),Competitive,Deferred/Unknown,True,False,Starting Point,1000000,1165.0,Auto-Approved,,Yes
A/T,Rework (Non-Selling),Competitive,Deferred/Unknown,True,False,Creation/Unknown,0,100.0,Auto-Approved,,Yes
A/T,Rework (Non-Selling),Competitive,Deferred/Unknown,True,False,Creation/Unknown,1,100.001,Auto-Approved,,Yes
A/T,Rework (Non-Selling),Competitive,Deferred/Unknown,True,False,Creation/Unknown,1000,101.0,Auto-Approved,,Yes
A/T,Rework (Non-Selling),Competitive,Deferred/Unknown,True,False,Creation/Unknown,30000,130.0,Auto-Approved,,Yes
A/T,Rework (Non-Selling),Competitive,Deferred/Unknown,True,False,Creation/Unknown,35000,135.0,Auto-Approved,,Yes
A/T,Rework (Non-Selling),Competitive,Deferred/Unknown,True,False,Creation/Unknown,100000,200.0,Auto-Approved,,Yes
A/T,Rework (Non-Selling),Competitive,Deferred/Unknown,True,False,Creation/Unknown,115000,215.0,Auto-Approved,,Yes
A/T,Rework (Non-Selling),Competitive,Deferred/Unknown,True,False,Creation/Unknown,200000,300.0,Auto-Approved,,Yes
A/T,Rework (Non-Selling),Competitive,Deferred/Unknown,True,False,Creation/Unknown,1000000,1100.0,Auto-Approved,,Yes
A/T,Rework (Non-Selling),Competitive,Deferred/Unknown,True,True,Library Only,0,300.0,Auto-Approved,,Yes
A/T,Rework (Non-Selling),Competitive,Deferred/Unknown,True,True,Library Only,1,300.001,Auto-Approved,,Yes
A/T,Rework (Non-Selling),Competitive,Deferred/Unknown,True,True,Library Only,1000,301.0,Auto-Approved,,Yes
A/T,Rework (Non-Selling),Competitive,Deferred/Unknown,True,True,Library Only,30000,330.0,Auto-Approved,,Yes
A/T,Rework (Non-Selling),Competitive,Deferred/Unknown,True,True,Library Only,35000,335.0,Auto-Approved,,Yes
A/T,Rework (Non-Selling),Competitive,Deferred/Unknown,True,True,Library Only,100000,400.0,Auto-Approved,,Yes
A/T,Rework (Non-Selling),Competitive,Deferred/Unknown,True,True,Library Only,115000,415.0,Auto-Approved,,Yes
A/T,Rework (Non-Selling),Competitive,Deferred/Unknown,True,True,Library Only,200000,500.0,Auto-Approved,,Yes
A/T,Rework (Non-Selling),Competitive,Deferred/Unknown,True,True,Library Only,1000000,1300.0,Auto-Approved,,Yes
A/T,Rework (Non-Selling),Competitive,Deferred/Unknown,True,True,Starting Point,0,265.0,Auto-Approved,,Yes
A/T,Rework (Non-Selling),Competitive,Deferred/Unknown,True,True,Starting Point,1,265.001,Auto-Approved,,Yes
A/T,Rework (Non-Selling),Competitive,Deferred/Unknown,True,True,Starting Point,1000,266.0,Auto-Approved,,Yes
A/T,Rework (Non-Selling),Competitive,Deferred/Unknown,True,True,Starting Point,30000,295.0,Auto-Approved,,Yes
A/T,Rework (Non-Selling),Competitive,Deferred/Unknown,True,True,Starting Point,35000,300.0,Auto-Approved,,Yes
A/T,Rework (Non-Selling),Competitive,Deferred/Unknown,True,True,Starting Point,100000,365.0,Auto-Approved,,Yes
A/T,Rework (Non-Selling),Competitive,Deferred/Unknown,True,True,Starting Point,115000,380.0,Auto-Approved,,Yes
A/T,Rework (Non-Selling),Competitive,Deferred/Unknown,True,True,Starting Point,200000,465.0,Auto-Approved,,Yes
A/T,Rework (Non-Selling),Competitive,Deferred/Unknown,True,True,Starting Point,1000000,1265.0,Auto-Approved,,Yes
A/T,Rework (Non-Selling),Competitive,Deferred/Unknown,True,True,Creation/Unknown,0,200.0,Auto-Approved,,Yes
A/T,Rework (Non-Selling),Competitive,Deferred/Unknown,True,True,Creation/Unknown,1,200.001,Auto-Approved,,Yes
A/T,Rework (Non-Selling),Competitive,Deferred/Unknown,True,True,Creation/Unknown,1000,201.0,Auto-Approved,,Yes
A/T,Rework (Non-Selling),Competitive,Deferred/Unknown,True,True,Creation/Unknown,30000,230.0,Auto-Approved,,Yes
A/T,Rework (Non-Selling),Competitive,Deferred/Unknown,True,True,Creation/Unknown,35000,235.0,Auto-Approved,,Yes
A/T,Rework (Non-Selling),Competitive,Deferred/Unknown,True,True,Creation/Unknown,100000,300.0,Auto-Approved,,Yes
A/T,Rework (Non-Selling),Competitive,Deferred/Unknown,True,True,Creation/Unknown,115000,315.0,Auto-Approved,,Yes
A/T,Rework (Non-Selling),Competitive,Deferred/Unknown,True,True,Creation/Unknown,200000,400.0,Auto-Approved,,Yes
A/T,Rework (Non-Selling),Competitive,Deferred/Unknown,True,True,Creation/Unknown,1000000,1200.0,Auto-Approved,,Yes
A/T,Rework (Non-Selling),ProActive,Direct,False,False,Library Only,0,200.0,Auto-Approved,,No
A/T,Rework (Non-Selling),ProActive,Direct,False,False,Library Only,1,200.001,Auto-Approved,,No
A/T,Rework (Non-Selling),ProActive,Direct,False,False,Library Only,1000,201.0,Auto-Approved,,No
A/T,Rework (Non-Selling),ProActive,Direct,False,False,Library Only,30000,230.0,Auto-Approved,,No
A/T,Rework (Non-Selling),ProActive,Direct,False,False,Library Only,35000,235.0,Auto-Approved,,No
A/T,Rework (Non-Selling),ProActive,Direct,False,False,Library Only,100000,300.0,Auto-Approved,,No
A/T,Rework (Non-Selling),ProActive,Direct,False,False,Library Only,115000,315.0,Auto-Approved,,No
A/T,Rework (Non-Selling),ProActive,Direct,False,False,Library Only,200000,400.0,Auto-Approved,,No
A/T,Rework (Non-Selling),ProActive,Direct,False,False,Library Only,1000000,1200.0,Auto-Approved,,No
A/T,Rework (Non-Selling),ProActive,Direct,False,False,Starting Point,0,165.0,Auto-Approved,,No
A/T,Rework (Non-Selling),ProActive,Direct,False,False,Starting Point,1,165.001,Auto-Approved,,No
A/T,Rework (Non-Selling),ProActive,Direct,False,False,Starting Point,1000,166.0,Auto-Approved,,No
A/T,Rework (Non-Selling),ProActive,Direct,False,False,Starting Point,30000,195.0,Auto-Approved,,No
A/T,Rework (Non-Selling),ProActive,Direct,False,False,Starting Point,35000,200.0,Auto-Approved,,No
A/T,Rework (Non-Selling),ProActive,Direct,False,False,Starting Point,100000,265.0,Auto-Approved,,No
A/T,Rework (Non-Selling),ProActive,Direct,False,False,Starting Point,115000,280.0,Auto-Approved,,No
A/T,Rework (Non-Selling),ProActive,Direct,False,False,Starting Point,200000,365.0,Auto-Approved,,No
A/T,Rework (Non-Selling),ProActive,Direct,False,False,Starting Point,1000000,1165.0,Auto-Approved,,No
A/T,Rework (Non-Selling),ProActive,Direct,False,False,Creation/Unknown,0,100.0,Pending Approval,,No
A/T,Rework (Non-Selling),ProActive,Direct,False,False,Creation/Unknown,1,100.001,Pending Approval,,No
A/T,Rework (Non-Selling),ProActive,Direct,False,False,Creation/Unknown,1000,101.0,Pending Approval,,No
A/T,Rework (Non-Selling),ProActive,Direct,False,False,Creation/Unknown,30000,130.0,Auto-Approved,,No
A/T,Rework (Non-Selling),ProActive,Direct,False,False,Creation/Unknown,35000,135.0,Auto-Approved,,No
A/T,Rework (Non-Selling),ProActive,Direct,False,False,Creation/Unknown,100000,200.0,Auto-Approved,,No
A/T,Rework (Non-Selling),ProActive,Direct,False,False,Creation/Unknown,115000,215.0,Auto-Approved,,No
A/T,Rework (Non-Selling),ProActive,Direct,False,False,Creation/Unknown,200000,300.0,Auto-Approved,,No
A/T,Rework (Non-Selling),ProActive,Direct,False,False,Creation/Unknown,1000000,1100.0,Auto-Approved,,No
A/T,Rework (Non-Selling),ProActive,Direct,False,True,Library Only,0,300.0,Auto-Approved,,No
A/T,Rework (Non-Selling),ProActive,Direct,False,True,Library Only,1,300.001,Auto-Approved,,No
A/T,Rework (Non-Selling),ProActive,Direct,False,True,Library Only,1000,301.0,Auto-Approved,,No
A/T,Rework (Non-Selling),ProActive,Direct,False,True,Library Only,30000,330.0,Auto-Approved,,No
A/T,Rework (Non-Selling),ProActive,Direct,False,True,Library Only,35000,335.0,Auto-Approved,,No
A/T,Rework (Non-Selling),ProActive,Direct,False,True,Library Only,100000,400.0,Auto-Approved,,No
A/T,Rework (Non-Selling),ProActive,Direct,False,True,Library Only,115000,415.0,Auto-Approved,,No
A/T,Rework (Non-Selling),ProActive,Direct,False,True,Library Only,200000,500.0,Auto-Approved,,No
A/T,Rework (Non-Selling),ProActive,Direct,False,True,Library Only,1000000,1300.0,Auto-Approved,,No
A/T,Rework (Non-Selling),ProActive,Direct,False,True,Starting Point,0,265.0,Auto-Approved,,No
A/T,Rework (Non-Selling),ProActive,Direct,False,True,Starting Point,1,265.001,Auto-Approved,,No
A/T,Rework (Non-Selling),ProActive,Direct,False,True,Starting Point,1000,266.0,Auto-Approved,,No
A/T,Rework (Non-Selling),ProActive,Direct,False,True,Starting Point,30000,295.0,Auto-Approved,,No
A/T,Rework (Non-Selling),ProActive,Direct,False,True,Starting Point,35000,300.0,Auto-Approved,,No
A/T,Rework (Non-Selling),ProActive,Direct,False,True,Starting Point,100000,365.0,Auto-Approved,,No
A/T,Rework (Non-Selling),ProActive,Direct,False,True,Starting Point,115000,380.0,Auto-Approved,,No
A/T,Rework (Non-Selling),ProActive,Direct,False,True,Starting Point,200000,465.0,Auto-Approved,,No
A/T,Rework (Non-Selling),ProActive,Direct,False,True,Starting Point,1000000,1265.0,Auto-Approved,,No
A/T,Rework (Non-Selling),ProActive,Direct,False,True,Creation/Unknown,0,200.0,Auto-Approved,,No
A/T,Rework (Non-Selling),ProActive,Direct,False,True,Creation/Unknown,1,200.001,Auto-Approved,,No
A/T,Rework (Non-Selling),ProActive,Direct,False,True,Creation/Unknown,1000,201.0,Auto-Approved,,No
A/T,Rework (Non-Selling),ProActive,Direct,False,True,Creation/Unknown,30000,230.0,Auto-Approved,,No
A/T,Rework (Non-Selling),ProActive,Direct,False,True,Creation/Unknown,35000,235.0,Auto-Approved,,No
A/T,Rework (Non-Selling),ProActive,Direct,False,True,Creation/Unknown,100000,300.0,Auto-Approved,,No
A/T,Rework (Non-Selling),ProActive,Direct,False,True,Creation/Unknown,115000,315.0,Auto-Approved,,No
A/T,Rework (Non-Selling),ProActive,Direct,False,True,Creation/Unknown,200000,400.0,Auto-Approved,,No
A/T,Rework (Non-Selling),ProActive,Direct,False,True,Creation/Unknown,1000000,1200.0,Auto-Approved,,No
A/T,Rework (Non-Selling),ProActive,Direct,True,False,Library Only,0,200.0,Auto-Approved,,Yes
A/T,Rework (Non-Selling),ProActive,Direct,True,False,Library Only,1,200.001,Auto-Approved,,Yes
A/T,Rework (Non-Selling),ProActive,Direct,True,False,Library Only,1000,201.0,Auto-Approved,,Yes
A/T,Rework (Non-Selling),ProActive,Direct,True,False,Library Only,30000,230.0,Auto-Approved,,Yes
A/T,Rework (Non-Selling),ProActive,Direct,True,False,Library Only,35000,235.0,Auto-Approved,,Yes
A/T,Rework (Non-Selling),ProActive,Direct,True,False,Library Only,100000,300.0,Auto-Approved,,Yes
A/T,Rework (Non-Selling),ProActive,Direct,True,False,Library Only,115000,315.0,Auto-Approved,,Yes
A/T,Rework (Non-Selling),ProActive,Direct,True,False,Library Only,200000,400.0,Auto-Approved,,Yes
A/T,Rework (Non-Selling),ProActive,Direct,True,False,Library Only,1000000,1200.0,Auto-Approved,,Yes
A/T,Rework (Non-Selling),ProActive,Direct,True,False,Starting Point,0,165.0,Auto-Approved,,Yes
A/T,Rework (Non-Selling),ProActive,Direct,True,False,Starting Point,1,165.001,Auto-Approved,,Yes
A/T,Rework (Non-Selling),ProActive,Direct,True,False,Starting Point,1000,166.0,Auto-Approved,,Yes
A/T,Rework (Non-Selling),ProActive,Direct,True,False,Starting Point,30000,195.0,Auto-Approved,,Yes
A/T,Rework (Non-Selling),ProActive,Direct,True,False,Starting Point,35000,200.0,Auto-Approved,,Yes
A/T,Rework (Non-Selling),ProActive,Direct,True,False,Starting Point,100000,265.0,Auto-Approved,,Yes
A/T,Rework (Non-Selling),ProActive,Direct,True,False,Starting Point,115000,280.0,Auto-Approved,,Yes
A/T,Rework (Non-Selling),ProActive,Direct,True,False,Starting Point,200000,365.0,Auto-Approved,,Yes
A/T,Rework (Non-Selling),ProActive,Direct,True,False,Starting Point,1000000,1165.0,Auto-Approved,,Yes
A/T,Rework (Non-Selling),ProActive,Direct,True,False,Creation/Unknown,0,100.0,Auto-Approved,,Yes
A/T,Rework (Non-Selling),ProActive,Direct,True,False,Creation/Unknown,1,100.001,Auto-Approved,,Yes
A/T,Rework (Non-Selling),ProActive,Direct,True,False,Creation/Unknown,1000,101.0,Auto-Approved,,Yes
A/T,Rework (Non-Selling),ProActive,Direct,True,False,Creation/Unknown,30000,130.0,Auto-Approved,,Yes
A/T,Rework (Non-Selling),ProActive,Direct,True,False,Creation/Unknown,35000,135.0,Auto-Approved,,Yes
A/T,Rework (Non-Selling),ProActive,Direct,True,False,Creation/Unknown,100000,200.0,Auto-Approved,,Yes
A/T,Rework (Non-Selling),ProActive,Direct,True,False,Creation/Unknown,115000,215.0,Auto-Approved,,Yes
A/T,Rework (Non-Selling),ProActive,Direct,True,False,Creation/Unknown,200000,300.0,Auto-Approved,,Yes
A/T,Rework (Non-Selling),ProActive,Direct,True,False,Creation/Unknown,1000000,1100.0,Auto-Approved,,Yes
A/T,Rework (Non-Selling),ProActive,Direct,True,True,Library Only,0,300.0,Auto-Approved,,Yes
A/T,Rework (Non-Selling),ProActive,Direct,True,True,Library Only,1,300.001,Auto-Approved,,Yes
A/T,Rework (Non-Selling),ProActive,Direct,True,True,Library Only,1000,301.0,Auto-Approved,,Yes
A/T,Rework (Non-Selling),ProActive,Direct,True,True,Library Only,30000,330.0,Auto-Approved,,Yes
A/T,Rework (Non-Selling),ProActive,Direct,True,True,Library Only,35000,335.0,Auto-Approved,,Yes
A/T,Rework (Non-Selling),ProActive,Direct,True,True,Library Only,100000,400.0,Auto-Approved,,Yes
A/T,Rework (Non-Selling),ProActive,Direct,True,True,Library Only,115000,415.0,Auto-Approved,,Yes
A/T,Rework (Non-Selling),ProActive,Direct,True,True,Library Only,200000,500.0,Auto-Approved,,Yes
A/T,Rework (Non-Selling),ProActive,Direct,True,True,Library Only,1000000,1300.0,Auto-Approved,,Yes
A/T,Rework (Non-Selling),ProActive,Direct,True,True,Starting Point,0,265.0,Auto-Approved,,Yes
A/T,Rework (Non-Selling),ProActive,Direct,True,True,Starting Point,1,265.001,Auto-Approved,,Yes
A/T,Rework (Non-Selling),ProActive,Direct,True,True,Starting Point,1000,266.0,Auto-Approved,,Yes
A/T,Rework (Non-Selling),ProActive,Direct,True,True,Starting Point,30000,295.0,Auto-Approved,,Yes
A/T,Rework (Non-Selling),ProActive,Direct,True,True,Starting Point,35000,300.0,Auto-Approved,,Yes
A/T,Rework (Non-Selling),ProActive,Direct,True,True,Starting Point,100000,365.0,Auto-Approved,,Yes
A/T,Rework (Non-Selling),ProActive,Direct,True,True,Starting Point,115000,380.0,Auto-Approved,,Yes
A/T,Rework (Non-Selling),ProActive,Direct,True,True,Starting Point,200000,465.0,Auto-Approved,,Yes
A/T,Rework (Non-Selling),ProActive,Direct,True,True,Starting Point,1000000,1265.0,Auto-Approved,,Yes
A/T,Rework (Non-Selling),ProActive,Direct,True,True,Creation/Unknown,0,200.0,Auto-Approved,,Yes
A/T,Rework (Non-Selling),ProActive,Direct,True,True,Creation/Unknown,1,200.001,Auto-Approved,,Yes
A/T,Rework (Non-Selling),ProActive,Direct,True,True,Creation/Unknown,1000,201.0,Auto-Approved,,Yes
A/T,Rework (Non-Selling),ProActive,Direct,True,True,Creation/Unknown,30000,230.0,Auto-Approved,,Yes
A/T,Rework (Non-Selling),ProActive,Direct,True,True,Creation/Unknown,35000,235.0,Auto-Approved,,Yes
A/T,Rework (Non-Selling),ProActive,Direct,True,True,Creation/Unknown,100000,300.0,Auto-Approved,,Yes
A/T,Rework (Non-Selling),ProActive,Direct,True,True,Creation/Unknown,115000,315.0,Auto-Approved,,Yes
A/T,Rework (Non-Selling),ProActive,Direct,True,True,Creation/Unknown,200000,400.0,Auto-Approved,,Yes
A/T,Rework (Non-Selling),ProActive,Direct,True,True,Creation/Unknown,1000000,1200.0,Auto-Approved,,Yes
A/T,Rework (Non-Selling),ProActive,Deferred/Unknown,False,False,Library Only,0,200.0,Auto-Approved,,No
A/T,Rework (Non-Selling),ProActive,Deferred/Unknown,False,False,Library Only,1,200.0005,Auto-Approved,,No
A/T,Rework (Non-Selling),ProActive,Deferred/Unknown,False,False,Library Only,1000,200.5,Auto-Approved,,No
A/T,Rework (Non-Selling),ProActive,Deferred/Unknown,False,False,Library Only,30000,215.0,Auto-Approved,,No
A/T,Rework (Non-Selling),ProActive,Deferred/Unknown,False,False,Library Only,35000,217.5,Auto-Approved,,No
A/T,Rework (Non-Selling),ProActive,Deferred/Unknown,False,False,Library Only,100000,250.0,Auto-Approved,,No
A/T,Rework (Non-Selling),ProActive,Deferred/Unknown,False,False,Library Only,115000,257.5,Auto-Approved,,No
A/T,Rework (Non-Selling),ProActive,Deferred/Unknown,False,False,Library Only,200000,300.0,Auto-Approved,,No
A/T,Rework (Non-Selling),ProActive,Deferred/Unknown,False,False,Library Only,1000000,700.0,Auto-Approved,,No
A/T,Rework (Non-Selling),ProActive,Deferred/Unknown,False,False,Starting Point,0,165.0,Auto-Approved,,No
A/T,Rework (Non-Selling),ProActive,Deferred/Unknown,False,False,Starting Point,1,165.0005,Auto-Approved,,No
A/T,Rework (Non-Selling),ProActive,Deferred/Unknown,False,False,Starting Point,1000,165.5,Auto-Approved,,No
A/T,Rework (Non-Selling),ProActive,Deferred/Unknown,False,False,Starting Point,30000,180.0,Auto-Approved,,No
A/T,Rework (Non-Selling),ProActive,Deferred/Unknown,False,False,Starting Point,35000,182.5,Auto-Approved,,No
A/T,Rework (Non-Selling),ProActive,Deferred/Unknown,False,False,Starting Point,100000,215.0,Auto-Approved,,No
A/T,Rework (Non-Selling),ProActive,Deferred/Unknown,False,False,Starting Point,115000,222.5,Auto-Approved,,No
A/T,Rework (Non-Selling),ProActive,Deferred/Unknown,False,False,Starting Point,200000,265.0,Auto-Approved,,No
A/T,Rework (Non-Selling),ProActive,Deferred/Unknown,False,False,Starting Point,1000000,665.0,Auto-Approved,,No
A/T,Rework (Non-Selling),ProActive,Deferred/Unknown,False,False,Creation/Unknown,0,100.0,Pending Approval,,No
A/T,Rework (Non-Selling),ProActive,Deferred/Unknown,False,False,Creation/Unknown,1,100.0005,Pending Approval,,No
A/T,Rework (Non-Selling),ProActive,Deferred/Unknown,False,False,Creation/Unknown,1000,100.5,Pending Approval,,No
A/T,Rework (Non-Selling),ProActive,Deferred/Unknown,False,False,Creation/Unknown,30000,115.0,Auto-Approved,,No
A/T,Rework (Non-Selling),ProActive,Deferred/Unknown,False,False,Creation/Unknown,35000,117.5,Auto-Approved,,No
A/T,Rework (Non-Selling),ProActive,Deferred/Unknown,False,False,Creation/Unknown,100000,150.0,Auto-Approved,,No
A/T,Rework (Non-Selling),ProActive,Deferred/Unknown,False,False,Creation/Unknown,115000,157.5,Auto-Approved,,No
A/T,Rework (Non-Selling),ProActive,Deferred/Unknown,False,False,Creation/Unknown,200000,200.0,Auto-Approved,,No
A/T,Rework (Non-Selling),ProActive,Deferred/Unknown,False,False,Creation/Unknown,1000000,600.0,Auto-Approved,,No
A/T,Rework (Non-Selling),ProActive,Deferred/Unknown,False,True,Library Only,0,300.0,Auto-Approved,,No
A/T,Rework (Non-Selling),ProActive,Deferred/Unknown,False,True,Library Only,1,300.0005,Auto-Approved,,No
A/T,Rework (Non-Selling),ProActive,Deferred/Unknown,False,True,Library Only,1000,300.5,Auto-Approved,,No
A/T,Rework (Non-Selling),ProActive,Deferred/Unknown,False,True,Library Only,30000,315.0,Auto-Approved,,No
A/T,Rework (Non-Selling),ProActive,Deferred/Unknown,False,True,Library Only,35000,317.5,Auto-Approved,,No
A/T,Rework (Non-Selling),ProActive,Deferred/Unknown,False,True,Library Only,100000,350.0,Auto-Approved,,No
A/T,Rework (Non-Selling),ProActive,Deferred/Unknown,False,True,Library Only,115000,357.5,Auto-Approved,,No
A/T,Rework (Non-Selling),ProActive,Deferred/Unknown,False,True,Library Only,200000,400.0,Auto-Approved,,No
A/T,Rework (Non-Selling),ProActive,Deferred/Unknown,False,True,Library Only,1000000,800.0,Auto-Approved,,No
A/T,Rework (Non-Selling),ProActive,Deferred/Unknown,False,True,Starting Point,0,265.0,Auto-Approved,,No
A/T,Rework (Non-Selling),ProActive,Deferred/Unknown,False,True,Starting Point,1,265.0005,Auto-Approved,,No
A/T,Rework (Non-Selling),ProActive,Deferred/Unknown,False,True,Starting Point,1000,265.5,Auto-Approved,,No
A/T,Rework (Non-Selling),ProActive,Deferred/Unknown,False,True,Starting Point,30000,280.0,Auto-Approved,,No
A/T,Rework (Non-Selling),ProActive,Deferred/Unknown,False,True,Starting Point,35000,282.5,Auto-Approved,,No
A/T,Rework (Non-Selling),ProActive,Deferred/Unknown,False,True,Starting Point,100000,315.0,Auto-Approved,,No
A/T,Rework (Non-Selling),ProActive,Deferred/Unknown,False,True,Starting Point,115000,322.5,Auto-Approved,,No
A/T,Rework (Non-Selling),ProActive,Deferred/Unknown,False,True,Starting Point,200000,365.0,Auto-Approved,,No
A/T,Rework (Non-Selling),ProActive,Deferred/Unknown,False,True,Starting Point,1000000,765.0,Auto-Approved,,No
A/T,Rework (Non-Selling),ProActive,Deferred/Unknown,False,True,Creation/Unknown,0,200.0,Auto-Approved,,No
A/T,Rework (Non-Selling),ProActive,Deferred/Unknown,False,True,Creation/Unknown,1,200.0005,Auto-Approved,,No
A/T,Rework (Non-Selling),ProActive,Deferred/Unknown,False,True,Creation/Unknown,1000,200.5,Auto-Approved,,No
A/T,Rework (Non-Selling),ProActive,Deferred/Unknown,False,True,Creation/Unknown,30000,215.0,Auto-Approved,,No
A/T,Rework (Non-Selling),ProActive,Deferred/Unknown,False,True,Creation/Unknown,35000,217.5,Auto-Approved,,No
A/T,Rework (Non-Selling),ProActive,Deferred/Unknown,False,True,Creation/Unknown,100000,250.0,Auto-Approved,,No
A/T,Rework (Non-Selling),ProActive,Deferred/Unknown,False,True,Creation/Unknown,115000,257.5,Auto-Approved,,No
A/T,Rework (Non-Selling),ProActive,Deferred/Unknown,False,True,Creation/Unknown,200000,300.0,Auto-Approved,,No
A/T,Rework (Non-Selling),ProActive,Deferred/Unknown,False,True,Creation/Unknown,1000000,700.0,Auto-Approved,,No
A/T,Rework (Non-Selling),ProActive,Deferred/Unknown,True,False,Library Only,0,200.0,Auto-Approved,,Yes
A/T,Rework (Non-Selling),ProActive,Deferred/Unknown,True,False,Library Only,1,200.0005,Auto-Approved,,Yes
A/T,Rework (Non-Selling),ProActive,Deferred/Unknown,True,False,Library Only,1000,200.5,Auto-Approved,,Yes
A/T,Rework (Non-Selling),ProActive,Deferred/Unknown,True,False,Library Only,30000,215.0,Auto-Approved,,Yes
A/T,Rework (Non-Selling),ProActive,Deferred/Unknown,True,False,Library Only,35000,217.5,Auto-Approved,,Yes
A/T,Rework (Non-Selling),ProActive,Deferred/Unknown,True,False,Library Only,100000,250.0,Auto-Approved,,Yes
A/T,Rework (Non-Selling),ProActive,Deferred/Unknown,True,False,Library Only,115000,257.5,Auto-Approved,,Yes
A/T,Rework (Non-Selling),ProActive,Deferred/Unknown,True,False,Library Only,200000,300.0,Auto-Approved,,Yes
A/T,Rework (Non-Selling),ProActive,Deferred/Unknown,True,False,Library Only,1000000,700.0,Auto-Approved,,Yes
A/T,Rework (Non-Selling),ProActive,Deferred/Unknown,True,False,Starting Point,0,165.0,Auto-Approved,,Yes
A/T,Rework (Non-Selling),ProActive,Deferred/Unknown,True,False,Starting Point,1,165.0005,Auto-Approved,,Yes
A/T,Rework (Non-Selling),ProActive,Deferred/Unknown,True,False,Starting Point,1000,165.5,Auto-Approved,,Yes
A/T,Rework (Non-Selling),ProActive,Deferred/Unknown,True,False,Starting Point,30000,180.0,Auto-Approved,,Yes
A/T,Rework (Non-Selling),ProActive,Deferred/Unknown,True,False,Starting Point,35000,182.5,Auto-Approved,,Yes
A/T,Rework (Non-Selling),ProActive,Deferred/Unknown,True,False,Starting Point,100000,215.0,Auto-Approved,,Yes
A/T,Rework (Non-Selling),ProActive,Deferred/Unknown,True,False,Starting Point,115000,222.5,Auto-Approved,,Yes
A/T,Rework (Non-Selling),ProActive,Deferred/Unknown,True,False,Starting Point,200000,265.0,Auto-Approved,,Yes
A/T,Rework (Non-Selling),ProActive,Deferred/Unknown,True,False,Starting Point,1000000,665.0,Auto-Approved,,Yes
A/T,Rework (Non-Selling),ProActive,Deferred/Unknown,True,False,Creation/Unknown,0,100.0,Auto-Approved,,Yes
A/T,Rework (Non-Selling),ProActive,Deferred/Unknown,True,False,Creation/Unknown,1,100.0005,Auto-Approved,,Yes
A/T,Rework (Non-Selling),ProActive,Deferred/Unknown,True,False,Creation/Unknown,1000,100.5,Auto-Approved,,Yes
A/T,Rework (Non-Selling),ProActive,Deferred/Unknown,True,False,Creation/Unknown,30000,115.0,Auto-Approved,,Yes
A/T,Rework (Non-Selling),ProActive,Deferred/Unknown,True,False,Creation/Unknown,35000,117.5,Auto-Approved,,Yes
A/T,Rework (Non-Selling),ProActive,Deferred/Unknown,True,False,Creation/Unknown,100000,150.0,Auto-Approved,,Yes
A/T,Rework (Non-Selling),ProActive,Deferred/Unknown,True,False,Creation/Unknown,115000,157.5,Auto-Approved,,Yes
A/T,Rework (Non-Selling),ProActive,Deferred/Unknown,True,False,Creation/Unknown,200000,200.0,Auto-Approved,,Yes
A/T,Rework (Non-Selling),ProActive,Deferred/Unknown,True,False,Creation/Unknown,1000000,600.0,Auto-Approved,,Yes
A/T,Rework (Non-Selling),ProActive,Deferred/Unknown,True,True,Library Only,0,300.0,Auto-Approved,,Yes
A/T,Rework (Non-Selling),ProActive,Deferred/Unknown,True,True,Library Only,1,300.0005,Auto-Approved,,Yes
A/T,Rework (Non-Selling),ProActive,Deferred/Unknown,True,True,Library Only,1000,300.5,Auto-Approved,,Yes
A/T,Rework (Non-Selling),ProActive,Deferred/Unknown,True,True,Library Only,30000,315.0,Auto-Approved,,Yes
A/T,Rework (Non-Selling),ProActive,Deferred/Unknown,True,True,Library Only,35000,317.5,Auto-Approved,,Yes
A/T,Rework (Non-Selling),ProActive,Deferred/Unknown,True,True,Library Only,100000,350.0,Auto-Approved,,Yes
A/T,Rework (Non-Selling),ProActive,Deferred/Unknown,True,True,Library Only,115000,357.5,Auto-Approved,,Yes
A/T,Rework (Non-Selling),ProActive,Deferred/Unknown,True,True,Library Only,200000,400.0,Auto-Approved,,Yes
A/T,Rework (Non-Selling),ProActive,Deferred/Unknown,True,True,Library Only,1000000,800.0,Auto-Approved,,Yes
A/T,Rework (Non-Selling),ProActive,Deferred/Unknown,True,True,Starting Point,0,265.0,Auto-Approved,,Yes
A/T,Rework (Non-Selling),ProActive,Deferred/Unknown,True,True,Starting Point,1,265.0005,Auto-Approved,,Yes
A/T,Rework (Non-Selling),ProActive,Deferred/Unknown,True,True,Starting Point,1000,265.5,Auto-Approved,,Yes
A/T,Rework (Non-Selling),ProActive,Deferred/Unknown,True,True,Starting Point,30000,280.0,Auto-Approved,,Yes
A/T,Rework (Non-Selling),ProActive,Deferred/Unknown,True,True,Starting Point,35000,282.5,Auto-Approved,,Yes
A/T,Rework (Non-Selling),ProActive,Deferred/Unknown,True,True,Starting Point,100000,315.0,Auto-Approved,,Yes
A/T,Rework (Non-Selling),ProActive,Deferred/Unknown,True,True,Starting Point,115000,322.5,Auto-Approved,,Yes
A/T,Rework (Non-Selling),ProActive,Deferred/Unknown,True,True,Starting Point,200000,365.0,Auto-Approved,,Yes
A/T,Rework (Non-Selling),ProActive,Deferred/Unknown,True,True,Starting Point,1000000,765.0,Auto-Approved,,Yes
A/T,Rework (Non-Selling),ProActive,Deferred/Unknown,True,True,Creation/Unknown,0,200.0,Auto-Approved,,Yes
A/T,Rework (Non-Selling),ProActive,Deferred/Unknown,True,True,Creation/Unknown,1,200.0005,Auto-Approved,,Yes
A/T,Rework (Non-Selling),ProActive,Deferred/Unknown,True,True,Creation/Unknown,1000,200.5,Auto-Approved,,Yes
A/T,Rework (Non-Selling),ProActive,Deferred/Unknown,True,True,Creation/Unknown,30000,215.0,Auto-Approved,,Yes
A/T,Rework (Non-Selling),ProActive,Deferred/Unknown,True,True,Creation/Unknown,35000,217.5,Auto-Approved,,Yes
A/T,Rework (Non-Selling),ProActive,Deferred/Unknown,True,True,Creation/Unknown,100000,250.0,Auto-Approved,,Yes
A/T,Rework (Non-Selling),ProActive,Deferred/Unknown,True,True,Creation/Unknown,115000,257.5,Auto-Approved,,Yes
A/T,Rework (Non-Selling),ProActive,Deferred/Unknown,True,True,Creation/Unknown,200000,300.0,Auto-Approved,,Yes
A/T,Rework (Non-Selling),ProActive,Deferred/Unknown,True,True,Creation/Unknown,1000000,700.0,Auto-Approved,,Yes
B,New,Exclusive,Direct,False,False,Library Only,0,150.0,Auto-Approved,,No
B,New,Exclusive,Direct,False,False,Library Only,1,150.0035,Auto-Approved,,No
B,New,Exclusive,Direct,False,False,Library Only,1000,153.5,Auto-Approved,,No
B,New,Exclusive,Direct,False,False,Library Only,30000,255.0,Auto-Approved,,No
B,New,Exclusive,Direct,False,False,Library Only,35000,272.5,Auto-Approved,,No
B,New,Exclusive,Direct,False,False,Library Only,100000,500.0,Auto-Approved,,No
B,New,Exclusive,Direct,False,False,Library Only,115000,552.5,Auto-Approved,,No
B,New,Exclusive,Direct,False,False,Library Only,200000,850.0,Auto-Approved,,No
B,New,Exclusive,Direct,False,False,Library Only,1000000,3650.0,Auto-Approved,,No
B,New,Exclusive,Direct,False,False,Starting Point,0,115.0,Auto-Approved,,No
B,New,Exclusive,Direct,False,False,Starting Point,1,115.0035,Auto-Approved,,No
B,New,Exclusive,Direct,False,False,Starting Point,1000,118.5,Auto-Approved,,No
B,New,Exclusive,Direct,False,False,Starting Point,30000,220.0,Auto-Approved,,No
B,New,Exclusive,Direct,False,False,Starting Point,35000,237.5,Auto-Approved,,No
B,New,Exclusive,Direct,False,False,Starting Point,100000,465.0,Auto-Approved,,No
B,New,Exclusive,Direct,False,False,Starting Point,115000,517.5,Auto-Approved,,No
B,New,Exclusive,Direct,False,False,Starting Point,200000,815.0,Auto-Approved,,No
B,New,Exclusive,Direct,False,False,Starting Point,1000000,3615.0,Auto-Approved,,No
B,New,Exclusive,Direct,False,False,Creation/Unknown,0,50.0,Pending Approval,,No
B,New,Exclusive,Direct,False,False,Creation/Unknown,1,50.0035,Pending Approval,,No
B,New,Exclusive,Direct,False,False,Creation/Unknown,1000,53.5,Pending Approval,,No
B,New,Exclusive,Direct,False,False,Creation/Unknown,30000,155.0,Auto-Approved,,No
B,New,Exclusive,Direct,False,False,Creation/Unknown,35000,172.5,Auto-Approved,,No
B,New,Exclusive,Direct,False,False,Creation/Unknown,100000,400.0,Auto-Approved,,No
B,New,Exclusive,Direct,False,False,Creation/Unknown,115000,452.5,Auto-Approved,,No
B,New,Exclusive,Direct,False,False,Creation/Unknown,200000,750.0,Auto-Approved,,No
B,New,Exclusive,Direct,False,False,Creation/Unknown,1000000,3550.0,Auto-Approved,,No
B,New,Exclusive,Direct,False,True,Library Only,0,250.0,Auto-Approved,,No
B,New,Exclusive,Direct,False,True,Library Only,1,250.0035,Auto-Approved,,No
B,New,Exclusive,Direct,False,True,Library Only,1000,253.5,Auto-Approved,,No
B,New,Exclusive,Direct,False,True,Library Only,30000,355.0,Auto-Approved,,No
B,New,Exclusive,Direct,False,True,Library Only,35000,372.5,Auto-Approved,,No
B,New,Exclusive,Direct,False,True,Library Only,100000,600.0,Auto-Approved,,No
B,New,Exclusive,Direct,False,True,Library Only,115000,652.5,Auto-Approved,,No
B,New,Exclusive,Direct,False,True,Library Only,200000,950.0,Auto-Approved,,No
B,New,Exclusive,Direct,False,True,Library Only,1000000,3750.0,Auto-Approved,,No
B,New,Exclusive,Direct,False,True,Starting Point,0,215.0,Auto-Approved,,No
B,New,Exclusive,Direct,False,True,Starting Point,1,215.0035,Auto-Approved,,No
B,New,Exclusive,Direct,False,True,Starting Point,1000,218.5,Auto-Approved,,No
B,New,Exclusive,Direct,False,True,Starting Point,30000,320.0,Auto-Approved,,No
B,New,Exclusive,Direct,False,True,Starting Point,35000,337.5,Auto-Approved,,No
B,New,Exclusive,Direct,False,True,Starting Point,100000,565.0,Auto-Approved,,No
B,New,Exclusive,Direct,False,True,Starting Point,115000,617.5,Auto-Approved,,No
B,New,Exclusive,Direct,False,True,Starting Point,200000,915.0,Auto-Approved,,No
B,New,Exclusive,Direct,False,True,Starting Point,1000000,3715.0,Auto-Approved,,No
B,New,Exclusive,Direct,False,True,Creation/Unknown,0,150.0,Auto-Approved,,No
B,New,Exclusive,Direct,False,True,Creation/Unknown,1,150.0035,Auto-Approved,,No
B,New,Exclusive,Direct,False,True,Creation/Unknown,1000,153.5,Auto-Approved,,No
B,New,Exclusive,Direct,False,True,Creation/Unknown,30000,255.0,Auto-Approved,,No
B,New,Exclusive,Direct,False,True,Creation/Unknown,35000,272.5,Auto-Approved,,No
B,New,Exclusive,Direct,False,True,Creation/Unknown,100000,500.0,Auto-Approved,,No
B,New,Exclusive,Direct,False,True,Creation/Unknown,115000,552.5,Auto-Approved,,No
B,New,Exclusive,Direct,False,True,Creation/Unknown,200000,850.0,Auto-Approved,,No
B,New,Exclusive,Direct,False,True,Creation/Unknown,1000000,3650.0,Auto-Approved,,No
B,New,Exclusive,Direct,True,False,Library Only,0,150.0,Auto-Approved,,Yes
B,New,Exclusive,Direct,True,False,Library Only,1,150.0035,Auto-Approved,,Yes
B,New,Exclusive,Direct,True,False,Library Only,1000,153.5,Auto-Approved,,Yes
B,New,Exclusive,Direct,True,False,Library Only,30000,255.0,Auto-Approved,,Yes
B,New,Exclusive,Direct,True,False,Library Only,35000,272.5,Auto-Approved,,Yes
B,New,Exclusive,Direct,True,False,Library Only,100000,500.0,Auto-Approved,,Yes
B,New,Exclusive,Direct,True,False,Library Only,115000,552.5,Auto-Approved,,Yes
B,New,Exclusive,Direct,True,False,Library Only,200000,850.0,Auto-Approved,,Yes
B,New,Exclusive,Direct,True,False,Library Only,1000000,3650.0,Auto-Approved,,Yes
B,New,Exclusive,Direct,True,False,Starting Point,0,115.0,Auto-Approved,,Yes
B,New,Exclusive,Direct,True,False,Starting Point,1,115.0035,Auto-Approved,,Yes
B,New,Exclusive,Direct,True,False,Starting Point,1000,118.5,Auto-Approved,,Yes
B,New,Exclusive,Direct,True,False,Starting Point,30000,220.0,Auto-Approved,,Yes
B,New,Exclusive,Direct,True,False,Starting Point,35000,237.5,Auto-Approved,,Yes
B,New,Exclusive,Direct,True,False,Starting Point,100000,465.0,Auto-Approved,,Yes
B,New,Exclusive,Direct,True,False,Starting Point,115000,517.5,Auto-Approved,,Yes
B,New,Exclusive,Direct,True,False,Starting Point,200000,815.0,Auto-Approved,,Yes
B,New,Exclusive,Direct,True,False,Starting Point,1000000,3615.0,Auto-Approved,,Yes
B,New,Exclusive,Direct,True,False,Creation/Unknown,0,50.0,Auto-Approved,,Yes
B,New,Exclusive,Direct,True,False,Creation/Unknown,1,50.0035,Auto-Approved,,Yes
B,New,Exclusive,Direct,True,False,Creation/Unknown,1000,53.5,Auto-Approved,,Yes
B,New,Exclusive,Direct,True,False,Creation/Unknown,30000,155.0,Auto-Approved,,Yes
B,New,Exclusive,Direct,True,False,Creation/Unknown,35000,172.5,Auto-Approved,,Yes
B,New,Exclusive,Direct,True,False,Creation/Unknown,100000,400.0,Auto-Approved,,Yes
B,New,Exclusive,Direct,True,False,Creation/Unknown,115000,452.5,Auto-Approved,,Yes
B,New,Exclusive,Direct,True,False,Creation/Unknown,200000,750.0,Auto-Approved,,Yes
B,New,Exclusive,Direct,True,False,Creation/Unknown,1000000,3550.0,Auto-Approved,,Yes
B,New,Exclusive,Direct,True,True,Library Only,0,250.0,Auto-Approved,,Yes
B,New,Exclusive,Direct,True,True,Library Only,1,250.0035,Auto-Approved,,Yes
B,New,Exclusive,Direct,True,True,Library Only,1000,253.5,Auto-Approved,,Yes
B,New,Exclusive,Direct,True,True,Library Only,30000,355.0,Auto-Approved,,Yes
B,New,Exclusive,Direct,True,True,Library Only,35000,372.5,Auto-Approved,,Yes
B,New,Exclusive,Direct,True,True,Library Only,100000,600.0,Auto-Approved,,Yes
B,New,Exclusive,Direct,True,True,Library Only,115000,652.5,Auto-Approved,,Yes
B,New,Exclusive,Direct,True,True,Library Only,200000,950.0,Auto-Approved,,Yes
B,New,Exclusive,Direct,True,True,Library Only,1000000,3750.0,Auto-Approved,,Yes
B,New,Exclusive,Direct,True,True,Starting Point,0,215.0,Auto-Approved,,Yes
B,New,Exclusive,Direct,True,True,Starting Point,1,215.0035,Auto-Approved,,Yes
B,New,Exclusive,Direct,True,True,Starting Point,1000,218.5,Auto-Approved,,Yes
B,New,Exclusive,Direct,True,True,Starting Point,30000,320.0,Auto-Approved,,Yes
B,New,Exclusive,Direct,True,True,Starting Point,35000,337.5,Auto-Approved,,Yes
B,New,Exclusive,Direct,True,True,Starting Point,100000,565.0,Auto-Approved,,Yes
B,New,Exclusive,Direct,True,True,Starting Point,115000,617.5,Auto-Approved,,Yes
B,New,Exclusive,Direct,True,True,Starting Point,200000,915.0,Auto-Approved,,Yes
B,New,Exclusive,Direct,True,True,Starting Point,1000000,3715.0,Auto-Approved,,Yes
B,New,Exclusive,Direct,True,True,Creation/Unknown,0,150.0,Auto-Approved,,Yes
B,New,Exclusive,Direct,True,True,Creation/Unknown,1,150.0035,Auto-Approved,,Yes
B,New,Exclusive,Direct,True,True,Creation/Unknown,1000,153.5,Auto-Approved,,Yes
B,New,Exclusive,Direct,True,True,Creation/Unknown,30000,255.0,Auto-Approved,,Yes
B,New,Exclusive,Direct,True,True,Creation/Unknown,35000,272.5,Auto-Approved,,Yes
B,New,Exclusive,Direct,True,True,Creation/Unknown,100000,500.0,Auto-Approved,,Yes
B,New,Exclusive,Direct,True,True,Creation/Unknown,115000,552.5,Auto-Approved,,Yes
B,New,Exclusive,Direct,True,True,Creation/Unknown,200000,850.0,Auto-Approved,,Yes
B,New,Exclusive,Direct,True,True,Creation/Unknown,1000000,3650.0,Auto-Approved,,Yes
B,New,Exclusive,Deferred/Unknown,False,False,Library Only,0,150.0,Auto-Approved,,No
B,New,Exclusive,Deferred/Unknown,False,False,Library Only,1,150.003,Auto-Approved,,No
B,New,Exclusive,Deferred/Unknown,False,False,Library Only,1000,153.0,Auto-Approved,,No
B,New,Exclusive,Deferred/Unknown,False,False,Library Only,30000,240.0,Auto-Approved,,No
B,New,Exclusive,Deferred/Unknown,False,False,Library Only,35000,255.0,Auto-Approved,,No
B,New,Exclusive,Deferred/Unknown,False,False,Library Only,100000,450.0,Auto-Approved,,No
B,New,Exclusive,Deferred/Unknown,False,False,Library Only,115000,495.0,Auto-Approved,,No
B,New,Exclusive,Deferred/Unknown,False,False,Library Only,200000,750.0,Auto-Approved,,No
B,New,Exclusive,Deferred/Unknown,False,False,Library Only,1000000,3150.0,Auto-Approved,,No
B,New,Exclusive,Deferred/Unknown,False,False,Starting Point,0,115.0,Auto-Approved,,No
B,New,Exclusive,Deferred/Unknown,False,False,Starting Point,1,115.003,Auto-Approved,,No
B,New,Exclusive,Deferred/Unknown,False,False,Starting Point,1000,118.0,Auto-Approved,,No
B,New,Exclusive,Deferred/Unknown,False,False,Starting Point,30000,205.0,Auto-Approved,,No
B,New,Exclusive,Deferred/Unknown,False,False,Starting Point,35000,220.0,Auto-Approved,,No
B,New,Exclusive,Deferred/Unknown,False,False,Starting Point,100000,415.0,Auto-Approved,,No
B,New,Exclusive,Deferred/Unknown,False,False,Starting Point,115000,460.0,Auto-Approved,,No
B,New,Exclusive,Deferred/Unknown,False,False,Starting Point,200000,715.0,Auto-Approved,,No
B,New,Exclusive,Deferred/Unknown,False,False,Starting Point,1000000,3115.0,Auto-Approved,,No
B,New,Exclusive,Deferred/Unknown,False,False,Creation/Unknown,0,50.0,Pending Approval,,No
B,New,Exclusive,Deferred/Unknown,False,False,Creation/Unknown,1,50.003,Pending Approval,,No
B,New,Exclusive,Deferred/Unknown,False,False,Creation/Unknown,1000,53.0,Pending Approval,,No
B,New,Exclusive,Deferred/Unknown,False,False,Creation/Unknown,30000,140.0,Auto-Approved,,No
B,New,Exclusive,Deferred/Unknown,False,False,Creation/Unknown,35000,155.0,Auto-Approved,,No
B,New,Exclusive,Deferred/Unknown,False,False,Creation/Unknown,100000,350.0,Auto-Approved,,No
B,New,Exclusive,Deferred/Unknown,False,False,Creation/Unknown,115000,395.0,Auto-Approved,,No
B,New,Exclusive,Deferred/Unknown,False,False,Creation/Unknown,200000,650.0,Auto-Approved,,No
B,New,Exclusive,Deferred/Unknown,False,False,Creation/Unknown,1000000,3050.0,Auto-Approved,,No
B,New,Exclusive,Deferred/Unknown,False,True,Library Only,0,250.0,Auto-Approved,,No
B,New,Exclusive,Deferred/Unknown,False,True,Library Only,1,250.003,Auto-Approved,,No
B,New,Exclusive,Deferred/Unknown,False,True,Library Only,1000,253.0,Auto-Approved,,No
B,New,Exclusive,Deferred/Unknown,False,True,Library Only,30000,340.0,Auto-Approved,,No
B,New,Exclusive,Deferred/Unknown,False,True,Library Only,35000,355.0,Auto-Approved,,No
B,New,Exclusive,Deferred/Unknown,False,True,Library Only,100000,550.0,Auto-Approved,,No
B,New,Exclusive,Deferred/Unknown,False,True,Library Only,115000,595.0,Auto-Approved,,No
B,New,Exclusive,Deferred/Unknown,False,True,Library Only,200000,850.0,Auto-Approved,,No
B,New,Exclusive,Deferred/Unknown,False,True,Library Only,1000000,3250.0,Auto-Approved,,No
B,New,Exclusive,Deferred/Unknown,False,True,Starting Point,0,215.0,Auto-Approved,,No
B,New,Exclusive,Deferred/Unknown,False,True,Starting Point,1,215.003,Auto-Approved,,No
B,New,Exclusive,Deferred/Unknown,False,True,Starting Point,1000,218.0,Auto-Approved,,No
B,New,Exclusive,Deferred/Unknown,False,True,Starting Point,30000,305.0,Auto-Approved,,No
B,New,Exclusive,Deferred/Unknown,False,True,Starting Point,35000,320.0,Auto-Approved,,No
B,New,Exclusive,Deferred/Unknown,False,True,Starting Point,100000,515.0,Auto-Approved,,No
B,New,Exclusive,Deferred/Unknown,False,True,Starting Point,115000,560.0,Auto-Approved,,No
B,New,Exclusive,Deferred/Unknown,False,True,Starting Point,200000,815.0,Auto-Approved,,No
B,New,Exclusive,Deferred/Unknown,False,True,Starting Point,1000000,3215.0,Auto-Approved,,No
B,New,Exclusive,Deferred/Unknown,False,True,Creation/Unknown,0,150.0,Auto-Approved,,No
B,New,Exclusive,Deferred/Unknown,False,True,Creation/Unknown,1,150.003,Auto-Approved,,No
B,New,Exclusive,Deferred/Unknown,False,True,Creation/Unknown,1000,153.0,Auto-Approved,,No
B,New,Exclusive,Deferred/Unknown,False,True,Creation/Unknown,30000,240.0,Auto-Approved,,No
B,New,Exclusive,Deferred/Unknown,False,True,Creation/Unknown,35000,255.0,Auto-Approved,,No
B,New,Exclusive,Deferred/Unknown,False,True,Creation/Unknown,100000,450.0,Auto-Approved,,No
B,New,Exclusive,Deferred/Unknown,False,True,Creation/Unknown,115000,495.0,Auto-Approved,,No
B,New,Exclusive,Deferred/Unknown,False,True,Creation/Unknown,200000,750.0,Auto-Approved,,No
B,New,Exclusive,Deferred/Unknown,False,True,Creation/Unknown,1000000,3150.0,Auto-Approved,,No
B,New,Exclusive,Deferred/Unknown,True,False,Library Only,0,150.0,Auto-Approved,,Yes
B,New,Exclusive,Deferred/Unknown,True,False,Library Only,1,150.003,Auto-Approved,,Yes
B,New,Exclusive,Deferred/Unknown,True,False,Library Only,1000,153.0,Auto-Approved,,Yes
B,New,Exclusive,Deferred/Unknown,True,False,Library Only,30000,240.0,Auto-Approved,,Yes
B,New,Exclusive,Deferred/Unknown,True,False,Library Only,35000,255.0,Auto-Approved,,Yes
B,New,Exclusive,Deferred/Unknown,True,False,Library Only,100000,450.0,Auto-Approved,,Yes
B,New,Exclusive,Deferred/Unknown,True,False,Library Only,115000,495.0,Auto-Approved,,Yes
B,New,Exclusive,Deferred/Unknown,True,False,Library Only,200000,750.0,Auto-Approved,,Yes
B,New,Exclusive,Deferred/Unknown,True,False,Library Only,1000000,3150.0,Auto-Approved,,Yes
B,New,Exclusive,Deferred/Unknown,True,False,Starting Point,0,115.0,Auto-Approved,,Yes
B,New,Exclusive,Deferred/Unknown,True,False,Starting Point,1,115.003,Auto-Approved,,Yes
B,New,Exclusive,Deferred/Unknown,True,False,Starting Point,1000,118.0,Auto-Approved,,Yes
B,New,Exclusive,Deferred/Unknown,True,False,Starting Point,30000,205.0,Auto-Approved,,Yes
B,New,Exclusive,Deferred/Unknown,True,False,Starting Point,35000,220.0,Auto-Approved,,Yes
B,New,Exclusive,Deferred/Unknown,True,False,Starting Point,100000,415.0,Auto-Approved,,Yes
B,New,Exclusive,Deferred/Unknown,True,False,Starting Point,115000,460.0,Auto-Approved,,Yes
B,New,Exclusive,Deferred/Unknown,True,False,Starting Point,200000,715.0,Auto-Approved,,Yes
B,New,Exclusive,Deferred/Unknown,True,False,Starting Point,1000000,3115.0,Auto-Approved,,Yes
B,New,Exclusive,Deferred/Unknown,True,False,Creation/Unknown,0,50.0,Auto-Approved,,Yes
B,New,Exclusive,Deferred/Unknown,True,False,Creation/Unknown,1,50.003,Auto-Approved,,Yes
B,New,Exclusive,Deferred/Unknown,True,False,Creation/Unknown,1000,53.0,Auto-Approved,,Yes
B,New,Exclusive,Deferred/Unknown,True,False,Creation/Unknown,30000,140.0,Auto-Approved,,Yes
B,New,Exclusive,Deferred/Unknown,True,False,Creation/Unknown,35000,155.0,Auto-Approved,,Yes
B,New,Exclusive,Deferred/Unknown,True,False,Creation/Unknown,100000,350.0,Auto-Approved,,Yes
B,New,Exclusive,Deferred/Unknown,True,False,Creation/Unknown,115000,395.0,Auto-Approved,,Yes
B,New,Exclusive,Deferred/Unknown,True,False,Creation/Unknown,200000,650.0,Auto-Approved,,Yes
B,New,Exclusive,Deferred/Unknown,True,False,Creation/Unknown,1000000,3050.0,Auto-Approved,,Yes
B,New,Exclusive,Deferred/Unknown,True,True,Library Only,0,250.0,Auto-Approved,,Yes
B,New,Exclusive,Deferred/Unknown,True,True,Library Only,1,250.003,Auto-Approved,,Yes
B,New,Exclusive,Deferred/Unknown,True,True,Library Only,1000,253.0,Auto-Approved,,Yes
B,New,Exclusive,Deferred/Unknown,True,True,Library Only,30000,340.0,Auto-Approved,,Yes
B,New,Exclusive,Deferred/Unknown,True,True,Library Only,35000,355.0,Auto-Approved,,Yes
B,New,Exclusive,Deferred/Unknown,True,True,Library Only,100000,550.0,Auto-Approved,,Yes
B,New,Exclusive,Deferred/Unknown,True,True,Library Only,115000,595.0,Auto-Approved,,Yes
B,New,Exclusive,Deferred/Unknown,True,True,Library Only,200000,850.0,Auto-Approved,,Yes
B,New,Exclusive,Deferred/Unknown,True,True,Library Only,1000000,3250.0,Auto-Approved,,Yes
B,New,Exclusive,Deferred/Unknown,True,True,Starting Point,0,215.0,Auto-Approved,,Yes
B,New,Exclusive,Deferred/Unknown,True,True,Starting Point,1,215.003,Auto-Approved,,Yes
B,New,Exclusive,Deferred/Unknown,True,True,Starting Point,1000,218.0,Auto-Approved,,Yes
B,New,Exclusive,Deferred/Unknown,True,True,Starting Point,30000,305.0,Auto-Approved,,Yes
B,New,Exclusive,Deferred/Unknown,True,True,Starting Point,35000,320.0,Auto-Approved,,Yes
B,New,Exclusive,Deferred/Unknown,True,True,Starting Point,100000,515.0,Auto-Approved,,Yes
B,New,Exclusive,Deferred/Unknown,True,True,Starting Point,115000,560.0,Auto-Approved,,Yes
B,New,Exclusive,Deferred/Unknown,True,True,Starting Point,200000,815.0,Auto-Approved,,Yes
B,New,Exclusive,Deferred/Unknown,True,True,Starting Point,1000000,3215.0,Auto-Approved,,Yes
B,New,Exclusive,Deferred/Unknown,True,True,Creation/Unknown,0,150.0,Auto-Approved,,Yes
B,New,Exclusive,Deferred/Unknown,True,True,Creation/Unknown,1,150.003,Auto-Approved,,Yes
B,New,Exclusive,Deferred/Unknown,True,True,Creation/Unknown,1000,153.0,Auto-Approved,,Yes
B,New,Exclusive,Deferred/Unknown,True,True,Creation/Unknown,30000,240.0,Auto-Approved,,Yes
B,New,Exclusive,Deferred/Unknown,True,True,Creation/Unknown,35000,255.0,Auto-Approved,,Yes
B,New,Exclusive,Deferred/Unknown,True,True,Creation/Unknown,100000,450.0,Auto-Approved,,Yes
B,New,Exclusive,Deferred/Unknown,True,True,Creation/Unknown,115000,495.0,Auto-Approved,,Yes
B,New,Exclusive,Deferred/Unknown,True,True,Creation/Unknown,200000,750.0,Auto-Approved,,Yes
B,New,Exclusive,Deferred/Unknown,True,True,Creation/Unknown,1000000,3150.0,Auto-Approved,,Yes
B,New,Competitive,Direct,False,False,Library Only,0,150.0,Auto-Approved,,No
B,New,Competitive,Direct,False,False,Library Only,1,150.0025,Auto-Approved,,No
B,New,Competitive,Direct,False,False,Library Only,1000,152.5,Auto-Approved,,No
B,New,Competitive,Direct,False,False,Library Only,30000,225.0,Auto-Approved,,No
B,New,Competitive,Direct,False,False,Library Only,35000,237.5,Auto-Approved,,No
B,New,Competitive,Direct,False,False,Library Only,100000,400.0,Auto-Approved,,No
B,New,Competitive,Direct,False,False,Library Only,115000,437.5,Auto-Approved,,No
B,New,Competitive,Direct,False,False,Library Only,200000,650.0,Auto-Approved,,No
B,New,Competitive,Direct,False,False,Library Only,1000000,2650.0,Auto-Approved,,No
B,New,Competitive,Direct,False,False,Starting Point,0,115.0,Auto-Approved,,No
B,New,Competitive,Direct,False,False,Starting Point,1,115.0025,Auto-Approved,,No
B,New,Competitive,Direct,False,False,Starting Point,1000,117.5,Auto-Approved,,No
B,New,Competitive,Direct,False,False,Starting Point,30000,190.0,Auto-Approved,,No
B,New,Competitive,Direct,False,False,Starting Point,35000,202.5,Auto-Approved,,No
B,New,Competitive,Direct,False,False,Starting Point,100000,365.0,Auto-Approved,,No
B,New,Competitive,Direct,False,False,Starting Point,115000,402.5,Auto-Approved,,No
B,New,Competitive,Direct,False,False,Starting Point,200000,615.0,Auto-Approved,,No
B,New,Competitive,Direct,False,False,Starting Point,1000000,2615.0,Auto-Approved,,No
B,New,Competitive,Direct,False,False,Creation/Unknown,0,50.0,Pending Approval,,No
B,New,Competitive,Direct,False,False,Creation/Unknown,1,50.002500000000005,Pending Approval,,No
B,New,Competitive,Direct,False,False,Creation/Unknown,1000,52.5,Pending Approval,,No
B,New,Competitive,Direct,False,False,Creation/Unknown,30000,125.0,Auto-Approved,,No
B,New,Competitive,Direct,False,False,Creation/Unknown,35000,137.5,Auto-Approved,,No
B,New,Competitive,Direct,False,False,Creation/Unknown,100000,300.0,Auto-Approved,,No
B,New,Competitive,Direct,False,False,Creation/Unknown,115000,337.5,Auto-Approved,,No
B,New,Competitive,Direct,False,False,Creation/Unknown,200000,550.0,Auto-Approved,,No
B,New,Competitive,Direct,False,False,Creation/Unknown,1000000,2550.0,Auto-Approved,,No
B,New,Competitive,Direct,False,True,Library Only,0,250.0,Auto-Approved,,No
B,New,Competitive,Direct,False,True,Library Only,1,250.0025,Auto-Approved,,No
B,New,Competitive,Direct,False,True,Library Only,1000,252.5,Auto-Approved,,No
B,New,Competitive,Direct,False,True,Library Only,30000,325.0,Auto-Approved,,No
B,New,Competitive,Direct,False,True,Library Only,35000,337.5,Auto-Approved,,No
B,New,Competitive,Direct,False,True,Library Only,100000,500.0,Auto-Approved,,No
B,New,Competitive,Direct,False,True,Library Only,115000,537.5,Auto-Approved,,No
B,New,Competitive,Direct,False,True,Library Only,200000,750.0,Auto-Approved,,No
B,New,Competitive,Direct,False,True,Library Only,1000000,2750.0,Auto-Approved,,No
B,New,Competitive,Direct,False,True,Starting Point,0,215.0,Auto-Approved,,No
B,New,Competitive,Direct,False,True,Starting Point,1,215.0025,Auto-Approved,,No
B,New,Competitive,Direct,False,True,Starting Point,1000,217.5,Auto-Approved,,No
B,New,Competitive,Direct,False,True,Starting Point,30000,290.0,Auto-Approved,,No
B,New,Competitive,Direct,False,True,Starting Point,35000,302.5,Auto-Approved,,No
B,New,Competitive,Direct,False,True,Starting Point,100000,465.0,Auto-Approved,,No
B,New,Competitive,Direct,False,True,Starting Point,115000,502.5,Auto-Approved,,No
B,New,Competitive,Direct,False,True,Starting Point,200000,715.0,Auto-Approved,,No
B,New,Competitive,Direct,False,True,Starting Point,1000000,2715.0,Auto-Approved,,No
B,New,Competitive,Direct,False,True,Creation/Unknown,0,150.0,Auto-Approved,,No
B,New,Competitive,Direct,False,True,Creation/Unknown,1,150.0025,Auto-Approved,,No
B,New,Competitive,Direct,False,True,Creation/Unknown,1000,152.5,Auto-Approved,,No
B,New,Competitive,Direct,False,True,Creation/Unknown,30000,225.0,Auto-Approved,,No
B,New,Competitive,Direct,False,True,Creation/Unknown,35000,237.5,Auto-Approved,,No
B,New,Competitive,Direct,False,True,Creation/Unknown,100000,400.0,Auto-Approved,,No
B,New,Competitive,Direct,False,True,Creation/Unknown,115000,437.5,Auto-Approved,,No
B,New,Competitive,Direct,False,True,Creation/Unknown,200000,650.0,Auto-Approved,,No
B,New,Competitive,Direct,False,True,Creation/Unknown,1000000,2650.0,Auto-Approved,,No
B,New,Competitive,Direct,True,False,Library Only,0,150.0,Auto-Approved,,Yes
B,New,Competitive,Direct,True,False,Library Only,1,150.0025,Auto-Approved,,Yes
B,New,Competitive,Direct,True,False,Library Only,1000,152.5,Auto-Approved,,Yes
B,New,Competitive,Direct,True,False,Library Only,30000,225.0,Auto-Approved,,Yes
B,New,Competitive,Direct,True,False,Library Only,35000,237.5,Auto-Approved,,Yes
B,New,Competitive,Direct,True,False,Library Only,100000,400.0,Auto-Approved,,Yes
B,New,Competitive,Direct,True,False,Library Only,115000,437.5,Auto-Approved,,Yes
B,New,Competitive,Direct,True,False,Library Only,200000,650.0,Auto-Approved,,Yes
B,New,Competitive,Direct,True,False,Library Only,1000000,2650.0,Auto-Approved,,Yes
B,New,Competitive,Direct,True,False,Starting Point,0,115.0,Auto-Approved,,Yes
B,New,Competitive,Direct,True,False,Starting Point,1,115.0025,Auto-Approved,,Yes
B,New,Competitive,Direct,True,False,Starting Point,1000,117.5,Auto-Approved,,Yes
B,New,Competitive,Direct,True,False,Starting Point,30000,190.0,Auto-Approved,,Yes
B,New,Competitive,Direct,True,False,Starting Point,35000,202.5,Auto-Approved,,Yes
B,New,Competitive,Direct,True,False,Starting Point,100000,365.0,Auto-Approved,,Yes
B,New,Competitive,Direct,True,False,Starting Point,115000,402.5,Auto-Approved,,Yes
B,New,Competitive,Direct,True,False,Starting Point,200000,615.0,Auto-Approved,,Yes
B,New,Competitive,Direct,True,False,Starting Point,1000000,2615.0,Auto-Approved,,Yes
B,New,Competitive,Direct,True,False,Creation/Unknown,0,50.0,Auto-Approved,,Yes
B,New,Competitive,Direct,True,False,Creation/Unknown,1,50.002500000000005,Auto-Approved,,Yes
B,New,Competitive,Direct,True,False,Creation/Unknown,1000,52.5,Auto-Approved,,Yes
B,New,Competitive,Direct,True,False,Creation/Unknown,30000,125.0,Auto-Approved,,Yes
B,New,Competitive,Direct,True,False,Creation/Unknown,35000,137.5,Auto-Approved,,Yes
B,New,Competitive,Direct,True,False,Creation/Unknown,100000,300.0,Auto-Approved,,Yes
B,New,Competitive,Direct,True,False,Creation/Unknown,115000,337.5,Auto-Approved,,Yes
B,New,Competitive,Direct,True,False,Creation/Unknown,200000,550.0,Auto-Approved,,Yes
B,New,Competitive,Direct,True,False,Creation/Unknown,1000000,2550.0,Auto-Approved,,Yes
B,New,Competitive,Direct,True,True,Library Only,0,250.0,Auto-Approved,,Yes
B,New,Competitive,Direct,True,True,Library Only,1,250.0025,Auto-Approved,,Yes
B,New,Competitive,Direct,True,True,Library Only,1000,252.5,Auto-Approved,,Yes
B,New,Competitive,Direct,True,True,Library Only,30000,325.0,Auto-Approved,,Yes
B,New,Competitive,Direct,True,True,Library Only,35000,337.5,Auto-Approved,,Yes
B,New,Competitive,Direct,True,True,Library Only,100000,500.0,Auto-Approved,,Yes
B,New,Competitive,Direct,True,True,Library Only,115000,537.5,Auto-Approved,,Yes
B,New,Competitive,Direct,True,True,Library Only,200000,750.0,Auto-Approved,,Yes
B,New,Competitive,Direct,True,True,Library Only,1000000,2750.0,Auto-Approved,,Yes
B,New,Competitive,Direct,True,True,Starting Point,0,215.0,Auto-Approved,,Yes
B,New,Competitive,Direct,True,True,Starting Point,1,215.0025,Auto-Approved,,Yes
B,New,Competitive,Direct,True,True,Starting Point,1000,217.5,Auto-Approved,,Yes
B,New,Competitive,Direct,True,True,Starting Point,30000,290.0,Auto-Approved,,Yes
B,New,Competitive,Direct,True,True,Starting Point,35000,302.5,Auto-Approved,,Yes
B,New,Competitive,Direct,True,True,Starting Point,100000,465.0,Auto-Approved,,Yes
B,New,Competitive,Direct,True,True,Starting Point,115000,502.5,Auto-Approved,,Yes
B,New,Competitive,Direct,True,True,Starting Point,200000,715.0,Auto-Approved,,Yes
B,New,Competitive,Direct,True,True,Starting Point,1000000,2715.0,Auto-Approved,,Yes
B,New,Competitive,Direct,True,True,Creation/Unknown,0,150.0,Auto-Approved,,Yes
B,New,Competitive,Direct,True,True,Creation/Unknown,1,150.0025,Auto-Approved,,Yes
B,New,Competitive,Direct,True,True,Creation/Unknown,1000,152.5,Auto-Approved,,Yes
B,New,Competitive,Direct,True,True,Creation/Unknown,30000,225.0,Auto-Approved,,Yes
B,New,Competitive,Direct,True,True,Creation/Unknown,35000,237.5,Auto-Approved,,Yes
B,New,Competitive,Direct,True,True,Creation/Unknown,100000,400.0,Auto-Approved,,Yes
B,New,Competitive,Direct,True,True,Creation/Unknown,115000,437.5,Auto-Approved,,Yes
B,New,Competitive,Direct,True,True,Creation/Unknown,200000,650.0,Auto-Approved,,Yes
B,New,Competitive,Direct,True,True,Creation/Unknown,1000000,2650.0,Auto-Approved,,Yes
B,New,Competitive,Deferred/Unknown,False,False,Library Only,0,150.0,Auto-Approved,,No
B,New,Competitive,Deferred/Unknown,False,False,Library Only,1,150.002,Auto-Approved,,No
B,New,Competitive,Deferred/Unknown,False,False,Library Only,1000,152.0,Auto-Approved,,No
B,New,Competitive,Deferred/Unknown,False,False,Library Only,30000,210.0,Auto-Approved,,No
B,New,Competitive,Deferred/Unknown,False,False,Library Only,35000,220.0,Auto-Approved,,No
B,New,Competitive,Deferred/Unknown,False,False,Library Only,100000,350.0,Auto-Approved,,No
B,New,Competitive,Deferred/Unknown,False,False,Library Only,115000,380.0,Auto-Approved,,No
B,New,Competitive,Deferred/Unknown,False,False,Library Only,200000,550.0,Auto-Approved,,No
B,New,Competitive,Deferred/Unknown,False,False,Library Only,1000000,2150.0,Auto-Approved,,No
B,New,Competitive,Deferred/Unknown,False,False,Starting Point,0,115.0,Auto-Approved,,No
B,New,Competitive,Deferred/Unknown,False,False,Starting Point,1,115.00200000000001,Auto-Approved,,No
B,New,Competitive,Deferred/Unknown,False,False,Starting Point,1000,117.0,Auto-Approved,,No
B,New,Competitive,Deferred/Unknown,False,False,Starting Point,30000,175.0,Auto-Approved,,No
B,New,Competitive,Deferred/Unknown,False,False,Starting Point,35000,185.0,Auto-Approved,,No
B,New,Competitive,Deferred/Unknown,False,False,Starting Point,100000,315.0,Auto-Approved,,No
B,New,Competitive,Deferred/Unknown,False,False,Starting Point,115000,345.0,Auto-Approved,,No
B,New,Competitive,Deferred/Unknown,False,False,Starting Point,200000,515.0,Auto-Approved,,No
B,New,Competitive,Deferred/Unknown,False,False,Starting Point,1000000,2115.0,Auto-Approved,,No
B,New,Competitive,Deferred/Unknown,False,False,Creation/Unknown,0,50.0,Pending Approval,,No
B,New,Competitive,Deferred/Unknown,False,False,Creation/Unknown,1,50.001999999999995,Pending Approval,,No
B,New,Competitive,Deferred/Unknown,False,False,Creation/Unknown,1000,52.0,Pending Approval,,No
B,New,Competitive,Deferred/Unknown,False,False,Creation/Unknown,30000,110.0,Pending Approval,,No
B,New,Competitive,Deferred/Unknown,False,False,Creation/Unknown,35000,120.0,Auto-Approved,,No
B,New,Competitive,Deferred/Unknown,False,False,Creation/Unknown,100000,250.0,Auto-Approved,,No
B,New,Competitive,Deferred/Unknown,False,False,Creation/Unknown,115000,280.0,Auto-Approved,,No
B,New,Competitive,Deferred/Unknown,False,False,Creation/Unknown,200000,450.0,Auto-Approved,,No
B,New,Competitive,Deferred/Unknown,False,False,Creation/Unknown,1000000,2050.0,Auto-Approved,,No
B,New,Competitive,Deferred/Unknown,False,True,Library Only,0,250.0,Auto-Approved,,No
B,New,Competitive,Deferred/Unknown,False,True,Library Only,1,250.002,Auto-Approved,,No
B,New,Competitive,Deferred/Unknown,False,True,Library Only,1000,252.0,Auto-Approved,,No
B,New,Competitive,Deferred/Unknown,False,True,Library Only,30000,310.0,Auto-Approved,,No
B,New,Competitive,Deferred/Unknown,False,True,Library Only,35000,320.0,Auto-Approved,,No
B,New,Competitive,Deferred/Unknown,False,True,Library Only,100000,450.0,Auto-Approved,,No
B,New,Competitive,Deferred/Unknown,False,True,Library Only,115000,480.0,Auto-Approved,,No
B,New,Competitive,Deferred/Unknown,False,True,Library Only,200000,650.0,Auto-Approved,,No
B,New,Competitive,Deferred/Unknown,False,True,Library Only,1000000,2250.0,Auto-Approved,,No
B,New,Competitive,Deferred/Unknown,False,True,Starting Point,0,215.0,Auto-Approved,,No
B,New,Competitive,Deferred/Unknown,False,True,Starting Point,1,215.002,Auto-Approved,,No
B,New,Competitive,Deferred/Unknown,False,True,Starting Point,1000,217.0,Auto-Approved,,No
B,New,Competitive,Deferred/Unknown,False,True,Starting Point,30000,275.0,Auto-Approved,,No
B,New,Competitive,Deferred/Unknown,False,True,Starting Point,35000,285.0,Auto-Approved,,No
B,New,Competitive,Deferred/Unknown,False,True,Starting Point,100000,415.0,Auto-Approved,,No
B,New,Competitive,Deferred/Unknown,False,True,Starting Point,115000,445.0,Auto-Approved,,No
B,New,Competitive,Deferred/Unknown,False,True,Starting Point,200000,615.0,Auto-Approved,,No
B,New,Competitive,Deferred/Unknown,False,True,Starting Point,1000000,2215.0,Auto-Approved,,No
B,New,Competitive,Deferred/Unknown,False,True,Creation/Unknown,0,150.0,Auto-Approved,,No
B,New,Competitive,Deferred/Unknown,False,True,Creation/Unknown,1,150.002,Auto-Approved,,No
B,New,Competitive,Deferred/Unknown,False,True,Creation/Unknown,1000,152.0,Auto-Approved,,No
B,New,Competitive,Deferred/Unknown,False,True,Creation/Unknown,30000,210.0,Auto-Approved,,No
B,New,Competitive,Deferred/Unknown,False,True,Creation/Unknown,35000,220.0,Auto-Approved,,No
B,New,Competitive,Deferred/Unknown,False,True,Creation/Unknown,100000,350.0,Auto-Approved,,No
B,New,Competitive,Deferred/Unknown,False,True,Creation/Unknown,115000,380.0,Auto-Approved,,No
B,New,Competitive,Deferred/Unknown,False,True,Creation/Unknown,200000,550.0,Auto-Approved,,No
B,New,Competitive,Deferred/Unknown,False,True,Creation/Unknown,1000000,2150.0,Auto-Approved,,No
B,New,Competitive,Deferred/Unknown,True,False,Library Only,0,150.0,Auto-Approved,,Yes
B,New,Competitive,Deferred/Unknown,True,False,Library Only,1,150.002,Auto-Approved,,Yes
B,New,Competitive,Deferred/Unknown,True,False,Library Only,1000,152.0,Auto-Approved,,Yes
B,New,Competitive,Deferred/Unknown,True,False,Library Only,30000,210.0,Auto-Approved,,Yes
B,New,Competitive,Deferred/Unknown,True,False,Library Only,35000,220.0,Auto-Approved,,Yes
B,New,Competitive,Deferred/Unknown,True,False,Library Only,100000,350.0,Auto-Approved,,Yes
B,New,Competitive,Deferred/Unknown,True,False,Library Only,115000,380.0,Auto-Approved,,Yes
B,New,Competitive,Deferred/Unknown,True,False,Library Only,200000,550.0,Auto-Approved,,Yes
B,New,Competitive,Deferred/Unknown,True,False,Library Only,1000000,2150.0,Auto-Approved,,Yes
B,New,Competitive,Deferred/Unknown,True,False,Starting Point,0,115.0,Auto-Approved,,Yes
B,New,Competitive,Deferred/Unknown,True,False,Starting Point,1,115.00200000000001,Auto-Approved,,Yes
B,New,Competitive,Deferred/Unknown,True,False,Starting Point,1000,117.0,Auto-Approved,,Yes
B,New,Competitive,Deferred/Unknown,True,False,Starting Point,30000,175.0,Auto-Approved,,Yes
B,New,Competitive,Deferred/Unknown,True,False,Starting Point,35000,185.0,Auto-Approved,,Yes
B,New,Competitive,Deferred/Unknown,True,False,Starting Point,100000,315.0,Auto-Approved,,Yes
B,New,Competitive,Deferred/Unknown,True,False,Starting Point,115000,345.0,Auto-Approved,,Yes
B,New,Competitive,Deferred/Unknown,True,False,Starting Point,200000,515.0,Auto-Approved,,Yes
B,New,Competitive,Deferred/Unknown,True,False,Starting Point,1000000,2115.0,Auto-Approved,,Yes
B,New,Competitive,Deferred/Unknown,True,False,Creation/Unknown,0,50.0,Auto-Approved,,Yes
B,New,Competitive,Deferred/Unknown,True,False,Creation/Unknown,1,50.001999999999995,Auto-Approved,,Yes
B,New,Competitive,Deferred/Unknown,True,False,Creation/Unknown,1000,52.0,Auto-Approved,,Yes
B,New,Competitive,Deferred/Unknown,True,False,Creation/Unknown,30000,110.0,Auto-Approved,,Yes
B,New,Competitive,Deferred/Unknown,True,False,Creation/Unknown,35000,120.0,Auto-Approved,,Yes
B,New,Competitive,Deferred/Unknown,True,False,Creation/Unknown,100000,250.0,Auto-Approved,,Yes
B,New,Competitive,Deferred/Unknown,True,False,Creation/Unknown,115000,280.0,Auto-Approved,,Yes
B,New,Competitive,Deferred/Unknown,True,False,Creation/Unknown,200000,450.0,Auto-Approved,,Yes
B,New,Competitive,Deferred/Unknown,True,False,Creation/Unknown,1000000,2050.0,Auto-Approved,,Yes
B,New,Competitive,Deferred/Unknown,True,True,Library Only,0,250.0,Auto-Approved,,Yes
B,New,Competitive,Deferred/Unknown,True,True,Library Only,1,250.002,Auto-Approved,,Yes
B,New,Competitive,Deferred/Unknown,True,True,Library Only,1000,252.0,Auto-Approved,,Yes
B,New,Competitive,Deferred/Unknown,True,True,Library Only,30000,310.0,Auto-Approved,,Yes
B,New,Competitive,Deferred/Unknown,True,True,Library Only,35000,320.0,Auto-Approved,,Yes
B,New,Competitive,Deferred/Unknown,True,True,Library Only,100000,450.0,Auto-Approved,,Yes
B,New,Competitive,Deferred/Unknown,True,True,Library Only,115000,480.0,Auto-Approved,,Yes
B,New,Competitive,Deferred/Unknown,True,True,Library Only,200000,650.0,Auto-Approved,,Yes
B,New,Competitive,Deferred/Unknown,True,True,Library Only,1000000,2250.0,Auto-Approved,,Yes
B,New,Competitive,Deferred/Unknown,True,True,Starting Point,0,215.0,Auto-Approved,,Yes
B,New,Competitive,Deferred/Unknown,True,True,Starting Point,1,215.002,Auto-Approved,,Yes
B,New,Competitive,Deferred/Unknown,True,True,Starting Point,1000,217.0,Auto-Approved,,Yes
B,New,Competitive,Deferred/Unknown,True,True,Starting Point,30000,275.0,Auto-Approved,,Yes
B,New,Competitive,Deferred/Unknown,True,True,Starting Point,35000,285.0,Auto-Approved,,Yes
B,New,Competitive,Deferred/Unknown,True,True,Starting Point,100000,415.0,Auto-Approved,,Yes
B,New,Competitive,Deferred/Unknown,True,True,Starting Point,115000,445.0,Auto-Approved,,Yes
B,New,Competitive,Deferred/Unknown,True,True,Starting Point,200000,615.0,Auto-Approved,,Yes
B,New,Competitive,Deferred/Unknown,True,True,Starting Point,1000000,2215.0,Auto-Approved,,Yes
B,New,Competitive,Deferred/Unknown,True,True,Creation/Unknown,0,150.0,Auto-Approved,,Yes
B,New,Competitive,Deferred/Unknown,True,True,Creation/Unknown,1,150.002,Auto-Approved,,Yes
B,New,Competitive,Deferred/Unknown,True,True,Creation/Unknown,1000,152.0,Auto-Approved,,Yes
B,New,Competitive,Deferred/Unknown,True,True,Creation/Unknown,30000,210.0,Auto-Approved,,Yes
B,New,Competitive,Deferred/Unknown,True,True,Creation/Unknown,35000,220.0,Auto-Approved,,Yes
B,New,Competitive,Deferred/Unknown,True,True,Creation/Unknown,100000,350.0,Auto-Approved,,Yes
B,New,Competitive,Deferred/Unknown,True,True,Creation/Unknown,115000,380.0,Auto-Approved,,Yes
B,New,Competitive,Deferred/Unknown,True,True,Creation/Unknown,200000,550.0,Auto-Approved,,Yes
B,New,Competitive,Deferred/Unknown,True,True,Creation/Unknown,1000000,2150.0,Auto-Approved,,Yes
B,New,ProActive,Direct,False,False,Library Only,0,150.0,Auto-Approved,,No
B,New,ProActive,Direct,False,False,Library Only,1,150.002,Auto-Approved,,No
B,New,ProActive,Direct,False,False,Library Only,1000,152.0,Auto-Approved,,No
B,New,ProActive,Direct,False,False,Library Only,30000,210.0,Auto-Approved,,No
B,New,ProActive,Direct,False,False,Library Only,35000,220.0,Auto-Approved,,No
B,New,ProActive,Direct,False,False,Library Only,100000,350.0,Auto-Approved,,No
B,New,ProActive,Direct,False,False,Library Only,115000,380.0,Auto-Approved,,No
B,New,ProActive,Direct,False,False,Library Only,200000,550.0,Auto-Approved,,No
B,New,ProActive,Direct,False,False,Library Only,1000000,2150.0,Auto-Approved,,No
B,New,ProActive,Direct,False,False,Starting Point,0,115.0,Auto-Approved,,No
B,New,ProActive,Direct,False,False,Starting Point,1,115.00200000000001,Auto-Approved,,No
B,New,ProActive,Direct,False,False,Starting Point,1000,117.0,Auto-Approved,,No
B,New,ProActive,Direct,False,False,Starting Point,30000,175.0,Auto-Approved,,No
B,New,ProActive,Direct,False,False,Starting Point,35000,185.0,Auto-Approved,,No
B,New,ProActive,Direct,False,False,Starting Point,100000,315.0,Auto-Approved,,No
B,New,ProActive,Direct,False,False,Starting Point,115000,345.0,Auto-Approved,,No
B,New,ProActive,Direct,False,False,Starting Point,200000,515.0,Auto-Approved,,No
B,New,ProActive,Direct,False,False,Starting Point,1000000,2115.0,Auto-Approved,,No
B,New,ProActive,Direct,False,False,Creation/Unknown,0,50.0,Pending Approval,,No
B,New,ProActive,Direct,False,False,Creation/Unknown,1,50.002,Pending Approval,,No
B,New,ProActive,Direct,False,False,Creation/Unknown,1000,52.0,Pending Approval,,No
B,New,ProActive,Direct,False,False,Creation/Unknown,30000,110.0,Pending Approval,,No
B,New,ProActive,Direct,False,False,Creation/Unknown,35000,120.0,Auto-Approved,,No
B,New,ProActive,Direct,False,False,Creation/Unknown,100000,250.0,Auto-Approved,,No
B,New,ProActive,Direct,False,False,Creation/Unknown,115000,280.0,Auto-Approved,,No
B,New,ProActive,Direct,False,False,Creation/Unknown,200000,450.0,Auto-Approved,,No
B,New,ProActive,Direct,False,False,Creation/Unknown,1000000,2050.0,Auto-Approved,,No
B,New,ProActive,Direct,False,True,Library Only,0,250.0,Auto-Approved,,No
B,New,ProActive,Direct,False,True,Library Only,1,250.002,Auto-Approved,,No
B,New,ProActive,Direct,False,True,Library Only,1000,252.0,Auto-Approved,,No
B,New,ProActive,Direct,False,True,Library Only,30000,310.0,Auto-Approved,,No
B,New,ProActive,Direct,False,True,Library Only,35000,320.0,Auto-Approved,,No
B,New,ProActive,Direct,False,True,Library Only,100000,450.0,Auto-Approved,,No
B,New,ProActive,Direct,False,True,Library Only,115000,480.0,Auto-Approved,,No
B,New,ProActive,Direct,False,True,Library Only,200000,650.0,Auto-Approved,,No
B,New,ProActive,Direct,False,True,Library Only,1000000,2250.0,Auto-Approved,,No
B,New,ProActive,Direct,False,True,Starting Point,0,215.0,Auto-Approved,,No
B,New,ProActive,Direct,False,True,Starting Point,1,215.002,Auto-Approved,,No
B,New,ProActive,Direct,False,True,Starting Point,1000,217.0,Auto-Approved,,No
B,New,ProActive,Direct,False,True,Starting Point,30000,275.0,Auto-Approved,,No
B,New,ProActive,Direct,False,True,Starting Point,35000,285.0,Auto-Approved,,No
B,New,ProActive,Direct,False,True,Starting Point,100000,415.0,Auto-Approved,,No
B,New,ProActive,Direct,False,True,Starting Point,115000,445.0,Auto-Approved,,No
B,New,ProActive,Direct,False,True,Starting Point,200000,615.0,Auto-Approved,,No
B,New,ProActive,Direct,False,True,Starting Point,1000000,2215.0,Auto-Approved,,No
B,New,ProActive,Direct,False,True,Creation/Unknown,0,150.0,Auto-Approved,,No
B,New,ProActive,Direct,False,True,Creation/Unknown,1,150.002,Auto-Approved,,No
B,New,ProActive,Direct,False,True,Creation/Unknown,1000,152.0,Auto-Approved,,No
B,New,ProActive,Direct,False,True,Creation/Unknown,30000,210.0,Auto-Approved,,No
B,New,ProActive,Direct,False,True,Creation/Unknown,35000,220.0,Auto-Approved,,No
B,New,ProActive,Direct,False,True,Creation/Unknown,100000,350.0,Auto-Approved,,No
B,New,ProActive,Direct,False,True,Creation/Unknown,115000,380.0,Auto-Approved,,No
B,New,ProActive,Direct,False,True,Creation/Unknown,200000,550.0,Auto-Approved,,No
B,New,ProActive,Direct,False,True,Creation/Unknown,1000000,2150.0,Auto-Approved,,No
B,New,ProActive,Direct,True,False,Library Only,0,150.0,Auto-Approved,,Yes
B,New,ProActive,Direct,True,False,Library Only,1,150.002,Auto-Approved,,Yes
B,New,ProActive,Direct,True,False,Library Only,1000,152.0,Auto-Approved,,Yes
B,New,ProActive,Direct,True,False,Library Only,30000,210.0,Auto-Approved,,Yes
B,New,ProActive,Direct,True,False,Library Only,35000,220.0,Auto-Approved,,Yes
B,New,ProActive,Direct,True,False,Library Only,100000,350.0,Auto-Approved,,Yes
B,New,ProActive,Direct,True,False,Library Only,115000,380.0,Auto-Approved,,Yes
B,New,ProActive,Direct,True,False,Library Only,200000,550.0,Auto-Approved,,Yes
B,New,ProActive,Direct,True,False,Library Only,1000000,2150.0,Auto-Approved,,Yes
B,New,ProActive,Direct,True,False,Starting Point,0,115.0,Auto-Approved,,Yes
B,New,ProActive,Direct,True,False,Starting Point,1,115.00200000000001,Auto-Approved,,Yes
B,New,ProActive,Direct,True,False,Starting Point,1000,117.0,Auto-Approved,,Yes
B,New,ProActive,Direct,True,False,Starting Point,30000,175.0,Auto-Approved,,Yes
B,New,ProActive,Direct,True,False,Starting Point,35000,185.0,Auto-Approved,,Yes
B,New,ProActive,Direct,True,False,Starting Point,100000,315.0,Auto-Approved,,Yes
B,New,ProActive,Direct,True,False,Starting Point,115000,345.0,Auto-Approved,,Yes
B,New,ProActive,Direct,True,False,Starting Point,200000,515.0,Auto-Approved,,Yes
B,New,ProActive,Direct,True,False,Starting Point,1000000,2115.0,Auto-Approved,,Yes
B,New,ProActive,Direct,True,False,Creation/Unknown,0,50.0,Auto-Approved,,Yes
B,New,ProActive,Direct,True,False,Creation/Unknown,1,50.002,Auto-Approved,,Yes
B,New,ProActive,Direct,True,False,Creation/Unknown,1000,52.0,Auto-Approved,,Yes
B,New,ProActive,Direct,True,False,Creation/Unknown,30000,110.0,Auto-Approved,,Yes
B,New,ProActive,Direct,True,False,Creation/Unknown,35000,120.0,Auto-Approved,,Yes
B,New,ProActive,Direct,True,False,Creation/Unknown,100000,250.0,Auto-Approved,,Yes
B,New,ProActive,Direct,True,False,Creation/Unknown,115000,280.0,Auto-Approved,,Yes
B,New,ProActive,Direct,True,False,Creation/Unknown,200000,450.0,Auto-Approved,,Yes
B,New,ProActive,Direct,True,False,Creation/Unknown,1000000,2050.0,Auto-Approved,,Yes
B,New,ProActive,Direct,True,True,Library Only,0,250.0,Auto-Approved,,Yes
B,New,ProActive,Direct,True,True,Library Only,1,250.002,Auto-Approved,,Yes
B,New,ProActive,Direct,True,True,Library Only,1000,252.0,Auto-Approved,,Yes
B,New,ProActive,Direct,True,True,Library Only,30000,310.0,Auto-Approved,,Yes
B,New,ProActive,Direct,True,True,Library Only,35000,320.0,Auto-Approved,,Yes
B,New,ProActive,Direct,True,True,Library Only,100000,450.0,Auto-Approved,,Yes
B,New,ProActive,Direct,True,True,Library Only,115000,480.0,Auto-Approved,,Yes
B,New,ProActive,Direct,True,True,Library Only,200000,650.0,Auto-Approved,,Yes
B,New,ProActive,Direct,True,True,Library Only,1000000,2250.0,Auto-Approved,,Yes
B,New,ProActive,Direct,True,True,Starting Point,0,215.0,Auto-Approved,,Yes
B,New,ProActive,Direct,True,True,Starting Point,1,215.002,Auto-Approved,,Yes
B,New,ProActive,Direct,True,True,Starting Point,1000,217.0,Auto-Approved,,Yes
B,New,ProActive,Direct,True,True,Starting Point,30000,275.0,Auto-Approved,,Yes
B,New,ProActive,Direct,True,True,Starting Point,35000,285.0,Auto-Approved,,Yes
B,New,ProActive,Direct,True,True,Starting Point,100000,415.0,Auto-Approved,,Yes
B,New,ProActive,Direct,True,True,Starting Point,115000,445.0,Auto-Approved,,Yes
B,New,ProActive,Direct,True,True,Starting Point,200000,615.0,Auto-Approved,,Yes
B,New,ProActive,Direct,True,True,Starting Point,1000000,2215.0,Auto-Approved,,Yes
B,New,ProActive,Direct,True,True,Creation/Unknown,0,150.0,Auto-Approved,,Yes
B,New,ProActive,Direct,True,True,Creation/Unknown,1,150.002,Auto-Approved,,Yes
B,New,ProActive,Direct,True,True,Creation/Unknown,1000,152.0,Auto-Approved,,Yes
B,New,ProActive,Direct,True,True,Creation/Unknown,30000,210.0,Auto-Approved,,Yes
B,New,ProActive,Direct,True,True,Creation/Unknown,35000,220.0,Auto-Approved,,Yes
B,New,ProActive,Direct,True,True,Creation/Unknown,100000,350.0,Auto-Approved,,Yes
B,New,ProActive,Direct,True,True,Creation/Unknown,115000,380.0,Auto-Approved,,Yes
B,New,ProActive,Direct,True,True,Creation/Unknown,200000,550.0,Auto-Approved,,Yes
B,New,ProActive,Direct,True,True,Creation/Unknown,1000000,2150.0,Auto-Approved,,Yes
B,New,ProActive,Deferred/Unknown,False,False,Library Only,0,150.0,Auto-Approved,,No
B,New,ProActive,Deferred/Unknown,False,False,Library Only,1,150.0015,Auto-Approved,,No
B,New,ProActive,Deferred/Unknown,False,False,Library Only,1000,151.5,Auto-Approved,,No
B,New,ProActive,Deferred/Unknown,False,False,Library Only,30000,195.0,Auto-Approved,,No
B,New,ProActive,Deferred/Unknown,False,False,Library Only,35000,202.5,Auto-Approved,,No
B,New,ProActive,Deferred/Unknown,False,False,Library Only,100000,300.0,Auto-Approved,,No
B,New,ProActive,Deferred/Unknown,False,False,Library Only,115000,322.5,Auto-Approved,,No
B,New,ProActive,Deferred/Unknown,False,False,Library Only,200000,450.0,Auto-Approved,,No
B,New,ProActive,Deferred/Unknown,False,False,Library Only,1000000,1650.0,Auto-Approved,,No
B,New,ProActive,Deferred/Unknown,False,False,Starting Point,0,115.0,Auto-Approved,,No
B,New,ProActive,Deferred/Unknown,False,False,Starting Point,1,115.0015,Auto-Approved,,No
B,New,ProActive,Deferred/Unknown,False,False,Starting Point,1000,116.5,Auto-Approved,,No
B,New,ProActive,Deferred/Unknown,False,False,Starting Point,30000,160.0,Auto-Approved,,No
B,New,ProActive,Deferred/Unknown,False,False,Starting Point,35000,167.5,Auto-Approved,,No
B,New,ProActive,Deferred/Unknown,False,False,Starting Point,100000,265.0,Auto-Approved,,No
B,New,ProActive,Deferred/Unknown,False,False,Starting Point,115000,287.5,Auto-Approved,,No
B,New,ProActive,Deferred/Unknown,False,False,Starting Point,200000,415.0,Auto-Approved,,No
B,New,ProActive,Deferred/Unknown,False,False,Starting Point,1000000,1615.0,Auto-Approved,,No
B,New,ProActive,Deferred/Unknown,False,False,Creation/Unknown,0,50.0,Pending Approval,,No
B,New,ProActive,Deferred/Unknown,False,False,Creation/Unknown,1,50.0015,Pending Approval,,No
B,New,ProActive,Deferred/Unknown,False,False,Creation/Unknown,1000,51.5,Pending Approval,,No
B,New,ProActive,Deferred/Unknown,False,False,Creation/Unknown,30000,95.0,Pending Approval,,No
B,New,ProActive,Deferred/Unknown,False,False,Creation/Unknown,35000,102.5,Pending Approval,,No
B,New,ProActive,Deferred/Unknown,False,False,Creation/Unknown,100000,200.0,Auto-Approved,,No
B,New,ProActive,Deferred/Unknown,False,False,Creation/Unknown,115000,222.5,Auto-Approved,,No
B,New,ProActive,Deferred/Unknown,False,False,Creation/Unknown,200000,350.0,Auto-Approved,,No
B,New,ProActive,Deferred/Unknown,False,False,Creation/Unknown,1000000,1550.0,Auto-Approved,,No
B,New,ProActive,Deferred/Unknown,False,True,Library Only,0,250.0,Auto-Approved,,No
B,New,ProActive,Deferred/Unknown,False,True,Library Only,1,250.0015,Auto-Approved,,No
B,New,ProActive,Deferred/Unknown,False,True,Library Only,1000,251.5,Auto-Approved,,No
B,New,ProActive,Deferred/Unknown,False,True,Library Only,30000,295.0,Auto-Approved,,No
B,New,ProActive,Deferred/Unknown,False,True,Library Only,35000,302.5,Auto-Approved,,No
B,New,ProActive,Deferred/Unknown,False,True,Library Only,100000,400.0,Auto-Approved,,No
B,New,ProActive,Deferred/Unknown,False,True,Library Only,115000,422.5,Auto-Approved,,No
B,New,ProActive,Deferred/Unknown,False,True,Library Only,200000,550.0,Auto-Approved,,No
B,New,ProActive,Deferred/Unknown,False,True,Library Only,1000000,1750.0,Auto-Approved,,No
B,New,ProActive,Deferred/Unknown,False,True,Starting Point,0,215.0,Auto-Approved,,No
B,New,ProActive,Deferred/Unknown,False,True,Starting Point,1,215.0015,Auto-Approved,,No
B,New,ProActive,Deferred/Unknown,False,True,Starting Point,1000,216.5,Auto-Approved,,No
B,New,ProActive,Deferred/Unknown,False,True,Starting Point,30000,260.0,Auto-Approved,,No
B,New,ProActive,Deferred/Unknown,False,True,Starting Point,35000,267.5,Auto-Approved,,No
B,New,ProActive,Deferred/Unknown,False,True,Starting Point,100000,365.0,Auto-Approved,,No
B,New,ProActive,Deferred/Unknown,False,True,Starting Point,115000,387.5,Auto-Approved,,No
B,New,ProActive,Deferred/Unknown,False,True,Starting Point,200000,515.0,Auto-Approved,,No
B,New,ProActive,Deferred/Unknown,False,True,Starting Point,1000000,1715.0,Auto-Approved,,No
B,New,ProActive,Deferred/Unknown,False,True,Creation/Unknown,0,150.0,Auto-Approved,,No
B,New,ProActive,Deferred/Unknown,False,True,Creation/Unknown,1,150.0015,Auto-Approved,,No
B,New,ProActive,Deferred/Unknown,False,True,Creation/Unknown,1000,151.5,Auto-Approved,,No
B,New,ProActive,Deferred/Unknown,False,True,Creation/Unknown,30000,195.0,Auto-Approved,,No
B,New,ProActive,Deferred/Unknown,False,True,Creation/Unknown,35000,202.5,Auto-Approved,,No
B,New,ProActive,Deferred/Unknown,False,True,Creation/Unknown,100000,300.0,Auto-Approved,,No
B,New,ProActive,Deferred/Unknown,False,True,Creation/Unknown,115000,322.5,Auto-Approved,,No
B,New,ProActive,Deferred/Unknown,False,True,Creation/Unknown,200000,450.0,Auto-Approved,,No
B,New,ProActive,Deferred/Unknown,False,True,Creation/Unknown,1000000,1650.0,Auto-Approved,,No
B,New,ProActive,Deferred/Unknown,True,False,Library Only,0,150.0,Auto-Approved,,Yes
B,New,ProActive,Deferred/Unknown,True,False,Library Only,1,150.0015,Auto-Approved,,Yes
B,New,ProActive,Deferred/Unknown,True,False,Library Only,1000,151.5,Auto-Approved,,Yes
B,New,ProActive,Deferred/Unknown,True,False,Library Only,30000,195.0,Auto-Approved,,Yes
B,New,ProActive,Deferred/Unknown,True,False,Library Only,35000,202.5,Auto-Approved,,Yes
B,New,ProActive,Deferred/Unknown,True,False,Library Only,100000,300.0,Auto-Approved,,Yes
B,New,ProActive,Deferred/Unknown,True,False,Library Only,115000,322.5,Auto-Approved,,Yes
B,New,ProActive,Deferred/Unknown,True,False,Library Only,200000,450.0,Auto-Approved,,Yes
B,New,ProActive,Deferred/Unknown,True,False,Library Only,1000000,1650.0,Auto-Approved,,Yes
B,New,ProActive,Deferred/Unknown,True,False,Starting Point,0,115.0,Auto-Approved,,Yes
B,New,ProActive,Deferred/Unknown,True,False,Starting Point,1,115.0015,Auto-Approved,,Yes
B,New,ProActive,Deferred/Unknown,True,False,Starting Point,1000,116.5,Auto-Approved,,Yes
B,New,ProActive,Deferred/Unknown,True,False,Starting Point,30000,160.0,Auto-Approved,,Yes
B,New,ProActive,Deferred/Unknown,True,False,Starting Point,35000,167.5,Auto-Approved,,Yes
B,New,ProActive,Deferred/Unknown,True,False,Starting Point,100000,265.0,Auto-Approved,,Yes
B,New,ProActive,Deferred/Unknown,True,False,Starting Point,115000,287.5,Auto-Approved,,Yes
B,New,ProActive,Deferred/Unknown,True,False,Starting Point,200000,415.0,Auto-Approved,,Yes
B,New,ProActive,Deferred/Unknown,True,False,Starting Point,1000000,1615.0,Auto-Approved,,Yes
B,New,ProActive,Deferred/Unknown,True,False,Creation/Unknown,0,50.0,Auto-Approved,,Yes
B,New,ProActive,Deferred/Unknown,True,False,Creation/Unknown,1,50.0015,Auto-Approved,,Yes
B,New,ProActive,Deferred/Unknown,True,False,Creation/Unknown,1000,51.5,Auto-Approved,,Yes
B,New,ProActive,Deferred/Unknown,True,False,Creation/Unknown,30000,95.0,Auto-Approved,,Yes
B,New,ProActive,Deferred/Unknown,True,False,Creation/Unknown,35000,102.5,Auto-Approved,,Yes
B,New,ProActive,Deferred/Unknown,True,False,Creation/Unknown,100000,200.0,Auto-Approved,,Yes
B,New,ProActive,Deferred/Unknown,True,False,Creation/Unknown,115000,222.5,Auto-Approved,,Yes
B,New,ProActive,Deferred/Unknown,True,False,Creation/Unknown,200000,350.0,Auto-Approved,,Yes
B,New,ProActive,Deferred/Unknown,True,False,Creation/Unknown,1000000,1550.0,Auto-Approved,,Yes
B,New,ProActive,Deferred/Unknown,True,True,Library Only,0,250.0,Auto-Approved,,Yes
B,New,ProActive,Deferred/Unknown,True,True,Library Only,1,250.0015,Auto-Approved,,Yes
B,New,ProActive,Deferred/Unknown,True,True,Library Only,1000,251.5,Auto-Approved,,Yes
B,New,ProActive,Deferred/Unknown,True,True,Library Only,30000,295.0,Auto-Approved,,Yes
B,New,ProActive,Deferred/Unknown,True,True,Library Only,35000,302.5,Auto-Approved,,Yes
B,New,ProActive,Deferred/Unknown,True,True,Library Only,100000,400.0,Auto-Approved,,Yes
B,New,ProActive,Deferred/Unknown,True,True,Library Only,115000,422.5,Auto-Approved,,Yes
B,New,ProActive,Deferred/Unknown,True,True,Library Only,200000,550.0,Auto-Approved,,Yes
B,New,ProActive,Deferred/Unknown,True,True,Library Only,1000000,1750.0,Auto-Approved,,Yes
B,New,ProActive,Deferred/Unknown,True,True,Starting Point,0,215.0,Auto-Approved,,Yes
B,New,ProActive,Deferred/Unknown,True,True,Starting Point,1,215.0015,Auto-Approved,,Yes
B,New,ProActive,Deferred/Unknown,True,True,Starting Point,1000,216.5,Auto-Approved,,Yes
B,New,ProActive,Deferred/Unknown,True,True,Starting Point,30000,260.0,Auto-Approved,,Yes
B,New,ProActive,Deferred/Unknown,True,True,Starting Point,35000,267.5,Auto-Approved,,Yes
B,New,ProActive,Deferred/Unknown,True,True,Starting Point,100000,365.0,Auto-Approved,,Yes
B,New,ProActive,Deferred/Unknown,True,True,Starting Point,115000,387.5,Auto-Approved,,Yes
B,New,ProActive,Deferred/Unknown,True,True,Starting Point,200000,515.0,Auto-Approved,,Yes
B,New,ProActive,Deferred/Unknown,True,True,Starting Point,1000000,1715.0,Auto-Approved,,Yes
B,New,ProActive,Deferred/Unknown,True,True,Creation/Unknown,0,150.0,Auto-Approved,,Yes
B,New,ProActive,Deferred/Unknown,True,True,Creation/Unknown,1,150.0015,Auto-Approved,,Yes
B,New,ProActive,Deferred/Unknown,True,True,Creation/Unknown,1000,151.5,Auto-Approved,,Yes
B,New,ProActive,Deferred/Unknown,True,True,Creation/Unknown,30000,195.0,Auto-Approved,,Yes
B,New,ProActive,Deferred/Unknown,True,True,Creation/Unknown,35000,202.5,Auto-Approved,,Yes
B,New,ProActive,Deferred/Unknown,True,True,Creation/Unknown,100000,300.0,Auto-Approved,,Yes
B,New,ProActive,Deferred/Unknown,True,True,Creation/Unknown,115000,322.5,Auto-Approved,,Yes
B,New,ProActive,Deferred/Unknown,True,True,Creation/Unknown,200000,450.0,Auto-Approved,,Yes
B,New,ProActive,Deferred/Unknown,True,True,Creation/Unknown,1000000,1650.0,Auto-Approved,,Yes
B,Rework (Of Selling),Exclusive,Direct,False,False,Library Only,0,150.0,Auto-Approved,,Yes
B,Rework (Of Selling),Exclusive,Direct,False,False,Library Only,1,150.0035,Auto-Approved,,Yes
B,Rework (Of Selling),Exclusive,Direct,False,False,Library Only,1000,153.5,Auto-Approved,,Yes
B,Rework (Of Selling),Exclusive,Direct,False,False,Library Only,30000,255.0,Auto-Approved,,Yes
B,Rework (Of Selling),Exclusive,Direct,False,False,Library Only,35000,272.5,Auto-Approved,,Yes
B,Rework (Of Selling),Exclusive,Direct,False,False,Library Only,100000,500.0,Auto-Approved,,Yes
B,Rework (Of Selling),Exclusive,Direct,False,False,Library Only,115000,552.5,Auto-Approved,,Yes
B,Rework (Of Selling),Exclusive,Direct,False,False,Library Only,200000,850.0,Auto-Approved,,Yes
B,Rework (Of Selling),Exclusive,Direct,False,False,Library Only,1000000,3650.0,Auto-Approved,,Yes
B,Rework (Of Selling),Exclusive,Direct,False,False,Starting Point,0,115.0,Auto-Approved,,Yes
B,Rework (Of Selling),Exclusive,Direct,False,False,Starting Point,1,115.0035,Auto-Approved,,Yes
B,Rework (Of Selling),Exclusive,Direct,False,False,Starting Point,1000,118.5,Auto-Approved,,Yes
B,Rework (Of Selling),Exclusive,Direct,False,False,Starting Point,30000,220.0,Auto-Approved,,Yes
B,Rework (Of Selling),Exclusive,Direct,False,False,Starting Point,35000,237.5,Auto-Approved,,Yes
B,Rework (Of Selling),Exclusive,Direct,False,False,Starting Point,100000,465.0,Auto-Approved,,Yes
B,Rework (Of Selling),Exclusive,Direct,False,False,Starting Point,115000,517.5,Auto-Approved,,Yes
B,Rework (Of Selling),Exclusive,Direct,False,False,Starting Point,200000,815.0,Auto-Approved,,Yes
B,Rework (Of Selling),Exclusive,Direct,False,False,Starting Point,1000000,3615.0,Auto-Approved,,Yes
B,Rework (Of Selling),Exclusive,Direct,False,False,Creation/Unknown,0,50.0,Auto-Approved,,Yes
B,Rework (Of Selling),Exclusive,Direct,False,False,Creation/Unknown,1,50.0035,Auto-Approved,,Yes
B,Rework (Of Selling),Exclusive,Direct,False,False,Creation/Unknown,1000,53.5,Auto-Approved,,Yes
B,Rework (Of Selling),Exclusive,Direct,False,False,Creation/Unknown,30000,155.0,Auto-Approved,,Yes
B,Rework (Of Selling),Exclusive,Direct,False,False,Creation/Unknown,35000,172.5,Auto-Approved,,Yes
B,Rework (Of Selling),Exclusive,Direct,False,False,Creation/Unknown,100000,400.0,Auto-Approved,,Yes
B,Rework (Of Selling),Exclusive,Direct,False,False,Creation/Unknown,115000,452.5,Auto-Approved,,Yes
B,Rework (Of Selling),Exclusive,Direct,False,False,Creation/Unknown,200000,750.0,Auto-Approved,,Yes
B,Rework (Of Selling),Exclusive,Direct,False,False,Creation/Unknown,1000000,3550.0,Auto-Approved,,Yes
B,Rework (Of Selling),Exclusive,Direct,False,True,Library Only,0,250.0,Auto-Approved,,Yes
B,Rework (Of Selling),Exclusive,Direct,False,True,Library Only,1,250.0035,Auto-Approved,,Yes
B,Rework (Of Selling),Exclusive,Direct,False,True,Library Only,1000,253.5,Auto-Approved,,Yes
B,Rework (Of Selling),Exclusive,Direct,False,True,Library Only,30000,355.0,Auto-Approved,,Yes
B,Rework (Of Selling),Exclusive,Direct,False,True,Library Only,35000,372.5,Auto-Approved,,Yes
B,Rework (Of Selling),Exclusive,Direct,False,True,Library Only,100000,600.0,Auto-Approved,,Yes
B,Rework (Of Selling),Exclusive,Direct,False,True,Library Only,115000,652.5,Auto-Approved,,Yes
B,Rework (Of Selling),Exclusive,Direct,False,True,Library Only,200000,950.0,Auto-Approved,,Yes
B,Rework (Of Selling),Exclusive,Direct,False,True,Library Only,1000000,3750.0,Auto-Approved,,Yes
B,Rework (Of Selling),Exclusive,Direct,False,True,Starting Point,0,215.0,Auto-Approved,,Yes
B,Rework (Of Selling),Exclusive,Direct,False,True,Starting Point,1,215.0035,Auto-Approved,,Yes
B,Rework (Of Selling),Exclusive,Direct,False,True,Starting Point,1000,218.5,Auto-Approved,,Yes
B,Rework (Of Selling),Exclusive,Direct,False,True,Starting Point,30000,320.0,Auto-Approved,,Yes
B,Rework (Of Selling),Exclusive,Direct,False,True,Starting Point,35000,337.5,Auto-Approved,,Yes
B,Rework (Of Selling),Exclusive,Direct,False,True,Starting Point,100000,565.0,Auto-Approved,,Yes
B,Rework (Of Selling),Exclusive,Direct,False,True,Starting Point,115000,617.5,Auto-Approved,,Yes
B,Rework (Of Selling),Exclusive,Direct,False,True,Starting Point,200000,915.0,Auto-Approved,,Yes
B,Rework (Of Selling),Exclusive,Direct,False,True,Starting Point,1000000,3715.0,Auto-Approved,,Yes
B,Rework (Of Selling),Exclusive,Direct,False,True,Creation/Unknown,0,150.0,Auto-Approved,,Yes
B,Rework (Of Selling),Exclusive,Direct,False,True,Creation/Unknown,1,150.0035,Auto-Approved,,Yes
B,Rework (Of Selling),Exclusive,Direct,False,True,Creation/Unknown,1000,153.5,Auto-Approved,,Yes
B,Rework (Of Selling),Exclusive,Direct,False,True,Creation/Unknown,30000,255.0,Auto-Approved,,Yes
B,Rework (Of Selling),Exclusive,Direct,False,True,Creation/Unknown,35000,272.5,Auto-Approved,,Yes
B,Rework (Of Selling),Exclusive,Direct,False,True,Creation/Unknown,100000,500.0,Auto-Approved,,Yes
B,Rework (Of Selling),Exclusive,Direct,False,True,Creation/Unknown,115000,552.5,Auto-Approved,,Yes
B,Rework (Of Selling),Exclusive,Direct,False,True,Creation/Unknown,200000,850.0,Auto-Approved,,Yes
B,Rework (Of Selling),Exclusive,Direct,False,True,Creation/Unknown,1000000,3650.0,Auto-Approved,,Yes
B,Rework (Of Selling),Exclusive,Direct,True,False,Library Only,0,150.0,Auto-Approved,,Yes
B,Rework (Of Selling),Exclusive,Direct,True,False,Library Only,1,150.0035,Auto-Approved,,Yes
B,Rework (Of Selling),Exclusive,Direct,True,False,Library Only,1000,153.5,Auto-Approved,,Yes
B,Rework (Of Selling),Exclusive,Direct,True,False,Library Only,30000,255.0,Auto-Approved,,Yes
B,Rework (Of Selling),Exclusive,Direct,True,False,Library Only,35000,272.5,Auto-Approved,,Yes
B,Rework (Of Selling),Exclusive,Direct,True,False,Library Only,100000,500.0,Auto-Approved,,Yes
B,Rework (Of Selling),Exclusive,Direct,True,False,Library Only,115000,552.5,Auto-Approved,,Yes
B,Rework (Of Selling),Exclusive,Direct,True,False,Library Only,200000,850.0,Auto-Approved,,Yes
B,Rework (Of Selling),Exclusive,Direct,True,False,Library Only,1000000,3650.0,Auto-Approved,,Yes
B,Rework (Of Selling),Exclusive,Direct,True,False,Starting Point,0,115.0,Auto-Approved,,Yes
B,Rework (Of Selling),Exclusive,Direct,True,False,Starting Point,1,115.0035,Auto-Approved,,Yes
B,Rework (Of Selling),Exclusive,Direct,True,False,Starting Point,1000,118.5,Auto-Approved,,Yes
B,Rework (Of Selling),Exclusive,Direct,True,False,Starting Point,30000,220.0,Auto-Approved,,Yes
B,Rework (Of Selling),Exclusive,Direct,True,False,Starting Point,35000,237.5,Auto-Approved,,Yes
B,Rework (Of Selling),Exclusive,Direct,True,False,Starting Point,100000,465.0,Auto-Approved,,Yes
B,Rework (Of Selling),Exclusive,Direct,True,False,Starting Point,115000,517.5,Auto-Approved,,Yes
B,Rework (Of Selling),Exclusive,Direct,True,False,Starting Point,200000,815.0,Auto-Approved,,Yes
B,Rework (Of Selling),Exclusive,Direct,True,False,Starting Point,1000000,3615.0,Auto-Approved,,Yes
B,Rework (Of Selling),Exclusive,Direct,True,False,Creation/Unknown,0,50.0,Auto-Approved,,Yes
B,Rework (Of Selling),Exclusive,Direct,True,False,Creation/Unknown,1,50.0035,Auto-Approved,,Yes
B,Rework (Of Selling),Exclusive,Direct,True,False,Creation/Unknown,1000,53.5,Auto-Approved,,Yes
B,Rework (Of Selling),Exclusive,Direct,True,False,Creation/Unknown,30000,155.0,Auto-Approved,,Yes
B,Rework (Of Selling),Exclusive,Direct,True,False,Creation/Unknown,35000,172.5,Auto-Approved,,Yes
B,Rework (Of Selling),Exclusive,Direct,True,False,Creation/Unknown,100000,400.0,Auto-Approved,,Yes
B,Rework (Of Selling),Exclusive,Direct,True,False,Creation/Unknown,115000,452.5,Auto-Approved,,Yes
B,Rework (Of Selling),Exclusive,Direct,True,False,Creation/Unknown,200000,750.0,Auto-Approved,,Yes
B,Rework (Of Selling),Exclusive,Direct,True,False,Creation/Unknown,1000000,3550.0,Auto-Approved,,Yes
B,Rework (Of Selling),Exclusive,Direct,True,True,Library Only,0,250.0,Auto-Approved,,Yes
B,Rework (Of Selling),Exclusive,Direct,True,True,Library Only,1,250.0035,Auto-Approved,,Yes
B,Rework (Of Selling),Exclusive,Direct,True,True,Library Only,1000,253.5,Auto-Approved,,Yes
B,Rework (Of Selling),Exclusive,Direct,True,True,Library Only,30000,355.0,Auto-Approved,,Yes
B,Rework (Of Selling),Exclusive,Direct,True,True,Library Only,35000,372.5,Auto-Approved,,Yes
B,Rework (Of Selling),Exclusive,Direct,True,True,Library Only,100000,600.0,Auto-Approved,,Yes
B,Rework (Of Selling),Exclusive,Direct,True,True,Library Only,115000,652.5,Auto-Approved,,Yes
B,Rework (Of Selling),Exclusive,Direct,True,True,Library Only,200000,950.0,Auto-Approved,,Yes
B,Rework (Of Selling),Exclusive,Direct,True,True,Library Only,1000000,3750.0,Auto-Approved,,Yes
B,Rework (Of Selling),Exclusive,Direct,True,True,Starting Point,0,215.0,Auto-Approved,,Yes
B,Rework (Of Selling),Exclusive,Direct,True,True,Starting Point,1,215.0035,Auto-Approved,,Yes
B,Rework (Of Selling),Exclusive,Direct,True,True,Starting Point,1000,218.5,Auto-Approved,,Yes
B,Rework (Of Selling),Exclusive,Direct,True,True,Starting Point,30000,320.0,Auto-Approved,,Yes
B,Rework (Of Selling),Exclusive,Direct,True,True,Starting Point,35000,337.5,Auto-Approved,,Yes
B,Rework (Of Selling),Exclusive,Direct,True,True,Starting Point,100000,565.0,Auto-Approved,,Yes
B,Rework (Of Selling),Exclusive,Direct,True,True,Starting Point,115000,617.5,Auto-Approved,,Yes
B,Rework (Of Selling),Exclusive,Direct,True,True,Starting Point,200000,915.0,Auto-Approved,,Yes
B,Rework (Of Selling),Exclusive,Direct,True,True,Starting Point,1000000,3715.0,Auto-Approved,,Yes
B,Rework (Of Selling),Exclusive,Direct,True,True,Creation/Unknown,0,150.0,Auto-Approved,,Yes
B,Rework (Of Selling),Exclusive,Direct,True,True,Creation/Unknown,1,150.0035,Auto-Approved,,Yes
B,Rework (Of Selling),Exclusive,Direct,True,True,Creation/Unknown,1000,153.5,Auto-Approved,,Yes
B,Rework (Of Selling),Exclusive,Direct,True,True,Creation/Unknown,30000,255.0,Auto-Approved,,Yes
B,Rework (Of Selling),Exclusive,Direct,True,True,Creation/Unknown,35000,272.5,Auto-Approved,,Yes
B,Rework (Of Selling),Exclusive,Direct,True,True,Creation/Unknown,100000,500.0,Auto-Approved,,Yes
B,Rework (Of Selling),Exclusive,Direct,True,True,Creation/Unknown,115000,552.5,Auto-Approved,,Yes
B,Rework (Of Selling),Exclusive,Direct,True,True,Creation/Unknown,200000,850.0,Auto-Approved,,Yes
B,Rework (Of Selling),Exclusive,Direct,True,True,Creation/Unknown,1000000,3650.0,Auto-Approved,,Yes
B,Rework (Of Selling),Exclusive,Deferred/Unknown,False,False,Library Only,0,150.0,Auto-Approved,,Yes
B,Rework (Of Selling),Exclusive,Deferred/Unknown,False,False,Library Only,1,150.003,Auto-Approved,,Yes
B,Rework (Of Selling),Exclusive,Deferred/Unknown,False,False,Library Only,1000,153.0,Auto-Approved,,Yes
B,Rework (Of Selling),Exclusive,Deferred/Unknown,False,False,Library Only,30000,240.0,Auto-Approved,,Yes
B,Rework (Of Selling),Exclusive,Deferred/Unknown,False,False,Library Only,35000,255.0,Auto-Approved,,Yes
B,Rework (Of Selling),Exclusive,Deferred/Unknown,False,False,Library Only,100000,450.0,Auto-Approved,,Yes
B,Rework (Of Selling),Exclusive,Deferred/Unknown,False,False,Library Only,115000,495.0,Auto-Approved,,Yes
B,Rework (Of Selling),Exclusive,Deferred/Unknown,False,False,Library Only,200000,750.0,Auto-Approved,,Yes
B,Rework (Of Selling),Exclusive,Deferred/Unknown,False,False,Library Only,1000000,3150.0,Auto-Approved,,Yes
B,Rework (Of Selling),Exclusive,Deferred/Unknown,False,False,Starting Point,0,115.0,Auto-Approved,,Yes
B,Rework (Of Selling),Exclusive,Deferred/Unknown,False,False,Starting Point,1,115.003,Auto-Approved,,Yes
B,Rework (Of Selling),Exclusive,Deferred/Unknown,False,False,Starting Point,1000,118.0,Auto-Approved,,Yes
B,Rework (Of Selling),Exclusive,Deferred/Unknown,False,False,Starting Point,30000,205.0,Auto-Approved,,Yes
B,Rework (Of Selling),Exclusive,Deferred/Unknown,False,False,Starting Point,35000,220.0,Auto-Approved,,Yes
B,Rework (Of Selling),Exclusive,Deferred/Unknown,False,False,Starting Point,100000,415.0,Auto-Approved,,Yes
B,Rework (Of Selling),Exclusive,Deferred/Unknown,False,False,Starting Point,115000,460.0,Auto-Approved,,Yes
B,Rework (Of Selling),Exclusive,Deferred/Unknown,False,False,Starting Point,200000,715.0,Auto-Approved,,Yes
B,Rework (Of Selling),Exclusive,Deferred/Unknown,False,False,Starting Point,1000000,3115.0,Auto-Approved,,Yes
B,Rework (Of Selling),Exclusive,Deferred/Unknown,False,False,Creation/Unknown,0,50.0,Auto-Approved,,Yes
B,Rework (Of Selling),Exclusive,Deferred/Unknown,False,False,Creation/Unknown,1,50.003,Auto-Approved,,Yes
B,Rework (Of Selling),Exclusive,Deferred/Unknown,False,False,Creation/Unknown,1000,53.0,Auto-Approved,,Yes
B,Rework (Of Selling),Exclusive,Deferred/Unknown,False,False,Creation/Unknown,30000,140.0,Auto-Approved,,Yes
B,Rework (Of Selling),Exclusive,Deferred/Unknown,False,False,Creation/Unknown,35000,155.0,Auto-Approved,,Yes
B,Rework (Of Selling),Exclusive,Deferred/Unknown,False,False,Creation/Unknown,100000,350.0,Auto-Approved,,Yes
B,Rework (Of Selling),Exclusive,Deferred/Unknown,False,False,Creation/Unknown,115000,395.0,Auto-Approved,,Yes
B,Rework (Of Selling),Exclusive,Deferred/Unknown,False,False,Creation/Unknown,200000,650.0,Auto-Approved,,Yes
B,Rework (Of Selling),Exclusive,Deferred/Unknown,False,False,Creation/Unknown,1000000,3050.0,Auto-Approved,,Yes
B,Rework (Of Selling),Exclusive,Deferred/Unknown,False,True,Library Only,0,250.0,Auto-Approved,,Yes
B,Rework (Of Selling),Exclusive,Deferred/Unknown,False,True,Library Only,1,250.003,Auto-Approved,,Yes
B,Rework (Of Selling),Exclusive,Deferred/Unknown,False,True,Library Only,1000,253.0,Auto-Approved,,Yes
B,Rework (Of Selling),Exclusive,Deferred/Unknown,False,True,Library Only,30000,340.0,Auto-Approved,,Yes
B,Rework (Of Selling),Exclusive,Deferred/Unknown,False,True,Library Only,35000,355.0,Auto-Approved,,Yes
B,Rework (Of Selling),Exclusive,Deferred/Unknown,False,True,Library Only,100000,550.0,Auto-Approved,,Yes
B,Rework (Of Selling),Exclusive,Deferred/Unknown,False,True,Library Only,115000,595.0,Auto-Approved,,Yes
B,Rework (Of Selling),Exclusive,Deferred/Unknown,False,True,Library Only,200000,850.0,Auto-Approved,,Yes
B,Rework (Of Selling),Exclusive,Deferred/Unknown,False,True,Library Only,1000000,3250.0,Auto-Approved,,Yes
B,Rework (Of Selling),Exclusive,Deferred/Unknown,False,True,Starting Point,0,215.0,Auto-Approved,,Yes
B,Rework (Of Selling),Exclusive,Deferred/Unknown,False,True,Starting Point,1,215.003,Auto-Approved,,Yes
B,Rework (Of Selling),Exclusive,Deferred/Unknown,False,True,Starting Point,1000,218.0,Auto-Approved,,Yes
B,Rework (Of Selling),Exclusive,Deferred/Unknown,False,True,Starting Point,30000,305.0,Auto-Approved,,Yes
B,Rework (Of Selling),Exclusive,Deferred/Unknown,False,True,Starting Point,35000,320.0,Auto-Approved,,Yes
B,Rework (Of Selling),Exclusive,Deferred/Unknown,False,True,Starting Point,100000,515.0,Auto-Approved,,Yes
B,Rework (Of Selling),Exclusive,Deferred/Unknown,False,True,Starting Point,115000,560.0,Auto-Approved,,Yes
B,Rework (Of Selling),Exclusive,Deferred/Unknown,False,True,Starting Point,200000,815.0,Auto-Approved,,Yes
B,Rework (Of Selling),Exclusive,Deferred/Unknown,False,True,Starting Point,1000000,3215.0,Auto-Approved,,Yes
B,Rework (Of Selling),Exclusive,Deferred/Unknown,False,True,Creation/Unknown,0,150.0,Auto-Approved,,Yes
B,Rework (Of Selling),Exclusive,Deferred/Unknown,False,True,Creation/Unknown,1,150.003,Auto-Approved,,Yes
B,Rework (Of Selling),Exclusive,Deferred/Unknown,False,True,Creation/Unknown,1000,153.0,Auto-Approved,,Yes
B,Rework (Of Selling),Exclusive,Deferred/Unknown,False,True,Creation/Unknown,30000,240.0,Auto-Approved,,Yes
B,Rework (Of Selling),Exclusive,Deferred/Unknown,False,True,Creation/Unknown,35000,255.0,Auto-Approved,,Yes
B,Rework (Of Selling),Exclusive,Deferred/Unknown,False,True,Creation/Unknown,100000,450.0,Auto-Approved,,Yes
B,Rework (Of Selling),Exclusive,Deferred/Unknown,False,True,Creation/Unknown,115000,495.0,Auto-Approved,,Yes
B,Rework (Of Selling),Exclusive,Deferred/Unknown,False,True,Creation/Unknown,200000,750.0,Auto-Approved,,Yes
B,Rework (Of Selling),Exclusive,Deferred/Unknown,False,True,Creation/Unknown,1000000,3150.0,Auto-Approved,,Yes
B,Rework (Of Selling),Exclusive,Deferred/Unknown,True,False,Library Only,0,150.0,Auto-Approved,,Yes
B,Rework (Of Selling),Exclusive,Deferred/Unknown,True,False,Library Only,1,150.003,Auto-Approved,,Yes
B,Rework (Of Selling),Exclusive,Deferred/Unknown,True,False,Library Only,1000,153.0,Auto-Approved,,Yes
B,Rework (Of Selling),Exclusive,Deferred/Unknown,True,False,Library Only,30000,240.0,Auto-Approved,,Yes
B,Rework (Of Selling),Exclusive,Deferred/Unknown,True,False,Library Only,35000,255.0,Auto-Approved,,Yes
B,Rework (Of Selling),Exclusive,Deferred/Unknown,True,False,Library Only,100000,450.0,Auto-Approved,,Yes
B,Rework (Of Selling),Exclusive,Deferred/Unknown,True,False,Library Only,115000,495.0,Auto-Approved,,Yes
B,Rework (Of Selling),Exclusive,Deferred/Unknown,True,False,Library Only,200000,750.0,Auto-Approved,,Yes
B,Rework (Of Selling),Exclusive,Deferred/Unknown,True,False,Library Only,1000000,3150.0,Auto-Approved,,Yes
B,Rework (Of Selling),Exclusive,Deferred/Unknown,True,False,Starting Point,0,115.0,Auto-Approved,,Yes
B,Rework (Of Selling),Exclusive,Deferred/Unknown,True,False,Starting Point,1,115.003,Auto-Approved,,Yes
B,Rework (Of Selling),Exclusive,Deferred/Unknown,True,False,Starting Point,1000,118.0,Auto-Approved,,Yes
B,Rework (Of Selling),Exclusive,Deferred/Unknown,True,False,Starting Point,30000,205.0,Auto-Approved,,Yes
B,Rework (Of Selling),Exclusive,Deferred/Unknown,True,False,Starting Point,35000,220.0,Auto-Approved,,Yes
B,Rework (Of Selling),Exclusive,Deferred/Unknown,True,False,Starting Point,100000,415.0,Auto-Approved,,Yes
B,Rework (Of Selling),Exclusive,Deferred/Unknown,True,False,Starting Point,115000,460.0,Auto-Approved,,Yes
B,Rework (Of Selling),Exclusive,Deferred/Unknown,True,False,Starting Point,200000,715.0,Auto-Approved,,Yes
B,Rework (Of Selling),Exclusive,Deferred/Unknown,True,False,Starting Point,1000000,3115.0,Auto-Approved,,Yes
B,Rework (Of Selling),Exclusive,Deferred/Unknown,True,False,Creation/Unknown,0,50.0,Auto-Approved,,Yes
B,Rework (Of Selling),Exclusive,Deferred/Unknown,True,False,Creation/Unknown,1,50.003,Auto-Approved,,Yes
B,Rework (Of Selling),Exclusive,Deferred/Unknown,True,False,Creation/Unknown,1000,53.0,Auto-Approved,,Yes
B,Rework (Of Selling),Exclusive,Deferred/Unknown,True,False,Creation/Unknown,30000,140.0,Auto-Approved,,Yes
B,Rework (Of Selling),Exclusive,Deferred/Unknown,True,False,Creation/Unknown,35000,155.0,Auto-Approved,,Yes
B,Rework (Of Selling),Exclusive,Deferred/Unknown,True,False,Creation/Unknown,100000,350.0,Auto-Approved,,Yes
B,Rework (Of Selling),Exclusive,Deferred/Unknown,True,False,Creation/Unknown,115000,395.0,Auto-Approved,,Yes
B,Rework (Of Selling),Exclusive,Deferred/Unknown,True,False,Creation/Unknown,200000,650.0,Auto-Approved,,Yes
B,Rework (Of Selling),Exclusive,Deferred/Unknown,True,False,Creation/Unknown,1000000,3050.0,Auto-Approved,,Yes
B,Rework (Of Selling),Exclusive,Deferred/Unknown,True,True,Library Only,0,250.0,Auto-Approved,,Yes
B,Rework (Of Selling),Exclusive,Deferred/Unknown,True,True,Library Only,1,250.003,Auto-Approved,,Yes
B,Rework (Of Selling),Exclusive,Deferred/Unknown,True,True,Library Only,1000,253.0,Auto-Approved,,Yes
B,Rework (Of Selling),Exclusive,Deferred/Unknown,True,True,Library Only,30000,340.0,Auto-Approved,,Yes
B,Rework (Of Selling),Exclusive,Deferred/Unknown,True,True,Library Only,35000,355.0,Auto-Approved,,Yes
B,Rework (Of Selling),Exclusive,Deferred/Unknown,True,True,Library Only,100000,550.0,Auto-Approved,,Yes
B,Rework (Of Selling),Exclusive,Deferred/Unknown,True,True,Library Only,115000,595.0,Auto-Approved,,Yes
B,Rework (Of Selling),Exclusive,Deferred/Unknown,True,True,Library Only,200000,850.0,Auto-Approved,,Yes
B,Rework (Of Selling),Exclusive,Deferred/Unknown,True,True,Library Only,1000000,3250.0,Auto-Approved,,Yes
B,Rework (Of Selling),Exclusive,Deferred/Unknown,True,True,Starting Point,0,215.0,Auto-Approved,,Yes
B,Rework (Of Selling),Exclusive,Deferred/Unknown,True,True,Starting Point,1,215.003,Auto-Approved,,Yes
B,Rework (Of Selling),Exclusive,Deferred/Unknown,True,True,Starting Point,1000,218.0,Auto-Approved,,Yes
B,Rework (Of Selling),Exclusive,Deferred/Unknown,True,True,Starting Point,30000,305.0,Auto-Approved,,Yes
B,Rework (Of Selling),Exclusive,Deferred/Unknown,True,True,Starting Point,35000,320.0,Auto-Approved,,Yes
B,Rework (Of Selling),Exclusive,Deferred/Unknown,True,True,Starting Point,100000,515.0,Auto-Approved,,Yes
B,Rework (Of Selling),Exclusive,Deferred/Unknown,True,True,Starting Point,115000,560.0,Auto-Approved,,Yes
B,Rework (Of Selling),Exclusive,Deferred/Unknown,True,True,Starting Point,200000,815.0,Auto-Approved,,Yes
B,Rework (Of Selling),Exclusive,Deferred/Unknown,True,True,Starting Point,1000000,3215.0,Auto-Approved,,Yes
B,Rework (Of Selling),Exclusive,Deferred/Unknown,True,True,Creation/Unknown,0,150.0,Auto-Approved,,Yes
B,Rework (Of Selling),Exclusive,Deferred/Unknown,True,True,Creation/Unknown,1,150.003,Auto-Approved,,Yes
B,Rework (Of Selling),Exclusive,Deferred/Unknown,True,True,Creation/Unknown,1000,153.0,Auto-Approved,,Yes
B,Rework (Of Selling),Exclusive,Deferred/Unknown,True,True,Creation/Unknown,30000,240.0,Auto-Approved,,Yes
B,Rework (Of Selling),Exclusive,Deferred/Unknown,True,True,Creation/Unknown,35000,255.0,Auto-Approved,,Yes
B,Rework (Of Selling),Exclusive,Deferred/Unknown,True,True,Creation/Unknown,100000,450.0,Auto-Approved,,Yes
B,Rework (Of Selling),Exclusive,Deferred/Unknown,True,True,Creation/Unknown,115000,495.0,Auto-Approved,,Yes
B,Rework (Of Selling),Exclusive,Deferred/Unknown,True,True,Creation/Unknown,200000,750.0,Auto-Approved,,Yes
B,Rework (Of Selling),Exclusive,Deferred/Unknown,True,True,Creation/Unknown,1000000,3150.0,Auto-Approved,,Yes
B,Rework (Of Selling),Competitive,Direct,False,False,Library Only,0,150.0,Auto-Approved,,Yes
B,Rework (Of Selling),Competitive,Direct,False,False,Library Only,1,150.0025,Auto-Approved,,Yes
B,Rework (Of Selling),Competitive,Direct,False,False,Library Only,1000,152.5,Auto-Approved,,Yes
B,Rework (Of Selling),Competitive,Direct,False,False,Library Only,30000,225.0,Auto-Approved,,Yes
B,Rework (Of Selling),Competitive,Direct,False,False,Library Only,35000,237.5,Auto-Approved,,Yes
B,Rework (Of Selling),Competitive,Direct,False,False,Library Only,100000,400.0,Auto-Approved,,Yes
B,Rework (Of Selling),Competitive,Direct,False,False,Library Only,115000,437.5,Auto-Approved,,Yes
B,Rework (Of Selling),Competitive,Direct,False,False,Library Only,200000,650.0,Auto-Approved,,Yes
B,Rework (Of Selling),Competitive,Direct,False,False,Library Only,1000000,2650.0,Auto-Approved,,Yes
B,Rework (Of Selling),Competitive,Direct,False,False,Starting Point,0,115.0,Auto-Approved,,Yes
B,Rework (Of Selling),Competitive,Direct,False,False,Starting Point,1,115.0025,Auto-Approved,,Yes
B,Rework (Of Selling),Competitive,Direct,False,False,Starting Point,1000,117.5,Auto-Approved,,Yes
B,Rework (Of Selling),Competitive,Direct,False,False,Starting Point,30000,190.0,Auto-Approved,,Yes
B,Rework (Of Selling),Competitive,Direct,False,False,Starting Point,35000,202.5,Auto-Approved,,Yes
B,Rework (Of Selling),Competitive,Direct,False,False,Starting Point,100000,365.0,Auto-Approved,,Yes
B,Rework (Of Selling),Competitive,Direct,False,False,Starting Point,115000,402.5,Auto-Approved,,Yes
B,Rework (Of Selling),Competitive,Direct,False,False,Starting Point,200000,615.0,Auto-Approved,,Yes
B,Rework (Of Selling),Competitive,Direct,False,False,Starting Point,1000000,2615.0,Auto-Approved,,Yes
B,Rework (Of Selling),Competitive,Direct,False,False,Creation/Unknown,0,50.0,Auto-Approved,,Yes
B,Rework (Of Selling),Competitive,Direct,False,False,Creation/Unknown,1,50.002500000000005,Auto-Approved,,Yes
B,Rework (Of Selling),Competitive,Direct,False,False,Creation/Unknown,1000,52.5,Auto-Approved,,Yes
B,Rework (Of Selling),Competitive,Direct,False,False,Creation/Unknown,30000,125.0,Auto-Approved,,Yes
B,Rework (Of Selling),Competitive,Direct,False,False,Creation/Unknown,35000,137.5,Auto-Approved,,Yes
B,Rework (Of Selling),Competitive,Direct,False,False,Creation/Unknown,100000,300.0,Auto-Approved,,Yes
B,Rework (Of Selling),Competitive,Direct,False,False,Creation/Unknown,115000,337.5,Auto-Approved,,Yes
B,Rework (Of Selling),Competitive,Direct,False,False,Creation/Unknown,200000,550.0,Auto-Approved,,Yes
B,Rework (Of Selling),Competitive,Direct,False,False,Creation/Unknown,1000000,2550.0,Auto-Approved,,Yes
B,Rework (Of Selling),Competitive,Direct,False,True,Library Only,0,250.0,Auto-Approved,,Yes
B,Rework (Of Selling),Competitive,Direct,False,True,Library Only,1,250.0025,Auto-Approved,,Yes
B,Rework (Of Selling),Competitive,Direct,False,True,Library Only,1000,252.5,Auto-Approved,,Yes
B,Rework (Of Selling),Competitive,Direct,False,True,Library Only,30000,325.0,Auto-Approved,,Yes
B,Rework (Of Selling),Competitive,Direct,False,True,Library Only,35000,337.5,Auto-Approved,,Yes
B,Rework (Of Selling),Competitive,Direct,False,True,Library Only,100000,500.0,Auto-Approved,,Yes
B,Rework (Of Selling),Competitive,Direct,False,True,Library Only,115000,537.5,Auto-Approved,,Yes
B,Rework (Of Selling),Competitive,Direct,False,True,Library Only,200000,750.0,Auto-Approved,,Yes
B,Rework (Of Selling),Competitive,Direct,False,True,Library Only,1000000,2750.0,Auto-Approved,,Yes
B,Rework (Of Selling),Competitive,Direct,False,True,Starting Point,0,215.0,Auto-Approved,,Yes
B,Rework (Of Selling),Competitive,Direct,False,True,Starting Point,1,215.0025,Auto-Approved,,Yes
B,Rework (Of Selling),Competitive,Direct,False,True,Starting Point,1000,217.5,Auto-Approved,,Yes
B,Rework (Of Selling),Competitive,Direct,False,True,Starting Point,30000,290.0,Auto-Approved,,Yes
B,Rework (Of Selling),Competitive,Direct,False,True,Starting Point,35000,302.5,Auto-Approved,,Yes
B,Rework (Of Selling),Competitive,Direct,False,True,Starting Point,100000,465.0,Auto-Approved,,Yes
B,Rework (Of Selling),Competitive,Direct,False,True,Starting Point,115000,502.5,Auto-Approved,,Yes
B,Rework (Of Selling),Competitive,Direct,False,True,Starting Point,200000,715.0,Auto-Approved,,Yes
B,Rework (Of Selling),Competitive,Direct,False,True,Starting Point,1000000,2715.0,Auto-Approved,,Yes
B,Rework (Of Selling),Competitive,Direct,False,True,Creation/Unknown,0,150.0,Auto-Approved,,Yes
B,Rework (Of Selling),Competitive,Direct,False,True,Creation/Unknown,1,150.0025,Auto-Approved,,Yes
B,Rework (Of Selling),Competitive,Direct,False,True,Creation/Unknown,1000,152.5,Auto-Approved,,Yes
B,Rework (Of Selling),Competitive,Direct,False,True,Creation/Unknown,30000,225.0,Auto-Approved,,Yes
B,Rework (Of Selling),Competitive,Direct,False,True,Creation/Unknown,35000,237.5,Auto-Approved,,Yes
B,Rework (Of Selling),Competitive,Direct,False,True,Creation/Unknown,100000,400.0,Auto-Approved,,Yes
B,Rework (Of Selling),Competitive,Direct,False,True,Creation/Unknown,115000,437.5,Auto-Approved,,Yes
B,Rework (Of Selling),Competitive,Direct,False,True,Creation/Unknown,200000,650.0,Auto-Approved,,Yes
B,Rework (Of Selling),Competitive,Direct,False,True,Creation/Unknown,1000000,2650.0,Auto-Approved,,Yes
B,Rework (Of Selling),Competitive,Direct,True,False,Library Only,0,150.0,Auto-Approved,,Yes
B,Rework (Of Selling),Competitive,Direct,True,False,Library Only,1,150.0025,Auto-Approved,,Yes
B,Rework (Of Selling),Competitive,Direct,True,False,Library Only,1000,152.5,Auto-Approved,,Yes
B,Rework (Of Selling),Competitive,Direct,True,False,Library Only,30000,225.0,Auto-Approved,,Yes
B,Rework (Of Selling),Competitive,Direct,True,False,Library Only,35000,237.5,Auto-Approved,,Yes
B,Rework (Of Selling),Competitive,Direct,True,False,Library Only,100000,400.0,Auto-Approved,,Yes
B,Rework (Of Selling),Competitive,Direct,True,False,Library Only,115000,437.5,Auto-Approved,,Yes
B,Rework (Of Selling),Competitive,Direct,True,False,Library Only,200000,650.0,Auto-Approved,,Yes
B,Rework (Of Selling),Competitive,Direct,True,False,Library Only,1000000,2650.0,Auto-Approved,,Yes
B,Rework (Of Selling),Competitive,Direct,True,False,Starting Point,0,115.0,Auto-Approved,,Yes
B,Rework (Of Selling),Competitive,Direct,True,False,Starting Point,1,115.0025,Auto-Approved,,Yes
B,Rework (Of Selling),Competitive,Direct,True,False,Starting Point,1000,117.5,Auto-Approved,,Yes
B,Rework (Of Selling),Competitive,Direct,True,False,Starting Point,30000,190.0,Auto-Approved,,Yes
B,Rework (Of Selling),Competitive,Direct,True,False,Starting Point,35000,202.5,Auto-Approved,,Yes
B,Rework (Of Selling),Competitive,Direct,True,False,Starting Point,100000,365.0,Auto-Approved,,Yes
B,Rework (Of Selling),Competitive,Direct,True,False,Starting Point,115000,402.5,Auto-Approved,,Yes
B,Rework (Of Selling),Competitive,Direct,True,False,Starting Point,200000,615.0,Auto-Approved,,Yes
B,Rework (Of Selling),Competitive,Direct,True,False,Starting Point,1000000,2615.0,Auto-Approved,,Yes
B,Rework (Of Selling),Competitive,Direct,True,False,Creation/Unknown,0,50.0,Auto-Approved,,Yes
B,Rework (Of Selling),Competitive,Direct,True,False,Creation/Unknown,1,50.002500000000005,Auto-Approved,,Yes
B,Rework (Of Selling),Competitive,Direct,True,False,Creation/Unknown,1000,52.5,Auto-Approved,,Yes
B,Rework (Of Selling),Competitive,Direct,True,False,Creation/Unknown,30000,125.0,Auto-Approved,,Yes
B,Rework (Of Selling),Competitive,Direct,True,False,Creation/Unknown,35000,137.5,Auto-Approved,,Yes
B,Rework (Of Selling),Competitive,Direct,True,False,Creation/Unknown,100000,300.0,Auto-Approved,,Yes
B,Rework (Of Selling),Competitive,Direct,True,False,Creation/Unknown,115000,337.5,Auto-Approved,,Yes
B,Rework (Of Selling),Competitive,Direct,True,False,Creation/Unknown,200000,550.0,Auto-Approved,,Yes
B,Rework (Of Selling),Competitive,Direct,True,False,Creation/Unknown,1000000,2550.0,Auto-Approved,,Yes
B,Rework (Of Selling),Competitive,Direct,True,True,Library Only,0,250.0,Auto-Approved,,Yes
B,Rework (Of Selling),Competitive,Direct,True,True,Library Only,1,250.0025,Auto-Approved,,Yes
B,Rework (Of Selling),Competitive,Direct,True,True,Library Only,1000,252.5,Auto-Approved,,Yes
B,Rework (Of Selling),Competitive,Direct,True,True,Library Only,30000,325.0,Auto-Approved,,Yes
B,Rework (Of Selling),Competitive,Direct,True,True,Library Only,35000,337.5,Auto-Approved,,Yes
B,Rework (Of Selling),Competitive,Direct,True,True,Library Only,100000,500.0,Auto-Approved,,Yes
B,Rework (Of Selling),Competitive,Direct,True,True,Library Only,115000,537.5,Auto-Approved,,Yes
B,Rework (Of Selling),Competitive,Direct,True,True,Library Only,200000,750.0,Auto-Approved,,Yes
B,Rework (Of Selling),Competitive,Direct,True,True,Library Only,1000000,2750.0,Auto-Approved,,Yes
B,Rework (Of Selling),Competitive,Direct,True,True,Starting Point,0,215.0,Auto-Approved,,Yes
B,Rework (Of Selling),Competitive,Direct,True,True,Starting Point,1,215.0025,Auto-Approved,,Yes
B,Rework (Of Selling),Competitive,Direct,True,True,Starting Point,1000,217.5,Auto-Approved,,Yes
B,Rework (Of Selling),Competitive,Direct,True,True,Starting Point,30000,290.0,Auto-Approved,,Yes
B,Rework (Of Selling),Competitive,Direct,True,True,Starting Point,35000,302.5,Auto-Approved,,Yes
B,Rework (Of Selling),Competitive,Direct,True,True,Starting Point,100000,465.0,Auto-Approved,,Yes
B,Rework (Of Selling),Competitive,Direct,True,True,Starting Point,115000,502.5,Auto-Approved,,Yes
B,Rework (Of Selling),Competitive,Direct,True,True,Starting Point,200000,715.0,Auto-Approved,,Yes
B,Rework (Of Selling),Competitive,Direct,True,True,Starting Point,1000000,2715.0,Auto-Approved,,Yes
B,Rework (Of Selling),Competitive,Direct,True,True,Creation/Unknown,0,150.0,Auto-Approved,,Yes
B,Rework (Of Selling),Competitive,Direct,True,True,Creation/Unknown,1,150.0025,Auto-Approved,,Yes
B,Rework (Of Selling),Competitive,Direct,True,True,Creation/Unknown,1000,152.5,Auto-Approved,,Yes
B,Rework (Of Selling),Competitive,Direct,True,True,Creation/Unknown,30000,225.0,Auto-Approved,,Yes
B,Rework (Of Selling),Competitive,Direct,True,True,Creation/Unknown,35000,237.5,Auto-Approved,,Yes
B,Rework (Of Selling),Competitive,Direct,True,True,Creation/Unknown,100000,400.0,Auto-Approved,,Yes
B,Rework (Of Selling),Competitive,Direct,True,True,Creation/Unknown,115000,437.5,Auto-Approved,,Yes
B,Rework (Of Selling),Competitive,Direct,True,True,Creation/Unknown,200000,650.0,Auto-Approved,,Yes
B,Rework (Of Selling),Competitive,Direct,True,True,Creation/Unknown,1000000,2650.0,Auto-Approved,,Yes
B,Rework (Of Selling),Competitive,Deferred/Unknown,False,False,Library Only,0,150.0,Auto-Approved,,Yes
B,Rework (Of Selling),Competitive,Deferred/Unknown,False,False,Library Only,1,150.002,Auto-Approved,,Yes
B,Rework (Of Selling),Competitive,Deferred/Unknown,False,False,Library Only,1000,152.0,Auto-Approved,,Yes
B,Rework (Of Selling),Competitive,Deferred/Unknown,False,False,Library Only,30000,210.0,Auto-Approved,,Yes
B,Rework (Of Selling),Competitive,Deferred/Unknown,False,False,Library Only,35000,220.0,Auto-Approved,,Yes
B,Rework (Of Selling),Competitive,Deferred/Unknown,False,False,Library Only,100000,350.0,Auto-Approved,,Yes
B,Rework (Of Selling),Competitive,Deferred/Unknown,False,False,Library Only,115000,380.0,Auto-Approved,,Yes
B,Rework (Of Selling),Competitive,Deferred/Unknown,False,False,Library Only,200000,550.0,Auto-Approved,,Yes
B,Rework (Of Selling),Competitive,Deferred/Unknown,False,False,Library Only,1000000,2150.0,Auto-Approved,,Yes
B,Rework (Of Selling),Competitive,Deferred/Unknown,False,False,Starting Point,0,115.0,Auto-Approved,,Yes
B,Rework (Of Selling),Competitive,Deferred/Unknown,False,False,Starting Point,1,115.00200000000001,Auto-Approved,,Yes
B,Rework (Of Selling),Competitive,Deferred/Unknown,False,False,Starting Point,1000,117.0,Auto-Approved,,Yes
B,Rework (Of Selling),Competitive,Deferred/Unknown,False,False,Starting Point,30000,175.0,Auto-Approved,,Yes
B,Rework (Of Selling),Competitive,Deferred/Unknown,False,False,Starting Point,35000,185.0,Auto-Approved,,Yes
B,Rework (Of Selling),Competitive,Deferred/Unknown,False,False,Starting Point,100000,315.0,Auto-Approved,,Yes
B,Rework (Of Selling),Competitive,Deferred/Unknown,False,False,Starting Point,115000,345.0,Auto-Approved,,Yes
B,Rework (Of Selling),Competitive,Deferred/Unknown,False,False,Starting Point,200000,515.0,Auto-Approved,,Yes
B,Rework (Of Selling),Competitive,Deferred/Unknown,False,False,Starting Point,1000000,2115.0,Auto-Approved,,Yes
B,Rework (Of Selling),Competitive,Deferred/Unknown,False,False,Creation/Unknown,0,50.0,Auto-Approved,,Yes
B,Rework (Of Selling),Competitive,Deferred/Unknown,False,False,Creation/Unknown,1,50.001999999999995,Auto-Approved,,Yes
B,Rework (Of Selling),Competitive,Deferred/Unknown,False,False,Creation/Unknown,1000,52.0,Auto-Approved,,Yes
B,Rework (Of Selling),Competitive,Deferred/Unknown,False,False,Creation/Unknown,30000,110.0,Auto-Approved,,Yes
B,Rework (Of Selling),Competitive,Deferred/Unknown,False,False,Creation/Unknown,35000,120.0,Auto-Approved,,Yes
B,Rework (Of Selling),Competitive,Deferred/Unknown,False,False,Creation/Unknown,100000,250.0,Auto-Approved,,Yes
B,Rework (Of Selling),Competitive,Deferred/Unknown,False,False,Creation/Unknown,115000,280.0,Auto-Approved,,Yes
B,Rework (Of Selling),Competitive,Deferred/Unknown,False,False,Creation/Unknown,200000,450.0,Auto-Approved,,Yes
B,Rework (Of Selling),Competitive,Deferred/Unknown,False,False,Creation/Unknown,1000000,2050.0,Auto-Approved,,Yes
B,Rework (Of Selling),Competitive,Deferred/Unknown,False,True,Library Only,0,250.0,Auto-Approved,,Yes
B,Rework (Of Selling),Competitive,Deferred/Unknown,False,True,Library Only,1,250.002,Auto-Approved,,Yes
B,Rework (Of Selling),Competitive,Deferred/Unknown,False,True,Library Only,1000,252.0,Auto-Approved,,Yes
B,Rework (Of Selling),Competitive,Deferred/Unknown,False,True,Library Only,30000,310.0,Auto-Approved,,Yes
B,Rework (Of Selling),Competitive,Deferred/Unknown,False,True,Library Only,35000,320.0,Auto-Approved,,Yes
B,Rework (Of Selling),Competitive,Deferred/Unknown,False,True,Library Only,100000,450.0,Auto-Approved,,Yes
B,Rework (Of Selling),Competitive,Deferred/Unknown,False,True,Library Only,115000,480.0,Auto-Approved,,Yes
B,Rework (Of Selling),Competitive,Deferred/Unknown,False,True,Library Only,200000,650.0,Auto-Approved,,Yes
B,Rework (Of Selling),Competitive,Deferred/Unknown,False,True,Library Only,1000000,2250.0,Auto-Approved,,Yes
B,Rework (Of Selling),Competitive,Deferred/Unknown,False,True,Starting Point,0,215.0,Auto-Approved,,Yes
B,Rework (Of Selling),Competitive,Deferred/Unknown,False,True,Starting Point,1,215.002,Auto-Approved,,Yes
B,Rework (Of Selling),Competitive,Deferred/Unknown,False,True,Starting Point,1000,217.0,Auto-Approved,,Yes
B,Rework (Of Selling),Competitive,Deferred/Unknown,False,True,Starting Point,30000,275.0,Auto-Approved,,Yes
B,Rework (Of Selling),Competitive,Deferred/Unknown,False,True,Starting Point,35000,285.0,Auto-Approved,,Yes
B,Rework (Of Selling),Competitive,Deferred/Unknown,False,True,Starting Point,100000,415.0,Auto-Approved,,Yes
B,Rework (Of Selling),Competitive,Deferred/Unknown,False,True,Starting Point,115000,445.0,Auto-Approved,,Yes
B,Rework (Of Selling),Competitive,Deferred/Unknown,False,True,Starting Point,200000,615.0,Auto-Approved,,Yes
B,Rework (Of Selling),Competitive,Deferred/Unknown,False,True,Starting Point,1000000,2215.0,Auto-Approved,,Yes
B,Rework (Of Selling),Competitive,Deferred/Unknown,False,True,Creation/Unknown,0,150.0,Auto-Approved,,Yes
B,Rework (Of Selling),Competitive,Deferred/Unknown,False,True,Creation/Unknown,1,150.002,Auto-Approved,,Yes
B,Rework (Of Selling),Competitive,Deferred/Unknown,False,True,Creation/Unknown,1000,152.0,Auto-Approved,,Yes
B,Rework (Of Selling),Competitive,Deferred/Unknown,False,True,Creation/Unknown,30000,210.0,Auto-Approved,,Yes
B,Rework (Of Selling),Competitive,Deferred/Unknown,False,True,Creation/Unknown,35000,220.0,Auto-Approved,,Yes
B,Rework (Of Selling),Competitive,Deferred/Unknown,False,True,Creation/Unknown,100000,350.0,Auto-Approved,,Yes
B,Rework (Of Selling),Competitive,Deferred/Unknown,False,True,Creation/Unknown,115000,380.0,Auto-Approved,,Yes
B,Rework (Of Selling),Competitive,Deferred/Unknown,False,True,Creation/Unknown,200000,550.0,Auto-Approved,,Yes
B,Rework (Of Selling),Competitive,Deferred/Unknown,False,True,Creation/Unknown,1000000,2150.0,Auto-Approved,,Yes
B,Rework (Of Selling),Competitive,Deferred/Unknown,True,False,Library Only,0,150.0,Auto-Approved,,Yes
B,Rework (Of Selling),Competitive,Deferred/Unknown,True,False,Library Only,1,150.002,Auto-Approved,,Yes
B,Rework (Of Selling),Competitive,Deferred/Unknown,True,False,Library Only,1000,152.0,Auto-Approved,,Yes
B,Rework (Of Selling),Competitive,Deferred/Unknown,True,False,Library Only,30000,210.0,Auto-Approved,,Yes
B,Rework (Of Selling),Competitive,Deferred/Unknown,True,False,Library Only,35000,220.0,Auto-Approved,,Yes
B,Rework (Of Selling),Competitive,Deferred/Unknown,True,False,Library Only,100000,350.0,Auto-Approved,,Yes
B,Rework (Of Selling),Competitive,Deferred/Unknown,True,False,Library Only,115000,380.0,Auto-Approved,,Yes
B,Rework (Of Selling),Competitive,Deferred/Unknown,True,False,Library Only,200000,550.0,Auto-Approved,,Yes
B,Rework (Of Selling),Competitive,Deferred/Unknown,True,False,Library Only,1000000,2150.0,Auto-Approved,,Yes
B,Rework (Of Selling),Competitive,Deferred/Unknown,True,False,Starting Point,0,115.0,Auto-Approved,,Yes
B,Rework (Of Selling),Competitive,Deferred/Unknown,True,False,Starting Point,1,115.00200000000001,Auto-Approved,,Yes
B,Rework (Of Selling),Competitive,Deferred/Unknown,True,False,Starting Point,1000,117.0,Auto-Approved,,Yes
B,Rework (Of Selling),Competitive,Deferred/Unknown,True,False,Starting Point,30000,175.0,Auto-Approved,,Yes
B,Rework (Of Selling),Competitive,Deferred/Unknown,True,False,Starting Point,35000,185.0,Auto-Approved,,Yes
B,Rework (Of Selling),Competitive,Deferred/Unknown,True,False,Starting Point,100000,315.0,Auto-Approved,,Yes
B,Rework (Of Selling),Competitive,Deferred/Unknown,True,False,Starting Point,115000,345.0,Auto-Approved,,Yes
B,Rework (Of Selling),Competitive,Deferred/Unknown,True,False,Starting Point,200000,515.0,Auto-Approved,,Yes
B,Rework (Of Selling),Competitive,Deferred/Unknown,True,False,Starting Point,1000000,2115.0,Auto-Approved,,Yes
B,Rework (Of Selling),Competitive,Deferred/Unknown,True,False,Creation/Unknown,0,50.0,Auto-Approved,,Yes
B,Rework (Of Selling),Competitive,Deferred/Unknown,True,False,Creation/Unknown,1,50.001999999999995,Auto-Approved,,Yes
B,Rework (Of Selling),Competitive,Deferred/Unknown,True,False,Creation/Unknown,1000,52.0,Auto-Approved,,Yes
B,Rework (Of Selling),Competitive,Deferred/Unknown,True,False,Creation/Unknown,30000,110.0,Auto-Approved,,Yes
B,Rework (Of Selling),Competitive,Deferred/Unknown,True,False,Creation/Unknown,35000,120.0,Auto-Approved,,Yes
B,Rework (Of Selling),Competitive,Deferred/Unknown,True,False,Creation/Unknown,100000,250.0,Auto-Approved,,Yes
B,Rework (Of Selling),Competitive,Deferred/Unknown,True,False,Creation/Unknown,115000,280.0,Auto-Approved,,Yes
B,Rework (Of Selling),Competitive,Deferred/Unknown,True,False,Creation/Unknown,200000,450.0,Auto-Approved,,Yes
B,Rework (Of Selling),Competitive,Deferred/Unknown,True,False,Creation/Unknown,1000000,2050.0,Auto-Approved,,Yes
B,Rework (Of Selling),Competitive,Deferred/Unknown,True,True,Library Only,0,250.0,Auto-Approved,,Yes
B,Rework (Of Selling),Competitive,Deferred/Unknown,True,True,Library Only,1,250.002,Auto-Approved,,Yes
B,Rework (Of Selling),Competitive,Deferred/Unknown,True,True,Library Only,1000,252.0,Auto-Approved,,Yes
B,Rework (Of Selling),Competitive,Deferred/Unknown,True,True,Library Only,30000,310.0,Auto-Approved,,Yes
B,Rework (Of Selling),Competitive,Deferred/Unknown,True,True,Library Only,35000,320.0,Auto-Approved,,Yes
B,Rework (Of Selling),Competitive,Deferred/Unknown,True,True,Library Only,100000,450.0,Auto-Approved,,Yes
B,Rework (Of Selling),Competitive,Deferred/Unknown,True,True,Library Only,115000,480.0,Auto-Approved,,Yes
B,Rework (Of Selling),Competitive,Deferred/Unknown,True,True,Library Only,200000,650.0,Auto-Approved,,Yes
B,Rework (Of Selling),Competitive,Deferred/Unknown,True,True,Library Only,1000000,2250.0,Auto-Approved,,Yes
B,Rework (Of Selling),Competitive,Deferred/Unknown,True,True,Starting Point,0,215.0,Auto-Approved,,Yes
B,Rework (Of Selling),Competitive,Deferred/Unknown,True,True,Starting Point,1,215.002,Auto-Approved,,Yes
B,Rework (Of Selling),Competitive,Deferred/Unknown,True,True,Starting Point,1000,217.0,Auto-Approved,,Yes
B,Rework (Of Selling),Competitive,Deferred/Unknown,True,True,Starting Point,30000,275.0,Auto-Approved,,Yes
B,Rework (Of Selling),Competitive,Deferred/Unknown,True,True,Starting Point,35000,285.0,Auto-Approved,,Yes
B,Rework (Of Selling),Competitive,Deferred/Unknown,True,True,Starting Point,100000,415.0,Auto-Approved,,Yes
B,Rework (Of Selling),Competitive,Deferred/Unknown,True,True,Starting Point,115000,445.0,Auto-Approved,,Yes
B,Rework (Of Selling),Competitive,Deferred/Unknown,True,True,Starting Point,200000,615.0,Auto-Approved,,Yes
B,Rework (Of Selling),Competitive,Deferred/Unknown,True,True,Starting Point,1000000,2215.0,Auto-Approved,,Yes
B,Rework (Of Selling),Competitive,Deferred/Unknown,True,True,Creation/Unknown,0,150.0,Auto-Approved,,Yes
B,Rework (Of Selling),Competitive,Deferred/Unknown,True,True,Creation/Unknown,1,150.002,Auto-Approved,,Yes
B,Rework (Of Selling),Competitive,Deferred/Unknown,True,True,Creation/Unknown,1000,152.0,Auto-Approved,,Yes
B,Rework (Of Selling),Competitive,Deferred/Unknown,True,True,Creation/Unknown,30000,210.0,Auto-Approved,,Yes
B,Rework (Of Selling),Competitive,Deferred/Unknown,True,True,Creation/Unknown,35000,220.0,Auto-Approved,,Yes
B,Rework (Of Selling),Competitive,Deferred/Unknown,True,True,Creation/Unknown,100000,350.0,Auto-Approved,,Yes
B,Rework (Of Selling),Competitive,Deferred/Unknown,True,True,Creation/Unknown,115000,380.0,Auto-Approved,,Yes
B,Rework (Of Selling),Competitive,Deferred/Unknown,True,True,Creation/Unknown,200000,550.0,Auto-Approved,,Yes
B,Rework (Of Selling),Competitive,Deferred/Unknown,True,True,Creation/Unknown,1000000,2150.0,Auto-Approved,,Yes
B,Rework (Of Selling),ProActive,Direct,False,False,Library Only,0,150.0,Auto-Approved,,Yes
B,Rework (Of Selling),ProActive,Direct,False,False,Library Only,1,150.002,Auto-Approved,,Yes
B,Rework (Of Selling),ProActive,Direct,False,False,Library Only,1000,152.0,Auto-Approved,,Yes
B,Rework (Of Selling),ProActive,Direct,False,False,Library Only,30000,210.0,Auto-Approved,,Yes
B,Rework (Of Selling),ProActive,Direct,False,False,Library Only,35000,220.0,Auto-Approved,,Yes
B,Rework (Of Selling),ProActive,Direct,False,False,Library Only,100000,350.0,Auto-Approved,,Yes
B,Rework (Of Selling),ProActive,Direct,False,False,Library Only,115000,380.0,Auto-Approved,,Yes
B,Rework (Of Selling),ProActive,Direct,False,False,Library Only,200000,550.0,Auto-Approved,,Yes
B,Rework (Of Selling),ProActive,Direct,False,False,Library Only,1000000,2150.0,Auto-Approved,,Yes
B,Rework (Of Selling),ProActive,Direct,False,False,Starting Point,0,115.0,Auto-Approved,,Yes
B,Rework (Of Selling),ProActive,Direct,False,False,Starting Point,1,115.00200000000001,Auto-Approved,,Yes
B,Rework (Of Selling),ProActive,Direct,False,False,Starting Point,1000,117.0,Auto-Approved,,Yes
B,Rework (Of Selling),ProActive,Direct,False,False,Starting Point,30000,175.0,Auto-Approved,,Yes
B,Rework (Of Selling),ProActive,Direct,False,False,Starting Point,35000,185.0,Auto-Approved,,Yes
B,Rework (Of Selling),ProActive,Direct,False,False,Starting Point,100000,315.0,Auto-Approved,,Yes
B,Rework (Of Selling),ProActive,Direct,False,False,Starting Point,115000,345.0,Auto-Approved,,Yes
B,Rework (Of Selling),ProActive,Direct,False,False,Starting Point,200000,515.0,Auto-Approved,,Yes
B,Rework (Of Selling),ProActive,Direct,False,False,Starting Point,1000000,2115.0,Auto-Approved,,Yes
B,Rework (Of Selling),ProActive,Direct,False,False,Creation/Unknown,0,50.0,Auto-Approved,,Yes
B,Rework (Of Selling),ProActive,Direct,False,False,Creation/Unknown,1,50.002,Auto-Approved,,Yes
B,Rework (Of Selling),ProActive,Direct,False,False,Creation/Unknown,1000,52.0,Auto-Approved,,Yes
B,Rework (Of Selling),ProActive,Direct,False,False,Creation/Unknown,30000,110.0,Auto-Approved,,Yes
B,Rework (Of Selling),ProActive,Direct,False,False,Creation/Unknown,35000,120.0,Auto-Approved,,Yes
B,Rework (Of Selling),ProActive,Direct,False,False,Creation/Unknown,100000,250.0,Auto-Approved,,Yes
B,Rework (Of Selling),ProActive,Direct,False,False,Creation/Unknown,115000,280.0,Auto-Approved,,Yes
B,Rework (Of Selling),ProActive,Direct,False,False,Creation/Unknown,200000,450.0,Auto-Approved,,Yes
B,Rework (Of Selling),ProActive,Direct,False,False,Creation/Unknown,1000000,2050.0,Auto-Approved,,Yes
B,Rework (Of Selling),ProActive,Direct,False,True,Library Only,0,250.0,Auto-Approved,,Yes
B,Rework (Of Selling),ProActive,Direct,False,True,Library Only,1,250.002,Auto-Approved,,Yes
B,Rework (Of Selling),ProActive,Direct,False,True,Library Only,1000,252.0,Auto-Approved,,Yes
B,Rework (Of Selling),ProActive,Direct,False,True,Library Only,30000,310.0,Auto-Approved,,Yes
B,Rework (Of Selling),ProActive,Direct,False,True,Library Only,35000,320.0,Auto-Approved,,Yes
B,Rework (Of Selling),ProActive,Direct,False,True,Library Only,100000,450.0,Auto-Approved,,Yes
B,Rework (Of Selling),ProActive,Direct,False,True,Library Only,115000,480.0,Auto-Approved,,Yes
B,Rework (Of Selling),ProActive,Direct,False,True,Library Only,200000,650.0,Auto-Approved,,Yes
B,Rework (Of Selling),ProActive,Direct,False,True,Library Only,1000000,2250.0,Auto-Approved,,Yes
B,Rework (Of Selling),ProActive,Direct,False,True,Starting Point,0,215.0,Auto-Approved,,Yes
B,Rework (Of Selling),ProActive,Direct,False,True,Starting Point,1,215.002,Auto-Approved,,Yes
B,Rework (Of Selling),ProActive,Direct,False,True,Starting Point,1000,217.0,Auto-Approved,,Yes
B,Rework (Of Selling),ProActive,Direct,False,True,Starting Point,30000,275.0,Auto-Approved,,Yes
B,Rework (Of Selling),ProActive,Direct,False,True,Starting Point,35000,285.0,Auto-Approved,,Yes
B,Rework (Of Selling),ProActive,Direct,False,True,Starting Point,100000,415.0,Auto-Approved,,Yes
B,Rework (Of Selling),ProActive,Direct,False,True,Starting Point,115000,445.0,Auto-Approved,,Yes
B,Rework (Of Selling),ProActive,Direct,False,True,Starting Point,200000,615.0,Auto-Approved,,Yes
B,Rework (Of Selling),ProActive,Direct,False,True,Starting Point,1000000,2215.0,Auto-Approved,,Yes
B,Rework (Of Selling),ProActive,Direct,False,True,Creation/Unknown,0,150.0,Auto-Approved,,Yes
B,Rework (Of Selling),ProActive,Direct,False,True,Creation/Unknown,1,150.002,Auto-Approved,,Yes
B,Rework (Of Selling),ProActive,Direct,False,True,Creation/Unknown,1000,152.0,Auto-Approved,,Yes
B,Rework (Of Selling),ProActive,Direct,False,True,Creation/Unknown,30000,210.0,Auto-Approved,,Yes
B,Rework (Of Selling),ProActive,Direct,False,True,Creation/Unknown,35000,220.0,Auto-Approved,,Yes
B,Rework (Of Selling),ProActive,Direct,False,True,Creation/Unknown,100000,350.0,Auto-Approved,,Yes
B,Rework (Of Selling),ProActive,Direct,False,True,Creation/Unknown,115000,380.0,Auto-Approved,,Yes
B,Rework (Of Selling),ProActive,Direct,False,True,Creation/Unknown,200000,550.0,Auto-Approved,,Yes
B,Rework (Of Selling),ProActive,Direct,False,True,Creation/Unknown,1000000,2150.0,Auto-Approved,,Yes
B,Rework (Of Selling),ProActive,Direct,True,False,Library Only,0,150.0,Auto-Approved,,Yes
B,Rework (Of Selling),ProActive,Direct,True,False,Library Only,1,150.002,Auto-Approved,,Yes
B,Rework (Of Selling),ProActive,Direct,True,False,Library Only,1000,152.0,Auto-Approved,,Yes
B,Rework (Of Selling),ProActive,Direct,True,False,Library Only,30000,210.0,Auto-Approved,,Yes
B,Rework (Of Selling),ProActive,Direct,True,False,Library Only,35000,220.0,Auto-Approved,,Yes
B,Rework (Of Selling),ProActive,Direct,True,False,Library Only,100000,350.0,Auto-Approved,,Yes
B,Rework (Of Selling),ProActive,Direct,True,False,Library Only,115000,380.0,Auto-Approved,,Yes
B,Rework (Of Selling),ProActive,Direct,True,False,Library Only,200000,550.0,Auto-Approved,,Yes
B,Rework (Of Selling),ProActive,Direct,True,False,Library Only,1000000,2150.0,Auto-Approved,,Yes
B,Rework (Of Selling),ProActive,Direct,True,False,Starting Point,0,115.0,Auto-Approved,,Yes
B,Rework (Of Selling),ProActive,Direct,True,False,Starting Point,1,115.00200000000001,Auto-Approved,,Yes
B,Rework (Of Selling),ProActive,Direct,True,False,Starting Point,1000,117.0,Auto-Approved,,Yes
B,Rework (Of Selling),ProActive,Direct,True,False,Starting Point,30000,175.0,Auto-Approved,,Yes
B,Rework (Of Selling),ProActive,Direct,True,False,Starting Point,35000,185.0,Auto-Approved,,Yes
B,Rework (Of Selling),ProActive,Direct,True,False,Starting Point,100000,315.0,Auto-Approved,,Yes
B,Rework (Of Selling),ProActive,Direct,True,False,Starting Point,115000,345.0,Auto-Approved,,Yes
B,Rework (Of Selling),ProActive,Direct,True,False,Starting Point,200000,515.0,Auto-Approved,,Yes
B,Rework (Of Selling),ProActive,Direct,True,False,Starting Point,1000000,2115.0,Auto-Approved,,Yes
B,Rework (Of Selling),ProActive,Direct,True,False,Creation/Unknown,0,50.0,Auto-Approved,,Yes
B,Rework (Of Selling),ProActive,Direct,True,False,Creation/Unknown,1,50.002,Auto-Approved,,Yes
B,Rework (Of Selling),ProActive,Direct,True,False,Creation/Unknown,1000,52.0,Auto-Approved,,Yes
B,Rework (Of Selling),ProActive,Direct,True,False,Creation/Unknown,30000,110.0,Auto-Approved,,Yes
B,Rework (Of Selling),ProActive,Direct,True,False,Creation/Unknown,35000,120.0,Auto-Approved,,Yes
B,Rework (Of Selling),ProActive,Direct,True,False,Creation/Unknown,100000,250.0,Auto-Approved,,Yes
B,Rework (Of Selling),ProActive,Direct,True,False,Creation/Unknown,115000,280.0,Auto-Approved,,Yes
B,Rework (Of Selling),ProActive,Direct,True,False,Creation/Unknown,200000,450.0,Auto-Approved,,Yes
B,Rework (Of Selling),ProActive,Direct,True,False,Creation/Unknown,1000000,2050.0,Auto-Approved,,Yes
B,Rework (Of Selling),ProActive,Direct,True,True,Library Only,0,250.0,Auto-Approved,,Yes
B,Rework (Of Selling),ProActive,Direct,True,True,Library Only,1,250.002,Auto-Approved,,Yes
B,Rework (Of Selling),ProActive,Direct,True,True,Library Only,1000,252.0,Auto-Approved,,Yes
B,Rework (Of Selling),ProActive,Direct,True,True,Library Only,30000,310.0,Auto-Approved,,Yes
B,Rework (Of Selling),ProActive,Direct,True,True,Library Only,35000,320.0,Auto-Approved,,Yes
B,Rework (Of Selling),ProActive,Direct,True,True,Library Only,100000,450.0,Auto-Approved,,Yes
B,Rework (Of Selling),ProActive,Direct,True,True,Library Only,115000,480.0,Auto-Approved,,Yes
B,Rework (Of Selling),ProActive,Direct,True,True,Library Only,200000,650.0,Auto-Approved,,Yes
B,Rework (Of Selling),ProActive,Direct,True,True,Library Only,1000000,2250.0,Auto-Approved,,Yes
B,Rework (Of Selling),ProActive,Direct,True,True,Starting Point,0,215.0,Auto-Approved,,Yes
B,Rework (Of Selling),ProActive,Direct,True,True,Starting Point,1,215.002,Auto-Approved,,Yes
B,Rework (Of Selling),ProActive,Direct,True,True,Starting Point,1000,217.0,Auto-Approved,,Yes
B,Rework (Of Selling),ProActive,Direct,True,True,Starting Point,30000,275.0,Auto-Approved,,Yes
B,Rework (Of Selling),ProActive,Direct,True,True,Starting Point,35000,285.0,Auto-Approved,,Yes
B,Rework (Of Selling),ProActive,Direct,True,True,Starting Point,100000,415.0,Auto-Approved,,Yes
B,Rework (Of Selling),ProActive,Direct,True,True,Starting Point,115000,445.0,Auto-Approved,,Yes
B,Rework (Of Selling),ProActive,Direct,True,True,Starting Point,200000,615.0,Auto-Approved,,Yes
B,Rework (Of Selling),ProActive,Direct,True,True,Starting Point,1000000,2215.0,Auto-Approved,,Yes
B,Rework (Of Selling),ProActive,Direct,True,True,Creation/Unknown,0,150.0,Auto-Approved,,Yes
B,Rework (Of Selling),ProActive,Direct,True,True,Creation/Unknown,1,150.002,Auto-Approved,,Yes
B,Rework (Of Selling),ProActive,Direct,True,True,Creation/Unknown,1000,152.0,Auto-Approved,,Yes
B,Rework (Of Selling),ProActive,Direct,True,True,Creation/Unknown,30000,210.0,Auto-Approved,,Yes
B,Rework (Of Selling),ProActive,Direct,True,True,Creation/Unknown,35000,220.0,Auto-Approved,,Yes
B,Rework (Of Selling),ProActive,Direct,True,True,Creation/Unknown,100000,350.0,Auto-Approved,,Yes
B,Rework (Of Selling),ProActive,Direct,True,True,Creation/Unknown,115000,380.0,Auto-Approved,,Yes
B,Rework (Of Selling),ProActive,Direct,True,True,Creation/Unknown,200000,550.0,Auto-Approved,,Yes
B,Rework (Of Selling),ProActive,Direct,True,True,Creation/Unknown,1000000,2150.0,Auto-Approved,,Yes
B,Rework (Of Selling),ProActive,Deferred/Unknown,False,False,Library Only,0,150.0,Auto-Approved,,Yes
B,Rework (Of Selling),ProActive,Deferred/Unknown,False,False,Library Only,1,150.0015,Auto-Approved,,Yes
B,Rework (Of Selling),ProActive,Deferred/Unknown,False,False,Library Only,1000,151.5,Auto-Approved,,Yes
B,Rework (Of Selling),ProActive,Deferred/Unknown,False,False,Library Only,30000,195.0,Auto-Approved,,Yes
B,Rework (Of Selling),ProActive,Deferred/Unknown,False,False,Library Only,35000,202.5,Auto-Approved,,Yes
B,Rework (Of Selling),ProActive,Deferred/Unknown,False,False,Library Only,100000,300.0,Auto-Approved,,Yes
B,Rework (Of Selling),ProActive,Deferred/Unknown,False,False,Library Only,115000,322.5,Auto-Approved,,Yes
B,Rework (Of Selling),ProActive,Deferred/Unknown,False,False,Library Only,200000,450.0,Auto-Approved,,Yes
B,Rework (Of Selling),ProActive,Deferred/Unknown,False,False,Library Only,1000000,1650.0,Auto-Approved,,Yes
B,Rework (Of Selling),ProActive,Deferred/Unknown,False,False,Starting Point,0,115.0,Auto-Approved,,Yes
B,Rework (Of Selling),ProActive,Deferred/Unknown,False,False,Starting Point,1,115.0015,Auto-Approved,,Yes
B,Rework (Of Selling),ProActive,Deferred/Unknown,False,False,Starting Point,1000,116.5,Auto-Approved,,Yes
B,Rework (Of Selling),ProActive,Deferred/Unknown,False,False,Starting Point,30000,160.0,Auto-Approved,,Yes
B,Rework (Of Selling),ProActive,Deferred/Unknown,False,False,Starting Point,35000,167.5,Auto-Approved,,Yes
B,Rework (Of Selling),ProActive,Deferred/Unknown,False,False,Starting Point,100000,265.0,Auto-Approved,,Yes
B,Rework (Of Selling),ProActive,Deferred/Unknown,False,False,Starting Point,115000,287.5,Auto-Approved,,Yes
B,Rework (Of Selling),ProActive,Deferred/Unknown,False,False,Starting Point,200000,415.0,Auto-Approved,,Yes
B,Rework (Of Selling),ProActive,Deferred/Unknown,False,False,Starting Point,1000000,1615.0,Auto-Approved,,Yes
B,Rework (Of Selling),ProActive,Deferred/Unknown,False,False,Creation/Unknown,0,50.0,Auto-Approved,,Yes
B,Rework (Of Selling),ProActive,Deferred/Unknown,False,False,Creation/Unknown,1,50.0015,Auto-Approved,,Yes
B,Rework (Of Selling),ProActive,Deferred/Unknown,False,False,Creation/Unknown,1000,51.5,Auto-Approved,,Yes
B,Rework (Of Selling),ProActive,Deferred/Unknown,False,False,Creation/Unknown,30000,95.0,Auto-Approved,,Yes
B,Rework (Of Selling),ProActive,Deferred/Unknown,False,False,Creation/Unknown,35000,102.5,Auto-Approved,,Yes
B,Rework (Of Selling),ProActive,Deferred/Unknown,False,False,Creation/Unknown,100000,200.0,Auto-Approved,,Yes
B,Rework (Of Selling),ProActive,Deferred/Unknown,False,False,Creation/Unknown,115000,222.5,Auto-Approved,,Yes
B,Rework (Of Selling),ProActive,Deferred/Unknown,False,False,Creation/Unknown,200000,350.0,Auto-Approved,,Yes
B,Rework (Of Selling),ProActive,Deferred/Unknown,False,False,Creation/Unknown,1000000,1550.0,Auto-Approved,,Yes
B,Rework (Of Selling),ProActive,Deferred/Unknown,False,True,Library Only,0,250.0,Auto-Approved,,Yes
B,Rework (Of Selling),ProActive,Deferred/Unknown,False,True,Library Only,1,250.0015,Auto-Approved,,Yes
B,Rework (Of Selling),ProActive,Deferred/Unknown,False,True,Library Only,1000,251.5,Auto-Approved,,Yes
B,Rework (Of Selling),ProActive,Deferred/Unknown,False,True,Library Only,30000,295.0,Auto-Approved,,Yes
B,Rework (Of Selling),ProActive,Deferred/Unknown,False,True,Library Only,35000,302.5,Auto-Approved,,Yes
B,Rework (Of Selling),ProActive,Deferred/Unknown,False,True,Library Only,100000,400.0,Auto-Approved,,Yes
B,Rework (Of Selling),ProActive,Deferred/Unknown,False,True,Library Only,115000,422.5,Auto-Approved,,Yes
B,Rework (Of Selling),ProActive,Deferred/Unknown,False,True,Library Only,200000,550.0,Auto-Approved,,Yes
B,Rework (Of Selling),ProActive,Deferred/Unknown,False,True,Library Only,1000000,1750.0,Auto-Approved,,Yes
B,Rework (Of Selling),ProActive,Deferred/Unknown,False,True,Starting Point,0,215.0,Auto-Approved,,Yes
B,Rework (Of Selling),ProActive,Deferred/Unknown,False,True,Starting Point,1,215.0015,Auto-Approved,,Yes
B,Rework (Of Selling),ProActive,Deferred/Unknown,False,True,Starting Point,1000,216.5,Auto-Approved,,Yes
B,Rework (Of Selling),ProActive,Deferred/Unknown,False,True,Starting Point,30000,260.0,Auto-Approved,,Yes
B,Rework (Of Selling),ProActive,Deferred/Unknown,False,True,Starting Point,35000,267.5,Auto-Approved,,Yes
B,Rework (Of Selling),ProActive,Deferred/Unknown,False,True,Starting Point,100000,365.0,Auto-Approved,,Yes
B,Rework (Of Selling),ProActive,Deferred/Unknown,False,True,Starting Point,115000,387.5,Auto-Approved,,Yes
B,Rework (Of Selling),ProActive,Deferred/Unknown,False,True,Starting Point,200000,515.0,Auto-Approved,,Yes
B,Rework (Of Selling),ProActive,Deferred/Unknown,False,True,Starting Point,1000000,1715.0,Auto-Approved,,Yes
B,Rework (Of Selling),ProActive,Deferred/Unknown,False,True,Creation/Unknown,0,150.0,Auto-Approved,,Yes
B,Rework (Of Selling),ProActive,Deferred/Unknown,False,True,Creation/Unknown,1,150.0015,Auto-Approved,,Yes
B,Rework (Of Selling),ProActive,Deferred/Unknown,False,True,Creation/Unknown,1000,151.5,Auto-Approved,,Yes
B,Rework (Of Selling),ProActive,Deferred/Unknown,False,True,Creation/Unknown,30000,195.0,Auto-Approved,,Yes
B,Rework (Of Selling),ProActive,Deferred/Unknown,False,True,Creation/Unknown,35000,202.5,Auto-Approved,,Yes
B,Rework (Of Selling),ProActive,Deferred/Unknown,False,True,Creation/Unknown,100000,300.0,Auto-Approved,,Yes
B,Rework (Of Selling),ProActive,Deferred/Unknown,False,True,Creation/Unknown,115000,322.5,Auto-Approved,,Yes
B,Rework (Of Selling),ProActive,Deferred/Unknown,False,True,Creation/Unknown,200000,450.0,Auto-Approved,,Yes
B,Rework (Of Selling),ProActive,Deferred/Unknown,False,True,Creation/Unknown,1000000,1650.0,Auto-Approved,,Yes
B,Rework (Of Selling),ProActive,Deferred/Unknown,True,False,Library Only,0,150.0,Auto-Approved,,Yes
B,Rework (Of Selling),ProActive,Deferred/Unknown,True,False,Library Only,1,150.0015,Auto-Approved,,Yes
B,Rework (Of Selling),ProActive,Deferred/Unknown,True,False,Library Only,1000,151.5,Auto-Approved,,Yes
B,Rework (Of Selling),ProActive,Deferred/Unknown,True,False,Library Only,30000,195.0,Auto-Approved,,Yes
B,Rework (Of Selling),ProActive,Deferred/Unknown,True,False,Library Only,35000,202.5,Auto-Approved,,Yes
B,Rework (Of Selling),ProActive,Deferred/Unknown,True,False,Library Only,100000,300.0,Auto-Approved,,Yes
B,Rework (Of Selling),ProActive,Deferred/Unknown,True,False,Library Only,115000,322.5,Auto-Approved,,Yes
B,Rework (Of Selling),ProActive,Deferred/Unknown,True,False,Library Only,200000,450.0,Auto-Approved,,Yes
B,Rework (Of Selling),ProActive,Deferred/Unknown,True,False,Library Only,1000000,1650.0,Auto-Approved,,Yes
B,Rework (Of Selling),ProActive,Deferred/Unknown,True,False,Starting Point,0,115.0,Auto-Approved,,Yes
B,Rework (Of Selling),ProActive,Deferred/Unknown,True,False,Starting Point,1,115.0015,Auto-Approved,,Yes
B,Rework (Of Selling),ProActive,Deferred/Unknown,True,False,Starting Point,1000,116.5,Auto-Approved,,Yes
B,Rework (Of Selling),ProActive,Deferred/Unknown,True,False,Starting Point,30000,160.0,Auto-Approved,,Yes
B,Rework (Of Selling),ProActive,Deferred/Unknown,True,False,Starting Point,35000,167.5,Auto-Approved,,Yes
B,Rework (Of Selling),ProActive,Deferred/Unknown,True,False,Starting Point,100000,265.0,Auto-Approved,,Yes
B,Rework (Of Selling),ProActive,Deferred/Unknown,True,False,Starting Point,115000,287.5,Auto-Approved,,Yes
B,Rework (Of Selling),ProActive,Deferred/Unknown,True,False,Starting Point,200000,415.0,Auto-Approved,,Yes
B,Rework (Of Selling),ProActive,Deferred/Unknown,True,False,Starting Point,1000000,1615.0,Auto-Approved,,Yes
B,Rework (Of Selling),ProActive,Deferred/Unknown,True,False,Creation/Unknown,0,50.0,Auto-Approved,,Yes
B,Rework (Of Selling),ProActive,Deferred/Unknown,True,False,Creation/Unknown,1,50.0015,Auto-Approved,,Yes
B,Rework (Of Selling),ProActive,Deferred/Unknown,True,False,Creation/Unknown,1000,51.5,Auto-Approved,,Yes
B,Rework (Of Selling),ProActive,Deferred/Unknown,True,False,Creation/Unknown,30000,95.0,Auto-Approved,,Yes
B,Rework (Of Selling),ProActive,Deferred/Unknown,True,False,Creation/Unknown,35000,102.5,Auto-Approved,,Yes
B,Rework (Of Selling),ProActive,Deferred/Unknown,True,False,Creation/Unknown,100000,200.0,Auto-Approved,,Yes
B,Rework (Of Selling),ProActive,Deferred/Unknown,True,False,Creation/Unknown,115000,222.5,Auto-Approved,,Yes
B,Rework (Of Selling),ProActive,Deferred/Unknown,True,False,Creation/Unknown,200000,350.0,Auto-Approved,,Yes
B,Rework (Of Selling),ProActive,Deferred/Unknown,True,False,Creation/Unknown,1000000,1550.0,Auto-Approved,,Yes
B,Rework (Of Selling),ProActive,Deferred/Unknown,True,True,Library Only,0,250.0,Auto-Approved,,Yes
B,Rework (Of Selling),ProActive,Deferred/Unknown,True,True,Library Only,1,250.0015,Auto-Approved,,Yes
B,Rework (Of Selling),ProActive,Deferred/Unknown,True,True,Library Only,1000,251.5,Auto-Approved,,Yes
B,Rework (Of Selling),ProActive,Deferred/Unknown,True,True,Library Only,30000,295.0,Auto-Approved,,Yes
B,Rework (Of Selling),ProActive,Deferred/Unknown,True,True,Library Only,35000,302.5,Auto-Approved,,Yes
B,Rework (Of Selling),ProActive,Deferred/Unknown,True,True,Library Only,100000,400.0,Auto-Approved,,Yes
B,Rework (Of Selling),ProActive,Deferred/Unknown,True,True,Library Only,115000,422.5,Auto-Approved,,Yes
B,Rework (Of Selling),ProActive,Deferred/Unknown,True,True,Library Only,200000,550.0,Auto-Approved,,Yes
B,Rework (Of Selling),ProActive,Deferred/Unknown,True,True,Library Only,1000000,1750.0,Auto-Approved,,Yes
B,Rework (Of Selling),ProActive,Deferred/Unknown,True,True,Starting Point,0,215.0,Auto-Approved,,Yes
B,Rework (Of Selling),ProActive,Deferred/Unknown,True,True,Starting Point,1,215.0015,Auto-Approved,,Yes
B,Rework (Of Selling),ProActive,Deferred/Unknown,True,True,Starting Point,1000,216.5,Auto-Approved,,Yes
B,Rework (Of Selling),ProActive,Deferred/Unknown,True,True,Starting Point,30000,260.0,Auto-Approved,,Yes
B,Rework (Of Selling),ProActive,Deferred/Unknown,True,True,Starting Point,35000,267.5,Auto-Approved,,Yes
B,Rework (Of Selling),ProActive,Deferred/Unknown,True,True,Starting Point,100000,365.0,Auto-Approved,,Yes
B,Rework (Of Selling),ProActive,Deferred/Unknown,True,True,Starting Point,115000,387.5,Auto-Approved,,Yes
B,Rework (Of Selling),ProActive,Deferred/Unknown,True,True,Starting Point,200000,515.0,Auto-Approved,,Yes
B,Rework (Of Selling),ProActive,Deferred/Unknown,True,True,Starting Point,1000000,1715.0,Auto-Approved,,Yes
B,Rework (Of Selling),ProActive,Deferred/Unknown,True,True,Creation/Unknown,0,150.0,Auto-Approved,,Yes
B,Rework (Of Selling),ProActive,Deferred/Unknown,True,True,Creation/Unknown,1,150.0015,Auto-Approved,,Yes
B,Rework (Of Selling),ProActive,Deferred/Unknown,True,True,Creation/Unknown,1000,151.5,Auto-Approved,,Yes
B,Rework (Of Selling),ProActive,Deferred/Unknown,True,True,Creation/Unknown,30000,195.0,Auto-Approved,,Yes
B,Rework (Of Selling),ProActive,Deferred/Unknown,True,True,Creation/Unknown,35000,202.5,Auto-Approved,,Yes
B,Rework (Of Selling),ProActive,Deferred/Unknown,True,True,Creation/Unknown,100000,300.0,Auto-Approved,,Yes
B,Rework (Of Selling),ProActive,Deferred/Unknown,True,True,Creation/Unknown,115000,322.5,Auto-Approved,,Yes
B,Rework (Of Selling),ProActive,Deferred/Unknown,True,True,Creation/Unknown,200000,450.0,Auto-Approved,,Yes
B,Rework (Of Selling),ProActive,Deferred/Unknown,True,True,Creation/Unknown,1000000,1650.0,Auto-Approved,,Yes
B,Rework (Non-Selling),Exclusive,Direct,False,False,Library Only,0,150.0,Auto-Approved,,No
B,Rework (Non-Selling),Exclusive,Direct,False,False,Library Only,1,150.0025,Auto-Approved,,No
B,Rework (Non-Selling),Exclusive,Direct,False,False,Library Only,1000,152.5,Auto-Approved,,No
B,Rework (Non-Selling),Exclusive,Direct,False,False,Library Only,30000,225.0,Auto-Approved,,No
B,Rework (Non-Selling),Exclusive,Direct,False,False,Library Only,35000,237.5,Auto-Approved,,No
B,Rework (Non-Selling),Exclusive,Direct,False,False,Library Only,100000,400.0,Auto-Approved,,No
B,Rework (Non-Selling),Exclusive,Direct,False,False,Library Only,115000,437.5,Auto-Approved,,No
B,Rework (Non-Selling),Exclusive,Direct,False,False,Library Only,200000,650.0,Auto-Approved,,No
B,Rework (Non-Selling),Exclusive,Direct,False,False,Library Only,1000000,2650.0,Auto-Approved,,No
B,Rework (Non-Selling),Exclusive,Direct,False,False,Starting Point,0,115.0,Auto-Approved,,No
B,Rework (Non-Selling),Exclusive,Direct,False,False,Starting Point,1,115.0025,Auto-Approved,,No
B,Rework (Non-Selling),Exclusive,Direct,False,False,Starting Point,1000,117.5,Auto-Approved,,No
B,Rework (Non-Selling),Exclusive,Direct,False,False,Starting Point,30000,190.0,Auto-Approved,,No
B,Rework (Non-Selling),Exclusive,Direct,False,False,Starting Point,35000,202.5,Auto-Approved,,No
B,Rework (Non-Selling),Exclusive,Direct,False,False,Starting Point,100000,365.0,Auto-Approved,,No
B,Rework (Non-Selling),Exclusive,Direct,False,False,Starting Point,115000,402.5,Auto-Approved,,No
B,Rework (Non-Selling),Exclusive,Direct,False,False,Starting Point,200000,615.0,Auto-Approved,,No
B,Rework (Non-Selling),Exclusive,Direct,False,False,Starting Point,1000000,2615.0,Auto-Approved,,No
B,Rework (Non-Selling),Exclusive,Direct,False,False,Creation/Unknown,0,50.0,Pending Approval,,No
B,Rework (Non-Selling),Exclusive,Direct,False,False,Creation/Unknown,1,50.002500000000005,Pending Approval,,No
B,Rework (Non-Selling),Exclusive,Direct,False,False,Creation/Unknown,1000,52.5,Pending Approval,,No
B,Rework (Non-Selling),Exclusive,Direct,False,False,Creation/Unknown,30000,125.0,Auto-Approved,,No
B,Rework (Non-Selling),Exclusive,Direct,False,False,Creation/Unknown,35000,137.5,Auto-Approved,,No
B,Rework (Non-Selling),Exclusive,Direct,False,False,Creation/Unknown,100000,300.0,Auto-Approved,,No
B,Rework (Non-Selling),Exclusive,Direct,False,False,Creation/Unknown,115000,337.5,Auto-Approved,,No
B,Rework (Non-Selling),Exclusive,Direct,False,False,Creation/Unknown,200000,550.0,Auto-Approved,,No
B,Rework (Non-Selling),Exclusive,Direct,False,False,Creation/Unknown,1000000,2550.0,Auto-Approved,,No
B,Rework (Non-Selling),Exclusive,Direct,False,True,Library Only,0,250.0,Auto-Approved,,No
B,Rework (Non-Selling),Exclusive,Direct,False,True,Library Only,1,250.0025,Auto-Approved,,No
B,Rework (Non-Selling),Exclusive,Direct,False,True,Library Only,1000,252.5,Auto-Approved,,No
B,Rework (Non-Selling),Exclusive,Direct,False,True,Library Only,30000,325.0,Auto-Approved,,No
B,Rework (Non-Selling),Exclusive,Direct,False,True,Library Only,35000,337.5,Auto-Approved,,No
B,Rework (Non-Selling),Exclusive,Direct,False,True,Library Only,100000,500.0,Auto-Approved,,No
B,Rework (Non-Selling),Exclusive,Direct,False,True,Library Only,115000,537.5,Auto-Approved,,No
B,Rework (Non-Selling),Exclusive,Direct,False,True,Library Only,200000,750.0,Auto-Approved,,No
B,Rework (Non-Selling),Exclusive,Direct,False,True,Library Only,1000000,2750.0,Auto-Approved,,No
B,Rework (Non-Selling),Exclusive,Direct,False,True,Starting Point,0,215.0,Auto-Approved,,No
B,Rework (Non-Selling),Exclusive,Direct,False,True,Starting Point,1,215.0025,Auto-Approved,,No
B,Rework (Non-Selling),Exclusive,Direct,False,True,Starting Point,1000,217.5,Auto-Approved,,No
B,Rework (Non-Selling),Exclusive,Direct,False,True,Starting Point,30000,290.0,Auto-Approved,,No
B,Rework (Non-Selling),Exclusive,Direct,False,True,Starting Point,35000,302.5,Auto-Approved,,No
B,Rework (Non-Selling),Exclusive,Direct,False,True,Starting Point,100000,465.0,Auto-Approved,,No
B,Rework (Non-Selling),Exclusive,Direct,False,True,Starting Point,115000,502.5,Auto-Approved,,No
B,Rework (Non-Selling),Exclusive,Direct,False,True,Starting Point,200000,715.0,Auto-Approved,,No
B,Rework (Non-Selling),Exclusive,Direct,False,True,Starting Point,1000000,2715.0,Auto-Approved,,No
B,Rework (Non-Selling),Exclusive,Direct,False,True,Creation/Unknown,0,150.0,Auto-Approved,,No
B,Rework (Non-Selling),Exclusive,Direct,False,True,Creation/Unknown,1,150.0025,Auto-Approved,,No
B,Rework (Non-Selling),Exclusive,Direct,False,True,Creation/Unknown,1000,152.5,Auto-Approved,,No
B,Rework (Non-Selling),Exclusive,Direct,False,True,Creation/Unknown,30000,225.0,Auto-Approved,,No
B,Rework (Non-Selling),Exclusive,Direct,False,True,Creation/Unknown,35000,237.5,Auto-Approved,,No
B,Rework (Non-Selling),Exclusive,Direct,False,True,Creation/Unknown,100000,400.0,Auto-Approved,,No
B,Rework (Non-Selling),Exclusive,Direct,False,True,Creation/Unknown,115000,437.5,Auto-Approved,,No
B,Rework (Non-Selling),Exclusive,Direct,False,True,Creation/Unknown,200000,650.0,Auto-Approved,,No
B,Rework (Non-Selling),Exclusive,Direct,False,True,Creation/Unknown,1000000,2650.0,Auto-Approved,,No
B,Rework (Non-Selling),Exclusive,Direct,True,False,Library Only,0,150.0,Auto-Approved,,Yes
B,Rework (Non-Selling),Exclusive,Direct,True,False,Library Only,1,150.0025,Auto-Approved,,Yes
B,Rework (Non-Selling),Exclusive,Direct,True,False,Library Only,1000,152.5,Auto-Approved,,Yes
B,Rework (Non-Selling),Exclusive,Direct,True,False,Library Only,30000,225.0,Auto-Approved,,Yes
B,Rework (Non-Selling),Exclusive,Direct,True,False,Library Only,35000,237.5,Auto-Approved,,Yes
B,Rework (Non-Selling),Exclusive,Direct,True,False,Library Only,100000,400.0,Auto-Approved,,Yes
B,Rework (Non-Selling),Exclusive,Direct,True,False,Library Only,115000,437.5,Auto-Approved,,Yes
B,Rework (Non-Selling),Exclusive,Direct,True,False,Library Only,200000,650.0,Auto-Approved,,Yes
B,Rework (Non-Selling),Exclusive,Direct,True,False,Library Only,1000000,2650.0,Auto-Approved,,Yes
B,Rework (Non-Selling),Exclusive,Direct,True,False,Starting Point,0,115.0,Auto-Approved,,Yes
B,Rework (Non-Selling),Exclusive,Direct,True,False,Starting Point,1,115.0025,Auto-Approved,,Yes
B,Rework (Non-Selling),Exclusive,Direct,True,False,Starting Point,1000,117.5,Auto-Approved,,Yes
B,Rework (Non-Selling),Exclusive,Direct,True,False,Starting Point,30000,190.0,Auto-Approved,,Yes
B,Rework (Non-Selling),Exclusive,Direct,True,False,Starting Point,35000,202.5,Auto-Approved,,Yes
B,Rework (Non-Selling),Exclusive,Direct,True,False,Starting Point,100000,365.0,Auto-Approved,,Yes
B,Rework (Non-Selling),Exclusive,Direct,True,False,Starting Point,115000,402.5,Auto-Approved,,Yes
B,Rework (Non-Selling),Exclusive,Direct,True,False,Starting Point,200000,615.0,Auto-Approved,,Yes
B,Rework (Non-Selling),Exclusive,Direct,True,False,Starting Point,1000000,2615.0,Auto-Approved,,Yes
B,Rework (Non-Selling),Exclusive,Direct,True,False,Creation/Unknown,0,50.0,Auto-Approved,,Yes
B,Rework (Non-Selling),Exclusive,Direct,True,False,Creation/Unknown,1,50.002500000000005,Auto-Approved,,Yes
B,Rework (Non-Selling),Exclusive,Direct,True,False,Creation/Unknown,1000,52.5,Auto-Approved,,Yes
B,Rework (Non-Selling),Exclusive,Direct,True,False,Creation/Unknown,30000,125.0,Auto-Approved,,Yes
B,Rework (Non-Selling),Exclusive,Direct,True,False,Creation/Unknown,35000,137.5,Auto-Approved,,Yes
B,Rework (Non-Selling),Exclusive,Direct,True,False,Creation/Unknown,100000,300.0,Auto-Approved,,Yes
B,Rework (Non-Selling),Exclusive,Direct,True,False,Creation/Unknown,115000,337.5,Auto-Approved,,Yes
B,Rework (Non-Selling),Exclusive,Direct,True,False,Creation/Unknown,200000,550.0,Auto-Approved,,Yes
B,Rework (Non-Selling),Exclusive,Direct,True,False,Creation/Unknown,1000000,2550.0,Auto-Approved,,Yes
B,Rework (Non-Selling),Exclusive,Direct,True,True,Library Only,0,250.0,Auto-Approved,,Yes
B,Rework (Non-Selling),Exclusive,Direct,True,True,Library Only,1,250.0025,Auto-Approved,,Yes
B,Rework (Non-Selling),Exclusive,Direct,True,True,Library Only,1000,252.5,Auto-Approved,,Yes
B,Rework (Non-Selling),Exclusive,Direct,True,True,Library Only,30000,325.0,Auto-Approved,,Yes
B,Rework (Non-Selling),Exclusive,Direct,True,True,Library Only,35000,337.5,Auto-Approved,,Yes
B,Rework (Non-Selling),Exclusive,Direct,True,True,Library Only,100000,500.0,Auto-Approved,,Yes
B,Rework (Non-Selling),Exclusive,Direct,True,True,Library Only,115000,537.5,Auto-Approved,,Yes
B,Rework (Non-Selling),Exclusive,Direct,True,True,Library Only,200000,750.0,Auto-Approved,,Yes
B,Rework (Non-Selling),Exclusive,Direct,True,True,Library Only,1000000,2750.0,Auto-Approved,,Yes
B,Rework (Non-Selling),Exclusive,Direct,True,True,Starting Point,0,215.0,Auto-Approved,,Yes
B,Rework (Non-Selling),Exclusive,Direct,True,True,Starting Point,1,215.0025,Auto-Approved,,Yes
B,Rework (Non-Selling),Exclusive,Direct,True,True,Starting Point,1000,217.5,Auto-Approved,,Yes
B,Rework (Non-Selling),Exclusive,Direct,True,True,Starting Point,30000,290.0,Auto-Approved,,Yes
B,Rework (Non-Selling),Exclusive,Direct,True,True,Starting Point,35000,302.5,Auto-Approved,,Yes
B,Rework (Non-Selling),Exclusive,Direct,True,True,Starting Point,100000,465.0,Auto-Approved,,Yes
B,Rework (Non-Selling),Exclusive,Direct,True,True,Starting Point,115000,502.5,Auto-Approved,,Yes
B,Rework (Non-Selling),Exclusive,Direct,True,True,Starting Point,200000,715.0,Auto-Approved,,Yes
B,Rework (Non-Selling),Exclusive,Direct,True,True,Starting Point,1000000,2715.0,Auto-Approved,,Yes
B,Rework (Non-Selling),Exclusive,Direct,True,True,Creation/Unknown,0,150.0,Auto-Approved,,Yes
B,Rework (Non-Selling),Exclusive,Direct,True,True,Creation/Unknown,1,150.0025,Auto-Approved,,Yes
B,Rework (Non-Selling),Exclusive,Direct,True,True,Creation/Unknown,1000,152.5,Auto-Approved,,Yes
B,Rework (Non-Selling),Exclusive,Direct,True,True,Creation/Unknown,30000,225.0,Auto-Approved,,Yes
B,Rework (Non-Selling),Exclusive,Direct,True,True,Creation/Unknown,35000,237.5,Auto-Approved,,Yes
B,Rework (Non-Selling),Exclusive,Direct,True,True,Creation/Unknown,100000,400.0,Auto-Approved,,Yes
B,Rework (Non-Selling),Exclusive,Direct,True,True,Creation/Unknown,115000,437.5,Auto-Approved,,Yes
B,Rework (Non-Selling),Exclusive,Direct,True,True,Creation/Unknown,200000,650.0,Auto-Approved,,Yes
B,Rework (Non-Selling),Exclusive,Direct,True,True,Creation/Unknown,1000000,2650.0,Auto-Approved,,Yes
B,Rework (Non-Selling),Exclusive,Deferred/Unknown,False,False,Library Only,0,150.0,Auto-Approved,,No
B,Rework (Non-Selling),Exclusive,Deferred/Unknown,False,False,Library Only,1,150.002,Auto-Approved,,No
B,Rework (Non-Selling),Exclusive,Deferred/Unknown,False,False,Library Only,1000,152.0,Auto-Approved,,No
B,Rework (Non-Selling),Exclusive,Deferred/Unknown,False,False,Library Only,30000,210.0,Auto-Approved,,No
B,Rework (Non-Selling),Exclusive,Deferred/Unknown,False,False,Library Only,35000,220.0,Auto-Approved,,No
B,Rework (Non-Selling),Exclusive,Deferred/Unknown,False,False,Library Only,100000,350.0,Auto-Approved,,No
B,Rework (Non-Selling),Exclusive,Deferred/Unknown,False,False,Library Only,115000,380.0,Auto-Approved,,No
B,Rework (Non-Selling),Exclusive,Deferred/Unknown,False,False,Library Only,200000,550.0,Auto-Approved,,No
B,Rework (Non-Selling),Exclusive,Deferred/Unknown,False,False,Library Only,1000000,2150.0,Auto-Approved,,No
B,Rework (Non-Selling),Exclusive,Deferred/Unknown,False,False,Starting Point,0,115.0,Auto-Approved,,No
B,Rework (Non-Selling),Exclusive,Deferred/Unknown,False,False,Starting Point,1,115.00200000000001,Auto-Approved,,No
B,Rework (Non-Selling),Exclusive,Deferred/Unknown,False,False,Starting Point,1000,117.0,Auto-Approved,,No
B,Rework (Non-Selling),Exclusive,Deferred/Unknown,False,False,Starting Point,30000,175.0,Auto-Approved,,No
B,Rework (Non-Selling),Exclusive,Deferred/Unknown,False,False,Starting Point,35000,185.0,Auto-Approved,,No
B,Rework (Non-Selling),Exclusive,Deferred/Unknown,False,False,Starting Point,100000,315.0,Auto-Approved,,No
B,Rework (Non-Selling),Exclusive,Deferred/Unknown,False,False,Starting Point,115000,345.0,Auto-Approved,,No
B,Rework (Non-Selling),Exclusive,Deferred/Unknown,False,False,Starting Point,200000,515.0,Auto-Approved,,No
B,Rework (Non-Selling),Exclusive,Deferred/Unknown,False,False,Starting Point,1000000,2115.0,Auto-Approved,,No
B,Rework (Non-Selling),Exclusive,Deferred/Unknown,False,False,Creation/Unknown,0,50.0,Pending Approval,,No
B,Rework (Non-Selling),Exclusive,Deferred/Unknown,False,False,Creation/Unknown,1,50.001999999999995,Pending Approval,,No
B,Rework (Non-Selling),Exclusive,Deferred/Unknown,False,False,Creation/Unknown,1000,52.0,Pending Approval,,No
B,Rework (Non-Selling),Exclusive,Deferred/Unknown,False,False,Creation/Unknown,30000,110.0,Pending Approval,,No
B,Rework (Non-Selling),Exclusive,Deferred/Unknown,False,False,Creation/Unknown,35000,120.0,Auto-Approved,,No
B,Rework (Non-Selling),Exclusive,Deferred/Unknown,False,False,Creation/Unknown,100000,250.0,Auto-Approved,,No
B,Rework (Non-Selling),Exclusive,Deferred/Unknown,False,False,Creation/Unknown,115000,280.0,Auto-Approved,,No
B,Rework (Non-Selling),Exclusive,Deferred/Unknown,False,False,Creation/Unknown,200000,450.0,Auto-Approved,,No
B,Rework (Non-Selling),Exclusive,Deferred/Unknown,False,False,Creation/Unknown,1000000,2050.0,Auto-Approved,,No
B,Rework (Non-Selling),Exclusive,Deferred/Unknown,False,True,Library Only,0,250.0,Auto-Approved,,No
B,Rework (Non-Selling),Exclusive,Deferred/Unknown,False,True,Library Only,1,250.002,Auto-Approved,,No
B,Rework (Non-Selling),Exclusive,Deferred/Unknown,False,True,Library Only,1000,252.0,Auto-Approved,,No
B,Rework (Non-Selling),Exclusive,Deferred/Unknown,False,True,Library Only,30000,310.0,Auto-Approved,,No
B,Rework (Non-Selling),Exclusive,Deferred/Unknown,False,True,Library Only,35000,320.0,Auto-Approved,,No
B,Rework (Non-Selling),Exclusive,Deferred/Unknown,False,True,Library Only,100000,450.0,Auto-Approved,,No
B,Rework (Non-Selling),Exclusive,Deferred/Unknown,False,True,Library Only,115000,480.0,Auto-Approved,,No
B,Rework (Non-Selling),Exclusive,Deferred/Unknown,False,True,Library Only,200000,650.0,Auto-Approved,,No
B,Rework (Non-Selling),Exclusive,Deferred/Unknown,False,True,Library Only,1000000,2250.0,Auto-Approved,,No
B,Rework (Non-Selling),Exclusive,Deferred/Unknown,False,True,Starting Point,0,215.0,Auto-Approved,,No
B,Rework (Non-Selling),Exclusive,Deferred/Unknown,False,True,Starting Point,1,215.002,Auto-Approved,,No
B,Rework (Non-Selling),Exclusive,Deferred/Unknown,False,True,Starting Point,1000,217.0,Auto-Approved,,No
B,Rework (Non-Selling),Exclusive,Deferred/Unknown,False,True,Starting Point,30000,275.0,Auto-Approved,,No
B,Rework (Non-Selling),Exclusive,Deferred/Unknown,False,True,Starting Point,35000,285.0,Auto-Approved,,No
B,Rework (Non-Selling),Exclusive,Deferred/Unknown,False,True,Starting Point,100000,415.0,Auto-Approved,,No
B,Rework (Non-Selling),Exclusive,Deferred/Unknown,False,True,Starting Point,115000,445.0,Auto-Approved,,No
B,Rework (Non-Selling),Exclusive,Deferred/Unknown,False,True,Starting Point,200000,615.0,Auto-Approved,,No
B,Rework (Non-Selling),Exclusive,Deferred/Unknown,False,True,Starting Point,1000000,2215.0,Auto-Approved,,No
B,Rework (Non-Selling),Exclusive,Deferred/Unknown,False,True,Creation/Unknown,0,150.0,Auto-Approved,,No
B,Rework (Non-Selling),Exclusive,Deferred/Unknown,False,True,Creation/Unknown,1,150.002,Auto-Approved,,No
B,Rework (Non-Selling),Exclusive,Deferred/Unknown,False,True,Creation/Unknown,1000,152.0,Auto-Approved,,No
B,Rework (Non-Selling),Exclusive,Deferred/Unknown,False,True,Creation/Unknown,30000,210.0,Auto-Approved,,No
B,Rework (Non-Selling),Exclusive,Deferred/Unknown,False,True,Creation/Unknown,35000,220.0,Auto-Approved,,No
B,Rework (Non-Selling),Exclusive,Deferred/Unknown,False,True,Creation/Unknown,100000,350.0,Auto-Approved,,No
B,Rework (Non-Selling),Exclusive,Deferred/Unknown,False,True,Creation/Unknown,115000,380.0,Auto-Approved,,No
B,Rework (Non-Selling),Exclusive,Deferred/Unknown,False,True,Creation/Unknown,200000,550.0,Auto-Approved,,No
B,Rework (Non-Selling),Exclusive,Deferred/Unknown,False,True,Creation/Unknown,1000000,2150.0,Auto-Approved,,No
B,Rework (Non-Selling),Exclusive,Deferred/Unknown,True,False,Library Only,0,150.0,Auto-Approved,,Yes
B,Rework (Non-Selling),Exclusive,Deferred/Unknown,True,False,Library Only,1,150.002,Auto-Approved,,Yes
B,Rework (Non-Selling),Exclusive,Deferred/Unknown,True,False,Library Only,1000,152.0,Auto-Approved,,Yes
B,Rework (Non-Selling),Exclusive,Deferred/Unknown,True,False,Library Only,30000,210.0,Auto-Approved,,Yes
B,Rework (Non-Selling),Exclusive,Deferred/Unknown,True,False,Library Only,35000,220.0,Auto-Approved,,Yes
B,Rework (Non-Selling),Exclusive,Deferred/Unknown,True,False,Library Only,100000,350.0,Auto-Approved,,Yes
B,Rework (Non-Selling),Exclusive,Deferred/Unknown,True,False,Library Only,115000,380.0,Auto-Approved,,Yes
B,Rework (Non-Selling),Exclusive,Deferred/Unknown,True,False,Library Only,200000,550.0,Auto-Approved,,Yes
B,Rework (Non-Selling),Exclusive,Deferred/Unknown,True,False,Library Only,1000000,2150.0,Auto-Approved,,Yes
B,Rework (Non-Selling),Exclusive,Deferred/Unknown,True,False,Starting Point,0,115.0,Auto-Approved,,Yes
B,Rework (Non-Selling),Exclusive,Deferred/Unknown,True,False,Starting Point,1,115.00200000000001,Auto-Approved,,Yes
B,Rework (Non-Selling),Exclusive,Deferred/Unknown,True,False,Starting Point,1000,117.0,Auto-Approved,,Yes
B,Rework (Non-Selling),Exclusive,Deferred/Unknown,True,False,Starting Point,30000,175.0,Auto-Approved,,Yes
B,Rework (Non-Selling),Exclusive,Deferred/Unknown,True,False,Starting Point,35000,185.0,Auto-Approved,,Yes
B,Rework (Non-Selling),Exclusive,Deferred/Unknown,True,False,Starting Point,100000,315.0,Auto-Approved,,Yes
B,Rework (Non-Selling),Exclusive,Deferred/Unknown,True,False,Starting Point,115000,345.0,Auto-Approved,,Yes
B,Rework (Non-Selling),Exclusive,Deferred/Unknown,True,False,Starting Point,200000,515.0,Auto-Approved,,Yes
B,Rework (Non-Selling),Exclusive,Deferred/Unknown,True,False,Starting Point,1000000,2115.0,Auto-Approved,,Yes
B,Rework (Non-Selling),Exclusive,Deferred/Unknown,True,False,Creation/Unknown,0,50.0,Auto-Approved,,Yes
B,Rework (Non-Selling),Exclusive,Deferred/Unknown,True,False,Creation/Unknown,1,50.001999999999995,Auto-Approved,,Yes
B,Rework (Non-Selling),Exclusive,Deferred/Unknown,True,False,Creation/Unknown,1000,52.0,Auto-Approved,,Yes
B,Rework (Non-Selling),Exclusive,Deferred/Unknown,True,False,Creation/Unknown,30000,110.0,Auto-Approved,,Yes
B,Rework (Non-Selling),Exclusive,Deferred/Unknown,True,False,Creation/Unknown,35000,120.0,Auto-Approved,,Yes
B,Rework (Non-Selling),Exclusive,Deferred/Unknown,True,False,Creation/Unknown,100000,250.0,Auto-Approved,,Yes
B,Rework (Non-Selling),Exclusive,Deferred/Unknown,True,False,Creation/Unknown,115000,280.0,Auto-Approved,,Yes
B,Rework (Non-Selling),Exclusive,Deferred/Unknown,True,False,Creation/Unknown,200000,450.0,Auto-Approved,,Yes
B,Rework (Non-Selling),Exclusive,Deferred/Unknown,True,False,Creation/Unknown,1000000,2050.0,Auto-Approved,,Yes
B,Rework (Non-Selling),Exclusive,Deferred/Unknown,True,True,Library Only,0,250.0,Auto-Approved,,Yes
B,Rework (Non-Selling),Exclusive,Deferred/Unknown,True,True,Library Only,1,250.002,Auto-Approved,,Yes
B,Rework (Non-Selling),Exclusive,Deferred/Unknown,True,True,Library Only,1000,252.0,Auto-Approved,,Yes
B,Rework (Non-Selling),Exclusive,Deferred/Unknown,True,True,Library Only,30000,310.0,Auto-Approved,,Yes
B,Rework (Non-Selling),Exclusive,Deferred/Unknown,True,True,Library Only,35000,320.0,Auto-Approved,,Yes
B,Rework (Non-Selling),Exclusive,Deferred/Unknown,True,True,Library Only,100000,450.0,Auto-Approved,,Yes
B,Rework (Non-Selling),Exclusive,Deferred/Unknown,True,True,Library Only,115000,480.0,Auto-Approved,,Yes
B,Rework (Non-Selling),Exclusive,Deferred/Unknown,True,True,Library Only,200000,650.0,Auto-Approved,,Yes
B,Rework (Non-Selling),Exclusive,Deferred/Unknown,True,True,Library Only,1000000,2250.0,Auto-Approved,,Yes
B,Rework (Non-Selling),Exclusive,Deferred/Unknown,True,True,Starting Point,0,215.0,Auto-Approved,,Yes
B,Rework (Non-Selling),Exclusive,Deferred/Unknown,True,True,Starting Point,1,215.002,Auto-Approved,,Yes
B,Rework (Non-Selling),Exclusive,Deferred/Unknown,True,True,Starting Point,1000,217.0,Auto-Approved,,Yes
B,Rework (Non-Selling),Exclusive,Deferred/Unknown,True,True,Starting Point,30000,275.0,Auto-Approved,,Yes
B,Rework (Non-Selling),Exclusive,Deferred/Unknown,True,True,Starting Point,35000,285.0,Auto-Approved,,Yes
B,Rework (Non-Selling),Exclusive,Deferred/Unknown,True,True,Starting Point,100000,415.0,Auto-Approved,,Yes
B,Rework (Non-Selling),Exclusive,Deferred/Unknown,True,True,Starting Point,115000,445.0,Auto-Approved,,Yes
B,Rework (Non-Selling),Exclusive,Deferred/Unknown,True,True,Starting Point,200000,615.0,Auto-Approved,,Yes
B,Rework (Non-Selling),Exclusive,Deferred/Unknown,True,True,Starting Point,1000000,2215.0,Auto-Approved,,Yes
B,Rework (Non-Selling),Exclusive,Deferred/Unknown,True,True,Creation/Unknown,0,150.0,Auto-Approved,,Yes
B,Rework (Non-Selling),Exclusive,Deferred/Unknown,True,True,Creation/Unknown,1,150.002,Auto-Approved,,Yes
B,Rework (Non-Selling),Exclusive,Deferred/Unknown,True,True,Creation/Unknown,1000,152.0,Auto-Approved,,Yes
B,Rework (Non-Selling),Exclusive,Deferred/Unknown,True,True,Creation/Unknown,30000,210.0,Auto-Approved,,Yes
B,Rework (Non-Selling),Exclusive,Deferred/Unknown,True,True,Creation/Unknown,35000,220.0,Auto-Approved,,Yes
B,Rework (Non-Selling),Exclusive,Deferred/Unknown,True,True,Creation/Unknown,100000,350.0,Auto-Approved,,Yes
B,Rework (Non-Selling),Exclusive,Deferred/Unknown,True,True,Creation/Unknown,115000,380.0,Auto-Approved,,Yes
B,Rework (Non-Selling),Exclusive,Deferred/Unknown,True,True,Creation/Unknown,200000,550.0,Auto-Approved,,Yes
B,Rework (Non-Selling),Exclusive,Deferred/Unknown,True,True,Creation/Unknown,1000000,2150.0,Auto-Approved,,Yes
B,Rework (Non-Selling),Competitive,Direct,False,False,Library Only,0,150.0,Auto-Approved,,No
B,Rework (Non-Selling),Competitive,Direct,False,False,Library Only,1,150.0015,Auto-Approved,,No
B,Rework (Non-Selling),Competitive,Direct,False,False,Library Only,1000,151.5,Auto-Approved,,No
B,Rework (Non-Selling),Competitive,Direct,False,False,Library Only,30000,195.0,Auto-Approved,,No
B,Rework (Non-Selling),Competitive,Direct,False,False,Library Only,35000,202.5,Auto-Approved,,No
B,Rework (Non-Selling),Competitive,Direct,False,False,Library Only,100000,300.0,Auto-Approved,,No
B,Rework (Non-Selling),Competitive,Direct,False,False,Library Only,115000,322.5,Auto-Approved,,No
B,Rework (Non-Selling),Competitive,Direct,False,False,Library Only,200000,450.0,Auto-Approved,,No
B,Rework (Non-Selling),Competitive,Direct,False,False,Library Only,1000000,1650.0,Auto-Approved,,No
B,Rework (Non-Selling),Competitive,Direct,False,False,Starting Point,0,115.0,Auto-Approved,,No
B,Rework (Non-Selling),Competitive,Direct,False,False,Starting Point,1,115.0015,Auto-Approved,,No
B,Rework (Non-Selling),Competitive,Direct,False,False,Starting Point,1000,116.5,Auto-Approved,,No
B,Rework (Non-Selling),Competitive,Direct,False,False,Starting Point,30000,160.0,Auto-Approved,,No
B,Rework (Non-Selling),Competitive,Direct,False,False,Starting Point,35000,167.5,Auto-Approved,,No
B,Rework (Non-Selling),Competitive,Direct,False,False,Starting Point,100000,265.0,Auto-Approved,,No
B,Rework (Non-Selling),Competitive,Direct,False,False,Starting Point,115000,287.5,Auto-Approved,,No
B,Rework (Non-Selling),Competitive,Direct,False,False,Starting Point,200000,415.0,Auto-Approved,,No
B,Rework (Non-Selling),Competitive,Direct,False,False,Starting Point,1000000,1615.0,Auto-Approved,,No
B,Rework (Non-Selling),Competitive,Direct,False,False,Creation/Unknown,0,50.0,Pending Approval,,No
B,Rework (Non-Selling),Competitive,Direct,False,False,Creation/Unknown,1,50.0015,Pending Approval,,No
B,Rework (Non-Selling),Competitive,Direct,False,False,Creation/Unknown,1000,51.5,Pending Approval,,No
B,Rework (Non-Selling),Competitive,Direct,False,False,Creation/Unknown,30000,95.0,Pending Approval,,No
B,Rework (Non-Selling),Competitive,Direct,False,False,Creation/Unknown,35000,102.5,Pending Approval,,No
B,Rework (Non-Selling),Competitive,Direct,False,False,Creation/Unknown,100000,200.0,Auto-Approved,,No
B,Rework (Non-Selling),Competitive,Direct,False,False,Creation/Unknown,115000,222.5,Auto-Approved,,No
B,Rework (Non-Selling),Competitive,Direct,False,False,Creation/Unknown,200000,350.0,Auto-Approved,,No
B,Rework (Non-Selling),Competitive,Direct,False,False,Creation/Unknown,1000000,1550.0,Auto-Approved,,No
B,Rework (Non-Selling),Competitive,Direct,False,True,Library Only,0,250.0,Auto-Approved,,No
B,Rework (Non-Selling),Competitive,Direct,False,True,Library Only,1,250.0015,Auto-Approved,,No
B,Rework (Non-Selling),Competitive,Direct,False,True,Library Only,1000,251.5,Auto-Approved,,No
B,Rework (Non-Selling),Competitive,Direct,False,True,Library Only,30000,295.0,Auto-Approved,,No
B,Rework (Non-Selling),Competitive,Direct,False,True,Library Only,35000,302.5,Auto-Approved,,No
B,Rework (Non-Selling),Competitive,Direct,False,True,Library Only,100000,400.0,Auto-Approved,,No
B,Rework (Non-Selling),Competitive,Direct,False,True,Library Only,115000,422.5,Auto-Approved,,No
B,Rework (Non-Selling),Competitive,Direct,False,True,Library Only,200000,550.0,Auto-Approved,,No
B,Rework (Non-Selling),Competitive,Direct,False,True,Library Only,1000000,1750.0,Auto-Approved,,No
B,Rework (Non-Selling),Competitive,Direct,False,True,Starting Point,0,215.0,Auto-Approved,,No
B,Rework (Non-Selling),Competitive,Direct,False,True,Starting Point,1,215.0015,Auto-Approved,,No
B,Rework (Non-Selling),Competitive,Direct,False,True,Starting Point,1000,216.5,Auto-Approved,,No
B,Rework (Non-Selling),Competitive,Direct,False,True,Starting Point,30000,260.0,Auto-Approved,,No
B,Rework (Non-Selling),Competitive,Direct,False,True,Starting Point,35000,267.5,Auto-Approved,,No
B,Rework (Non-Selling),Competitive,Direct,False,True,Starting Point,100000,365.0,Auto-Approved,,No
B,Rework (Non-Selling),Competitive,Direct,False,True,Starting Point,115000,387.5,Auto-Approved,,No
B,Rework (Non-Selling),Competitive,Direct,False,True,Starting Point,200000,515.0,Auto-Approved,,No
B,Rework (Non-Selling),Competitive,Direct,False,True,Starting Point,1000000,1715.0,Auto-Approved,,No
B,Rework (Non-Selling),Competitive,Direct,False,True,Creation/Unknown,0,150.0,Auto-Approved,,No
B,Rework (Non-Selling),Competitive,Direct,False,True,Creation/Unknown,1,150.0015,Auto-Approved,,No
B,Rework (Non-Selling),Competitive,Direct,False,True,Creation/Unknown,1000,151.5,Auto-Approved,,No
B,Rework (Non-Selling),Competitive,Direct,False,True,Creation/Unknown,30000,195.0,Auto-Approved,,No
B,Rework (Non-Selling),Competitive,Direct,False,True,Creation/Unknown,35000,202.5,Auto-Approved,,No
B,Rework (Non-Selling),Competitive,Direct,False,True,Creation/Unknown,100000,300.0,Auto-Approved,,No
B,Rework (Non-Selling),Competitive,Direct,False,True,Creation/Unknown,115000,322.5,Auto-Approved,,No
B,Rework (Non-Selling),Competitive,Direct,False,True,Creation/Unknown,200000,450.0,Auto-Approved,,No
B,Rework (Non-Selling),Competitive,Direct,False,True,Creation/Unknown,1000000,1650.0,Auto-Approved,,No
B,Rework (Non-Selling),Competitive,Direct,True,False,Library Only,0,150.0,Auto-Approved,,Yes
B,Rework (Non-Selling),Competitive,Direct,True,False,Library Only,1,150.0015,Auto-Approved,,Yes
B,Rework (Non-Selling),Competitive,Direct,True,False,Library Only,1000,151.5,Auto-Approved,,Yes
B,Rework (Non-Selling),Competitive,Direct,True,False,Library Only,30000,195.0,Auto-Approved,,Yes
B,Rework (Non-Selling),Competitive,Direct,True,False,Library Only,35000,202.5,Auto-Approved,,Yes
B,Rework (Non-Selling),Competitive,Direct,True,False,Library Only,100000,300.0,Auto-Approved,,Yes
B,Rework (Non-Selling),Competitive,Direct,True,False,Library Only,115000,322.5,Auto-Approved,,Yes
B,Rework (Non-Selling),Competitive,Direct,True,False,Library Only,200000,450.0,Auto-Approved,,Yes
B,Rework (Non-Selling),Competitive,Direct,True,False,Library Only,1000000,1650.0,Auto-Approved,,Yes
B,Rework (Non-Selling),Competitive,Direct,True,False,Starting Point,0,115.0,Auto-Approved,,Yes
B,Rework (Non-Selling),Competitive,Direct,True,False,Starting Point,1,115.0015,Auto-Approved,,Yes
B,Rework (Non-Selling),Competitive,Direct,True,False,Starting Point,1000,116.5,Auto-Approved,,Yes
B,Rework (Non-Selling),Competitive,Direct,True,False,Starting Point,30000,160.0,Auto-Approved,,Yes
B,Rework (Non-Selling),Competitive,Direct,True,False,Starting Point,35000,167.5,Auto-Approved,,Yes
B,Rework (Non-Selling),Competitive,Direct,True,False,Starting Point,100000,265.0,Auto-Approved,,Yes
B,Rework (Non-Selling),Competitive,Direct,True,False,Starting Point,115000,287.5,Auto-Approved,,Yes
B,Rework (Non-Selling),Competitive,Direct,True,False,Starting Point,200000,415.0,Auto-Approved,,Yes
B,Rework (Non-Selling),Competitive,Direct,True,False,Starting Point,1000000,1615.0,Auto-Approved,,Yes
B,Rework (Non-Selling),Competitive,Direct,True,False,Creation/Unknown,0,50.0,Auto-Approved,,Yes
B,Rework (Non-Selling),Competitive,Direct,True,False,Creation/Unknown,1,50.0015,Auto-Approved,,Yes
B,Rework (Non-Selling),Competitive,Direct,True,False,Creation/Unknown,1000,51.5,Auto-Approved,,Yes
B,Rework (Non-Selling),Competitive,Direct,True,False,Creation/Unknown,30000,95.0,Auto-Approved,,Yes
B,Rework (Non-Selling),Competitive,Direct,True,False,Creation/Unknown,35000,102.5,Auto-Approved,,Yes
B,Rework (Non-Selling),Competitive,Direct,True,False,Creation/Unknown,100000,200.0,Auto-Approved,,Yes
B,Rework (Non-Selling),Competitive,Direct,True,False,Creation/Unknown,115000,222.5,Auto-Approved,,Yes
B,Rework (Non-Selling),Competitive,Direct,True,False,Creation/Unknown,200000,350.0,Auto-Approved,,Yes
B,Rework (Non-Selling),Competitive,Direct,True,False,Creation/Unknown,1000000,1550.0,Auto-Approved,,Yes
B,Rework (Non-Selling),Competitive,Direct,True,True,Library Only,0,250.0,Auto-Approved,,Yes
B,Rework (Non-Selling),Competitive,Direct,True,True,Library Only,1,250.0015,Auto-Approved,,Yes
B,Rework (Non-Selling),Competitive,Direct,True,True,Library Only,1000,251.5,Auto-Approved,,Yes
B,Rework (Non-Selling),Competitive,Direct,True,True,Library Only,30000,295.0,Auto-Approved,,Yes
B,Rework (Non-Selling),Competitive,Direct,True,True,Library Only,35000,302.5,Auto-Approved,,Yes
B,Rework (Non-Selling),Competitive,Direct,True,True,Library Only,100000,400.0,Auto-Approved,,Yes
B,Rework (Non-Selling),Competitive,Direct,True,True,Library Only,115000,422.5,Auto-Approved,,Yes
B,Rework (Non-Selling),Competitive,Direct,True,True,Library Only,200000,550.0,Auto-Approved,,Yes
B,Rework (Non-Selling),Competitive,Direct,True,True,Library Only,1000000,1750.0,Auto-Approved,,Yes
B,Rework (Non-Selling),Competitive,Direct,True,True,Starting Point,0,215.0,Auto-Approved,,Yes
B,Rework (Non-Selling),Competitive,Direct,True,True,Starting Point,1,215.0015,Auto-Approved,,Yes
B,Rework (Non-Selling),Competitive,Direct,True,True,Starting Point,1000,216.5,Auto-Approved,,Yes
B,Rework (Non-Selling),Competitive,Direct,True,True,Starting Point,30000,260.0,Auto-Approved,,Yes
B,Rework (Non-Selling),Competitive,Direct,True,True,Starting Point,35000,267.5,Auto-Approved,,Yes
B,Rework (Non-Selling),Competitive,Direct,True,True,Starting Point,100000,365.0,Auto-Approved,,Yes
B,Rework (Non-Selling),Competitive,Direct,True,True,Starting Point,115000,387.5,Auto-Approved,,Yes
B,Rework (Non-Selling),Competitive,Direct,True,True,Starting Point,200000,515.0,Auto-Approved,,Yes
B,Rework (Non-Selling),Competitive,Direct,True,True,Starting Point,1000000,1715.0,Auto-Approved,,Yes
B,Rework (Non-Selling),Competitive,Direct,True,True,Creation/Unknown,0,150.0,Auto-Approved,,Yes
B,Rework (Non-Selling),Competitive,Direct,True,True,Creation/Unknown,1,150.0015,Auto-Approved,,Yes
B,Rework (Non-Selling),Competitive,Direct,True,True,Creation/Unknown,1000,151.5,Auto-Approved,,Yes
B,Rework (Non-Selling),Competitive,Direct,True,True,Creation/Unknown,30000,195.0,Auto-Approved,,Yes
B,Rework (Non-Selling),Competitive,Direct,True,True,Creation/Unknown,35000,202.5,Auto-Approved,,Yes
B,Rework (Non-Selling),Competitive,Direct,True,True,Creation/Unknown,100000,300.0,Auto-Approved,,Yes
B,Rework (Non-Selling),Competitive,Direct,True,True,Creation/Unknown,115000,322.5,Auto-Approved,,Yes
B,Rework (Non-Selling),Competitive,Direct,True,True,Creation/Unknown,200000,450.0,Auto-Approved,,Yes
B,Rework (Non-Selling),Competitive,Direct,True,True,Creation/Unknown,1000000,1650.0,Auto-Approved,,Yes
B,Rework (Non-Selling),Competitive,Deferred/Unknown,False,False,Library Only,0,150.0,Auto-Approved,,No
B,Rework (Non-Selling),Competitive,Deferred/Unknown,False,False,Library Only,1,150.001,Auto-Approved,,No
B,Rework (Non-Selling),Competitive,Deferred/Unknown,False,False,Library Only,1000,151.0,Auto-Approved,,No
B,Rework (Non-Selling),Competitive,Deferred/Unknown,False,False,Library Only,30000,180.0,Auto-Approved,,No
B,Rework (Non-Selling),Competitive,Deferred/Unknown,False,False,Library Only,35000,185.0,Auto-Approved,,No
B,Rework (Non-Selling),Competitive,Deferred/Unknown,False,False,Library Only,100000,250.0,Auto-Approved,,No
B,Rework (Non-Selling),Competitive,Deferred/Unknown,False,False,Library Only,115000,265.0,Auto-Approved,,No
B,Rework (Non-Selling),Competitive,Deferred/Unknown,False,False,Library Only,200000,350.0,Auto-Approved,,No
B,Rework (Non-Selling),Competitive,Deferred/Unknown,False,False,Library Only,1000000,1150.0,Auto-Approved,,No
B,Rework (Non-Selling),Competitive,Deferred/Unknown,False,False,Starting Point,0,115.0,Auto-Approved,,No
B,Rework (Non-Selling),Competitive,Deferred/Unknown,False,False,Starting Point,1,115.001,Auto-Approved,,No
B,Rework (Non-Selling),Competitive,Deferred/Unknown,False,False,Starting Point,1000,116.0,Auto-Approved,,No
B,Rework (Non-Selling),Competitive,Deferred/Unknown,False,False,Starting Point,30000,145.0,Auto-Approved,,No
B,Rework (Non-Selling),Competitive,Deferred/Unknown,False,False,Starting Point,35000,150.0,Auto-Approved,,No
B,Rework (Non-Selling),Competitive,Deferred/Unknown,False,False,Starting Point,100000,215.0,Auto-Approved,,No
B,Rework (Non-Selling),Competitive,Deferred/Unknown,False,False,Starting Point,115000,230.0,Auto-Approved,,No
B,Rework (Non-Selling),Competitive,Deferred/Unknown,False,False,Starting Point,200000,315.0,Auto-Approved,,No
B,Rework (Non-Selling),Competitive,Deferred/Unknown,False,False,Starting Point,1000000,1115.0,Auto-Approved,,No
B,Rework (Non-Selling),Competitive,Deferred/Unknown,False,False,Creation/Unknown,0,50.0,Pending Approval,,No
B,Rework (Non-Selling),Competitive,Deferred/Unknown,False,False,Creation/Unknown,1,50.001,Pending Approval,,No
B,Rework (Non-Selling),Competitive,Deferred/Unknown,False,False,Creation/Unknown,1000,51.0,Pending Approval,,No
B,Rework (Non-Selling),Competitive,Deferred/Unknown,False,False,Creation/Unknown,30000,80.0,Pending Approval,,No
B,Rework (Non-Selling),Competitive,Deferred/Unknown,False,False,Creation/Unknown,35000,85.0,Pending Approval,,No
B,Rework (Non-Selling),Competitive,Deferred/Unknown,False,False,Creation/Unknown,100000,150.0,Auto-Approved,,No
B,Rework (Non-Selling),Competitive,Deferred/Unknown,False,False,Creation/Unknown,115000,165.0,Auto-Approved,,No
B,Rework (Non-Selling),Competitive,Deferred/Unknown,False,False,Creation/Unknown,200000,250.0,Auto-Approved,,No
B,Rework (Non-Selling),Competitive,Deferred/Unknown,False,False,Creation/Unknown,1000000,1050.0,Auto-Approved,,No
B,Rework (Non-Selling),Competitive,Deferred/Unknown,False,True,Library Only,0,250.0,Auto-Approved,,No
B,Rework (Non-Selling),Competitive,Deferred/Unknown,False,True,Library Only,1,250.001,Auto-Approved,,No
B,Rework (Non-Selling),Competitive,Deferred/Unknown,False,True,Library Only,1000,251.0,Auto-Approved,,No
B,Rework (Non-Selling),Competitive,Deferred/Unknown,False,True,Library Only,30000,280.0,Auto-Approved,,No
B,Rework (Non-Selling),Competitive,Deferred/Unknown,False,True,Library Only,35000,285.0,Auto-Approved,,No
B,Rework (Non-Selling),Competitive,Deferred/Unknown,False,True,Library Only,100000,350.0,Auto-Approved,,No
B,Rework (Non-Selling),Competitive,Deferred/Unknown,False,True,Library Only,115000,365.0,Auto-Approved,,No
B,Rework (Non-Selling),Competitive,Deferred/Unknown,False,True,Library Only,200000,450.0,Auto-Approved,,No
B,Rework (Non-Selling),Competitive,Deferred/Unknown,False,True,Library Only,1000000,1250.0,Auto-Approved,,No
B,Rework (Non-Selling),Competitive,Deferred/Unknown,False,True,Starting Point,0,215.0,Auto-Approved,,No
B,Rework (Non-Selling),Competitive,Deferred/Unknown,False,True,Starting Point,1,215.001,Auto-Approved,,No
B,Rework (Non-Selling),Competitive,Deferred/Unknown,False,True,Starting Point,1000,216.0,Auto-Approved,,No
B,Rework (Non-Selling),Competitive,Deferred/Unknown,False,True,Starting Point,30000,245.0,Auto-Approved,,No
B,Rework (Non-Selling),Competitive,Deferred/Unknown,False,True,Starting Point,35000,250.0,Auto-Approved,,No
B,Rework (Non-Selling),Competitive,Deferred/Unknown,False,True,Starting Point,100000,315.0,Auto-Approved,,No
B,Rework (Non-Selling),Competitive,Deferred/Unknown,False,True,Starting Point,115000,330.0,Auto-Approved,,No
B,Rework (Non-Selling),Competitive,Deferred/Unknown,False,True,Starting Point,200000,415.0,Auto-Approved,,No
B,Rework (Non-Selling),Competitive,Deferred/Unknown,False,True,Starting Point,1000000,1215.0,Auto-Approved,,No
B,Rework (Non-Selling),Competitive,Deferred/Unknown,False,True,Creation/Unknown,0,150.0,Auto-Approved,,No
B,Rework (Non-Selling),Competitive,Deferred/Unknown,False,True,Creation/Unknown,1,150.001,Auto-Approved,,No
B,Rework (Non-Selling),Competitive,Deferred/Unknown,False,True,Creation/Unknown,1000,151.0,Auto-Approved,,No
B,Rework (Non-Selling),Competitive,Deferred/Unknown,False,True,Creation/Unknown,30000,180.0,Auto-Approved,,No
B,Rework (Non-Selling),Competitive,Deferred/Unknown,False,True,Creation/Unknown,35000,185.0,Auto-Approved,,No
B,Rework (Non-Selling),Competitive,Deferred/Unknown,False,True,Creation/Unknown,100000,250.0,Auto-Approved,,No
B,Rework (Non-Selling),Competitive,Deferred/Unknown,False,True,Creation/Unknown,115000,265.0,Auto-Approved,,No
B,Rework (Non-Selling),Competitive,Deferred/Unknown,False,True,Creation/Unknown,200000,350.0,Auto-Approved,,No
B,Rework (Non-Selling),Competitive,Deferred/Unknown,False,True,Creation/Unknown,1000000,1150.0,Auto-Approved,,No
B,Rework (Non-Selling),Competitive,Deferred/Unknown,True,False,Library Only,0,150.0,Auto-Approved,,Yes
B,Rework (Non-Selling),Competitive,Deferred/Unknown,True,False,Library Only,1,150.001,Auto-Approved,,Yes
B,Rework (Non-Selling),Competitive,Deferred/Unknown,True,False,Library Only,1000,151.0,Auto-Approved,,Yes
B,Rework (Non-Selling),Competitive,Deferred/Unknown,True,False,Library Only,30000,180.0,Auto-Approved,,Yes
B,Rework (Non-Selling),Competitive,Deferred/Unknown,True,False,Library Only,35000,185.0,Auto-Approved,,Yes
B,Rework (Non-Selling),Competitive,Deferred/Unknown,True,False,Library Only,100000,250.0,Auto-Approved,,Yes
B,Rework (Non-Selling),Competitive,Deferred/Unknown,True,False,Library Only,115000,265.0,Auto-Approved,,Yes
B,Rework (Non-Selling),Competitive,Deferred/Unknown,True,False,Library Only,200000,350.0,Auto-Approved,,Yes
B,Rework (Non-Selling),Competitive,Deferred/Unknown,True,False,Library Only,1000000,1150.0,Auto-Approved,,Yes
B,Rework (Non-Selling),Competitive,Deferred/Unknown,True,False,Starting Point,0,115.0,Auto-Approved,,Yes
B,Rework (Non-Selling),Competitive,Deferred/Unknown,True,False,Starting Point,1,115.001,Auto-Approved,,Yes
B,Rework (Non-Selling),Competitive,Deferred/Unknown,True,False,Starting Point,1000,116.0,Auto-Approved,,Yes
B,Rework (Non-Selling),Competitive,Deferred/Unknown,True,False,Starting Point,30000,145.0,Auto-Approved,,Yes
B,Rework (Non-Selling),Competitive,Deferred/Unknown,True,False,Starting Point,35000,150.0,Auto-Approved,,Yes
B,Rework (Non-Selling),Competitive,Deferred/Unknown,True,False,Starting Point,100000,215.0,Auto-Approved,,Yes
B,Rework (Non-Selling),Competitive,Deferred/Unknown,True,False,Starting Point,115000,230.0,Auto-Approved,,Yes
B,Rework (Non-Selling),Competitive,Deferred/Unknown,True,False,Starting Point,200000,315.0,Auto-Approved,,Yes
B,Rework (Non-Selling),Competitive,Deferred/Unknown,True,False,Starting Point,1000000,1115.0,Auto-Approved,,Yes
B,Rework (Non-Selling),Competitive,Deferred/Unknown,True,False,Creation/Unknown,0,50.0,Auto-Approved,,Yes
B,Rework (Non-Selling),Competitive,Deferred/Unknown,True,False,Creation/Unknown,1,50.001,Auto-Approved,,Yes
B,Rework (Non-Selling),Competitive,Deferred/Unknown,True,False,Creation/Unknown,1000,51.0,Auto-Approved,,Yes
B,Rework (Non-Selling),Competitive,Deferred/Unknown,True,False,Creation/Unknown,30000,80.0,Auto-Approved,,Yes
B,Rework (Non-Selling),Competitive,Deferred/Unknown,True,False,Creation/Unknown,35000,85.0,Auto-Approved,,Yes
B,Rework (Non-Selling),Competitive,Deferred/Unknown,True,False,Creation/Unknown,100000,150.0,Auto-Approved,,Yes
B,Rework (Non-Selling),Competitive,Deferred/Unknown,True,False,Creation/Unknown,115000,165.0,Auto-Approved,,Yes
B,Rework (Non-Selling),Competitive,Deferred/Unknown,True,False,Creation/Unknown,200000,250.0,Auto-Approved,,Yes
B,Rework (Non-Selling),Competitive,Deferred/Unknown,True,False,Creation/Unknown,1000000,1050.0,Auto-Approved,,Yes
B,Rework (Non-Selling),Competitive,Deferred/Unknown,True,True,Library Only,0,250.0,Auto-Approved,,Yes
B,Rework (Non-Selling),Competitive,Deferred/Unknown,True,True,Library Only,1,250.001,Auto-Approved,,Yes
B,Rework (Non-Selling),Competitive,Deferred/Unknown,True,True,Library Only,1000,251.0,Auto-Approved,,Yes
B,Rework (Non-Selling),Competitive,Deferred/Unknown,True,True,Library Only,30000,280.0,Auto-Approved,,Yes
B,Rework (Non-Selling),Competitive,Deferred/Unknown,True,True,Library Only,35000,285.0,Auto-Approved,,Yes
B,Rework (Non-Selling),Competitive,Deferred/Unknown,True,True,Library Only,100000,350.0,Auto-Approved,,Yes
B,Rework (Non-Selling),Competitive,Deferred/Unknown,True,True,Library Only,115000,365.0,Auto-Approved,,Yes
B,Rework (Non-Selling),Competitive,Deferred/Unknown,True,True,Library Only,200000,450.0,Auto-Approved,,Yes
B,Rework (Non-Selling),Competitive,Deferred/Unknown,True,True,Library Only,1000000,1250.0,Auto-Approved,,Yes
B,Rework (Non-Selling),Competitive,Deferred/Unknown,True,True,Starting Point,0,215.0,Auto-Approved,,Yes
B,Rework (Non-Selling),Competitive,Deferred/Unknown,True,True,Starting Point,1,215.001,Auto-Approved,,Yes
B,Rework (Non-Selling),Competitive,Deferred/Unknown,True,True,Starting Point,1000,216.0,Auto-Approved,,Yes
B,Rework (Non-Selling),Competitive,Deferred/Unknown,True,True,Starting Point,30000,245.0,Auto-Approved,,Yes
B,Rework (Non-Selling),Competitive,Deferred/Unknown,True,True,Starting Point,35000,250.0,Auto-Approved,,Yes
B,Rework (Non-Selling),Competitive,Deferred/Unknown,True,True,Starting Point,100000,315.0,Auto-Approved,,Yes
B,Rework (Non-Selling),Competitive,Deferred/Unknown,True,True,Starting Point,115000,330.0,Auto-Approved,,Yes
B,Rework (Non-Selling),Competitive,Deferred/Unknown,True,True,Starting Point,200000,415.0,Auto-Approved,,Yes
B,Rework (Non-Selling),Competitive,Deferred/Unknown,True,True,Starting Point,1000000,1215.0,Auto-Approved,,Yes
B,Rework (Non-Selling),Competitive,Deferred/Unknown,True,True,Creation/Unknown,0,150.0,Auto-Approved,,Yes
B,Rework (Non-Selling),Competitive,Deferred/Unknown,True,True,Creation/Unknown,1,150.001,Auto-Approved,,Yes
B,Rework (Non-Selling),Competitive,Deferred/Unknown,True,True,Creation/Unknown,1000,151.0,Auto-Approved,,Yes
B,Rework (Non-Selling),Competitive,Deferred/Unknown,True,True,Creation/Unknown,30000,180.0,Auto-Approved,,Yes
B,Rework (Non-Selling),Competitive,Deferred/Unknown,True,True,Creation/Unknown,35000,185.0,Auto-Approved,,Yes
B,Rework (Non-Selling),Competitive,Deferred/Unknown,True,True,Creation/Unknown,100000,250.0,Auto-Approved,,Yes
B,Rework (Non-Selling),Competitive,Deferred/Unknown,True,True,Creation/Unknown,115000,265.0,Auto-Approved,,Yes
B,Rework (Non-Selling),Competitive,Deferred/Unknown,True,True,Creation/Unknown,200000,350.0,Auto-Approved,,Yes
B,Rework (Non-Selling),Competitive,Deferred/Unknown,True,True,Creation/Unknown,1000000,1150.0,Auto-Approved,,Yes
B,Rework (Non-Selling),ProActive,Direct,False,False,Library Only,0,150.0,Auto-Approved,,No
B,Rework (Non-Selling),ProActive,Direct,False,False,Library Only,1,150.001,Auto-Approved,,No
B,Rework (Non-Selling),ProActive,Direct,False,False,Library Only,1000,151.0,Auto-Approved,,No
B,Rework (Non-Selling),ProActive,Direct,False,False,Library Only,30000,180.0,Auto-Approved,,No
B,Rework (Non-Selling),ProActive,Direct,False,False,Library Only,35000,185.0,Auto-Approved,,No
B,Rework (Non-Selling),ProActive,Direct,False,False,Library Only,100000,250.0,Auto-Approved,,No
B,Rework (Non-Selling),ProActive,Direct,False,False,Library Only,115000,265.0,Auto-Approved,,No
B,Rework (Non-Selling),ProActive,Direct,False,False,Library Only,200000,350.0,Auto-Approved,,No
B,Rework (Non-Selling),ProActive,Direct,False,False,Library Only,1000000,1150.0,Auto-Approved,,No
B,Rework (Non-Selling),ProActive,Direct,False,False,Starting Point,0,115.0,Auto-Approved,,No
B,Rework (Non-Selling),ProActive,Direct,False,False,Starting Point,1,115.001,Auto-Approved,,No
B,Rework (Non-Selling),ProActive,Direct,False,False,Starting Point,1000,116.0,Auto-Approved,,No
B,Rework (Non-Selling),ProActive,Direct,False,False,Starting Point,30000,145.0,Auto-Approved,,No
B,Rework (Non-Selling),ProActive,Direct,False,False,Starting Point,35000,150.0,Auto-Approved,,No
B,Rework (Non-Selling),ProActive,Direct,False,False,Starting Point,100000,215.0,Auto-Approved,,No
B,Rework (Non-Selling),ProActive,Direct,False,False,Starting Point,115000,230.0,Auto-Approved,,No
B,Rework (Non-Selling),ProActive,Direct,False,False,Starting Point,200000,315.0,Auto-Approved,,No
B,Rework (Non-Selling),ProActive,Direct,False,False,Starting Point,1000000,1115.0,Auto-Approved,,No
B,Rework (Non-Selling),ProActive,Direct,False,False,Creation/Unknown,0,50.0,Pending Approval,,No
B,Rework (Non-Selling),ProActive,Direct,False,False,Creation/Unknown,1,50.001000000000005,Pending Approval,,No
B,Rework (Non-Selling),ProActive,Direct,False,False,Creation/Unknown,1000,51.0,Pending Approval,,No
B,Rework (Non-Selling),ProActive,Direct,False,False,Creation/Unknown,30000,80.0,Pending Approval,,No
B,Rework (Non-Selling),ProActive,Direct,False,False,Creation/Unknown,35000,85.0,Pending Approval,,No
B,Rework (Non-Selling),ProActive,Direct,False,False,Creation/Unknown,100000,150.0,Auto-Approved,,No
B,Rework (Non-Selling),ProActive,Direct,False,False,Creation/Unknown,115000,165.0,Auto-Approved,,No
B,Rework (Non-Selling),ProActive,Direct,False,False,Creation/Unknown,200000,250.0,Auto-Approved,,No
B,Rework (Non-Selling),ProActive,Direct,False,False,Creation/Unknown,1000000,1050.0,Auto-Approved,,No
B,Rework (Non-Selling),ProActive,Direct,False,True,Library Only,0,250.0,Auto-Approved,,No
B,Rework (Non-Selling),ProActive,Direct,False,True,Library Only,1,250.001,Auto-Approved,,No
B,Rework (Non-Selling),ProActive,Direct,False,True,Library Only,1000,251.0,Auto-Approved,,No
B,Rework (Non-Selling),ProActive,Direct,False,True,Library Only,30000,280.0,Auto-Approved,,No
B,Rework (Non-Selling),ProActive,Direct,False,True,Library Only,35000,285.0,Auto-Approved,,No
B,Rework (Non-Selling),ProActive,Direct,False,True,Library Only,100000,350.0,Auto-Approved,,No
B,Rework (Non-Selling),ProActive,Direct,False,True,Library Only,115000,365.0,Auto-Approved,,No
B,Rework (Non-Selling),ProActive,Direct,False,True,Library Only,200000,450.0,Auto-Approved,,No
B,Rework (Non-Selling),ProActive,Direct,False,True,Library Only,1000000,1250.0,Auto-Approved,,No
B,Rework (Non-Selling),ProActive,Direct,False,True,Starting Point,0,215.0,Auto-Approved,,No
B,Rework (Non-Selling),ProActive,Direct,False,True,Starting Point,1,215.001,Auto-Approved,,No
B,Rework (Non-Selling),ProActive,Direct,False,True,Starting Point,1000,216.0,Auto-Approved,,No
B,Rework (Non-Selling),ProActive,Direct,False,True,Starting Point,30000,245.0,Auto-Approved,,No
B,Rework (Non-Selling),ProActive,Direct,False,True,Starting Point,35000,250.0,Auto-Approved,,No
B,Rework (Non-Selling),ProActive,Direct,False,True,Starting Point,100000,315.0,Auto-Approved,,No
B,Rework (Non-Selling),ProActive,Direct,False,True,Starting Point,115000,330.0,Auto-Approved,,No
B,Rework (Non-Selling),ProActive,Direct,False,True,Starting Point,200000,415.0,Auto-Approved,,No
B,Rework (Non-Selling),ProActive,Direct,False,True,Starting Point,1000000,1215.0,Auto-Approved,,No
B,Rework (Non-Selling),ProActive,Direct,False,True,Creation/Unknown,0,150.0,Auto-Approved,,No
B,Rework (Non-Selling),ProActive,Direct,False,True,Creation/Unknown,1,150.001,Auto-Approved,,No
B,Rework (Non-Selling),ProActive,Direct,False,True,Creation/Unknown,1000,151.0,Auto-Approved,,No
B,Rework (Non-Selling),ProActive,Direct,False,True,Creation/Unknown,30000,180.0,Auto-Approved,,No
B,Rework (Non-Selling),ProActive,Direct,False,True,Creation/Unknown,35000,185.0,Auto-Approved,,No
B,Rework (Non-Selling),ProActive,Direct,False,True,Creation/Unknown,100000,250.0,Auto-Approved,,No
B,Rework (Non-Selling),ProActive,Direct,False,True,Creation/Unknown,115000,265.0,Auto-Approved,,No
B,Rework (Non-Selling),ProActive,Direct,False,True,Creation/Unknown,200000,350.0,Auto-Approved,,No
B,Rework (Non-Selling),ProActive,Direct,False,True,Creation/Unknown,1000000,1150.0,Auto-Approved,,No
B,Rework (Non-Selling),ProActive,Direct,True,False,Library Only,0,150.0,Auto-Approved,,Yes
B,Rework (Non-Selling),ProActive,Direct,True,False,Library Only,1,150.001,Auto-Approved,,Yes
B,Rework (Non-Selling),ProActive,Direct,True,False,Library Only,1000,151.0,Auto-Approved,,Yes
B,Rework (Non-Selling),ProActive,Direct,True,False,Library Only,30000,180.0,Auto-Approved,,Yes
B,Rework (Non-Selling),ProActive,Direct,True,False,Library Only,35000,185.0,Auto-Approved,,Yes
B,Rework (Non-Selling),ProActive,Direct,True,False,Library Only,100000,250.0,Auto-Approved,,Yes
B,Rework (Non-Selling),ProActive,Direct,True,False,Library Only,115000,265.0,Auto-Approved,,Yes
B,Rework (Non-Selling),ProActive,Direct,True,False,Library Only,200000,350.0,Auto-Approved,,Yes
B,Rework (Non-Selling),ProActive,Direct,True,False,Library Only,1000000,1150.0,Auto-Approved,,Yes
B,Rework (Non-Selling),ProActive,Direct,True,False,Starting Point,0,115.0,Auto-Approved,,Yes
B,Rework (Non-Selling),ProActive,Direct,True,False,Starting Point,1,115.001,Auto-Approved,,Yes
B,Rework (Non-Selling),ProActive,Direct,True,False,Starting Point,1000,116.0,Auto-Approved,,Yes
B,Rework (Non-Selling),ProActive,Direct,True,False,Starting Point,30000,145.0,Auto-Approved,,Yes
B,Rework (Non-Selling),ProActive,Direct,True,False,Starting Point,35000,150.0,Auto-Approved,,Yes
B,Rework (Non-Selling),ProActive,Direct,True,False,Starting Point,100000,215.0,Auto-Approved,,Yes
B,Rework (Non-Selling),ProActive,Direct,True,False,Starting Point,115000,230.0,Auto-Approved,,Yes
B,Rework (Non-Selling),ProActive,Direct,True,False,Starting Point,200000,315.0,Auto-Approved,,Yes
B,Rework (Non-Selling),ProActive,Direct,True,False,Starting Point,1000000,1115.0,Auto-Approved,,Yes
B,Rework (Non-Selling),ProActive,Direct,True,False,Creation/Unknown,0,50.0,Auto-Approved,,Yes
B,Rework (Non-Selling),ProActive,Direct,True,False,Creation/Unknown,1,50.001000000000005,Auto-Approved,,Yes
B,Rework (Non-Selling),ProActive,Direct,True,False,Creation/Unknown,1000,51.0,Auto-Approved,,Yes
B,Rework (Non-Selling),ProActive,Direct,True,False,Creation/Unknown,30000,80.0,Auto-Approved,,Yes
B,Rework (Non-Selling),ProActive,Direct,True,False,Creation/Unknown,35000,85.0,Auto-Approved,,Yes
B,Rework (Non-Selling),ProActive,Direct,True,False,Creation/Unknown,100000,150.0,Auto-Approved,,Yes
B,Rework (Non-Selling),ProActive,Direct,True,False,Creation/Unknown,115000,165.0,Auto-Approved,,Yes
B,Rework (Non-Selling),ProActive,Direct,True,False,Creation/Unknown,200000,250.0,Auto-Approved,,Yes
B,Rework (Non-Selling),ProActive,Direct,True,False,Creation/Unknown,1000000,1050.0,Auto-Approved,,Yes
B,Rework (Non-Selling),ProActive,Direct,True,True,Library Only,0,250.0,Auto-Approved,,Yes
B,Rework (Non-Selling),ProActive,Direct,True,True,Library Only,1,250.001,Auto-Approved,,Yes
B,Rework (Non-Selling),ProActive,Direct,True,True,Library Only,1000,251.0,Auto-Approved,,Yes
B,Rework (Non-Selling),ProActive,Direct,True,True,Library Only,30000,280.0,Auto-Approved,,Yes
B,Rework (Non-Selling),ProActive,Direct,True,True,Library Only,35000,285.0,Auto-Approved,,Yes
B,Rework (Non-Selling),ProActive,Direct,True,True,Library Only,100000,350.0,Auto-Approved,,Yes
B,Rework (Non-Selling),ProActive,Direct,True,True,Library Only,115000,365.0,Auto-Approved,,Yes
B,Rework (Non-Selling),ProActive,Direct,True,True,Library Only,200000,450.0,Auto-Approved,,Yes
B,Rework (Non-Selling),ProActive,Direct,True,True,Library Only,1000000,1250.0,Auto-Approved,,Yes
B,Rework (Non-Selling),ProActive,Direct,True,True,Starting Point,0,215.0,Auto-Approved,,Yes
B,Rework (Non-Selling),ProActive,Direct,True,True,Starting Point,1,215.001,Auto-Approved,,Yes
B,Rework (Non-Selling),ProActive,Direct,True,True,Starting Point,1000,216.0,Auto-Approved,,Yes
B,Rework (Non-Selling),ProActive,Direct,True,True,Starting Point,30000,245.0,Auto-Approved,,Yes
B,Rework (Non-Selling),ProActive,Direct,True,True,Starting Point,35000,250.0,Auto-Approved,,Yes
B,Rework (Non-Selling),ProActive,Direct,True,True,Starting Point,100000,315.0,Auto-Approved,,Yes
B,Rework (Non-Selling),ProActive,Direct,True,True,Starting Point,115000,330.0,Auto-Approved,,Yes
B,Rework (Non-Selling),ProActive,Direct,True,True,Starting Point,200000,415.0,Auto-Approved,,Yes
B,Rework (Non-Selling),ProActive,Direct,True,True,Starting Point,1000000,1215.0,Auto-Approved,,Yes
B,Rework (Non-Selling),ProActive,Direct,True,True,Creation/Unknown,0,150.0,Auto-Approved,,Yes
B,Rework (Non-Selling),ProActive,Direct,True,True,Creation/Unknown,1,150.001,Auto-Approved,,Yes
B,Rework (Non-Selling),ProActive,Direct,True,True,Creation/Unknown,1000,151.0,Auto-Approved,,Yes
B,Rework (Non-Selling),ProActive,Direct,True,True,Creation/Unknown,30000,180.0,Auto-Approved,,Yes
B,Rework (Non-Selling),ProActive,Direct,True,True,Creation/Unknown,35000,185.0,Auto-Approved,,Yes
B,Rework (Non-Selling),ProActive,Direct,True,True,Creation/Unknown,100000,250.0,Auto-Approved,,Yes
B,Rework (Non-Selling),ProActive,Direct,True,True,Creation/Unknown,115000,265.0,Auto-Approved,,Yes
B,Rework (Non-Selling),ProActive,Direct,True,True,Creation/Unknown,200000,350.0,Auto-Approved,,Yes
B,Rework (Non-Selling),ProActive,Direct,True,True,Creation/Unknown,1000000,1150.0,Auto-Approved,,Yes
B,Rework (Non-Selling),ProActive,Deferred/Unknown,False,False,Library Only,0,150.0,Auto-Approved,,No
B,Rework (Non-Selling),ProActive,Deferred/Unknown,False,False,Library Only,1,150.0005,Auto-Approved,,No
B,Rework (Non-Selling),ProActive,Deferred/Unknown,False,False,Library Only,1000,150.5,Auto-Approved,,No
B,Rework (Non-Selling),ProActive,Deferred/Unknown,False,False,Library Only,30000,165.0,Auto-Approved,,No
B,Rework (Non-Selling),ProActive,Deferred/Unknown,False,False,Library Only,35000,167.5,Auto-Approved,,No
B,Rework (Non-Selling),ProActive,Deferred/Unknown,False,False,Library Only,100000,200.0,Auto-Approved,,No
B,Rework (Non-Selling),ProActive,Deferred/Unknown,False,False,Library Only,115000,207.5,Auto-Approved,,No
B,Rework (Non-Selling),ProActive,Deferred/Unknown,False,False,Library Only,200000,250.0,Auto-Approved,,No
B,Rework (Non-Selling),ProActive,Deferred/Unknown,False,False,Library Only,1000000,650.0,Auto-Approved,,No
B,Rework (Non-Selling),ProActive,Deferred/Unknown,False,False,Starting Point,0,115.0,Auto-Approved,,No
B,Rework (Non-Selling),ProActive,Deferred/Unknown,False,False,Starting Point,1,115.0005,Auto-Approved,,No
B,Rework (Non-Selling),ProActive,Deferred/Unknown,False,False,Starting Point,1000,115.5,Auto-Approved,,No
B,Rework (Non-Selling),ProActive,Deferred/Unknown,False,False,Starting Point,30000,130.0,Auto-Approved,,No
B,Rework (Non-Selling),ProActive,Deferred/Unknown,False,False,Starting Point,35000,132.5,Auto-Approved,,No
B,Rework (Non-Selling),ProActive,Deferred/Unknown,False,False,Starting Point,100000,165.0,Auto-Approved,,No
B,Rework (Non-Selling),ProActive,Deferred/Unknown,False,False,Starting Point,115000,172.5,Auto-Approved,,No
B,Rework (Non-Selling),ProActive,Deferred/Unknown,False,False,Starting Point,200000,215.0,Auto-Approved,,No
B,Rework (Non-Selling),ProActive,Deferred/Unknown,False,False,Starting Point,1000000,615.0,Auto-Approved,,No
B,Rework (Non-Selling),ProActive,Deferred/Unknown,False,False,Creation/Unknown,0,50.0,Pending Approval,,No
B,Rework (Non-Selling),ProActive,Deferred/Unknown,False,False,Creation/Unknown,1,50.000499999999995,Pending Approval,,No
B,Rework (Non-Selling),ProActive,Deferred/Unknown,False,False,Creation/Unknown,1000,50.5,Pending Approval,,No
B,Rework (Non-Selling),ProActive,Deferred/Unknown,False,False,Creation/Unknown,30000,65.0,Pending Approval,,No
B,Rework (Non-Selling),ProActive,Deferred/Unknown,False,False,Creation/Unknown,35000,67.5,Pending Approval,,No
B,Rework (Non-Selling),ProActive,Deferred/Unknown,False,False,Creation/Unknown,100000,100.0,Pending Approval,,No
B,Rework (Non-Selling),ProActive,Deferred/Unknown,False,False,Creation/Unknown,115000,107.5,Pending Approval,,No
B,Rework (Non-Selling),ProActive,Deferred/Unknown,False,False,Creation/Unknown,200000,150.0,Auto-Approved,,No
B,Rework (Non-Selling),ProActive,Deferred/Unknown,False,False,Creation/Unknown,1000000,550.0,Auto-Approved,,No
B,Rework (Non-Selling),ProActive,Deferred/Unknown,False,True,Library Only,0,250.0,Auto-Approved,,No
B,Rework (Non-Selling),ProActive,Deferred/Unknown,False,True,Library Only,1,250.0005,Auto-Approved,,No
B,Rework (Non-Selling),ProActive,Deferred/Unknown,False,True,Library Only,1000,250.5,Auto-Approved,,No
B,Rework (Non-Selling),ProActive,Deferred/Unknown,False,True,Library Only,30000,265.0,Auto-Approved,,No
B,Rework (Non-Selling),ProActive,Deferred/Unknown,False,True,Library Only,35000,267.5,Auto-Approved,,No
B,Rework (Non-Selling),ProActive,Deferred/Unknown,False,True,Library Only,100000,300.0,Auto-Approved,,No
B,Rework (Non-Selling),ProActive,Deferred/Unknown,False,True,Library Only,115000,307.5,Auto-Approved,,No
B,Rework (Non-Selling),ProActive,Deferred/Unknown,False,True,Library Only,200000,350.0,Auto-Approved,,No
B,Rework (Non-Selling),ProActive,Deferred/Unknown,False,True,Library Only,1000000,750.0,Auto-Approved,,No
B,Rework (Non-Selling),ProActive,Deferred/Unknown,False,True,Starting Point,0,215.0,Auto-Approved,,No
B,Rework (Non-Selling),ProActive,Deferred/Unknown,False,True,Starting Point,1,215.0005,Auto-Approved,,No
B,Rework (Non-Selling),ProActive,Deferred/Unknown,False,True,Starting Point,1000,215.5,Auto-Approved,,No
B,Rework (Non-Selling),ProActive,Deferred/Unknown,False,True,Starting Point,30000,230.0,Auto-Approved,,No
B,Rework (Non-Selling),ProActive,Deferred/Unknown,False,True,Starting Point,35000,232.5,Auto-Approved,,No
B,Rework (Non-Selling),ProActive,Deferred/Unknown,False,True,Starting Point,100000,265.0,Auto-Approved,,No
B,Rework (Non-Selling),ProActive,Deferred/Unknown,False,True,Starting Point,115000,272.5,Auto-Approved,,No
B,Rework (Non-Selling),ProActive,Deferred/Unknown,False,True,Starting Point,200000,315.0,Auto-Approved,,No
B,Rework (Non-Selling),ProActive,Deferred/Unknown,False,True,Starting Point,1000000,715.0,Auto-Approved,,No
B,Rework (Non-Selling),ProActive,Deferred/Unknown,False,True,Creation/Unknown,0,150.0,Auto-Approved,,No
B,Rework (Non-Selling),ProActive,Deferred/Unknown,False,True,Creation/Unknown,1,150.0005,Auto-Approved,,No
B,Rework (Non-Selling),ProActive,Deferred/Unknown,False,True,Creation/Unknown,1000,150.5,Auto-Approved,,No
B,Rework (Non-Selling),ProActive,Deferred/Unknown,False,True,Creation/Unknown,30000,165.0,Auto-Approved,,No
B,Rework (Non-Selling),ProActive,Deferred/Unknown,False,True,Creation/Unknown,35000,167.5,Auto-Approved,,No
B,Rework (Non-Selling),ProActive,Deferred/Unknown,False,True,Creation/Unknown,100000,200.0,Auto-Approved,,No
B,Rework (Non-Selling),ProActive,Deferred/Unknown,False,True,Creation/Unknown,115000,207.5,Auto-Approved,,No
B,Rework (Non-Selling),ProActive,Deferred/Unknown,False,True,Creation/Unknown,200000,250.0,Auto-Approved,,No
B,Rework (Non-Selling),ProActive,Deferred/Unknown,False,True,Creation/Unknown,1000000,650.0,Auto-Approved,,No
B,Rework (Non-Selling),ProActive,Deferred/Unknown,True,False,Library Only,0,150.0,Auto-Approved,,Yes
B,Rework (Non-Selling),ProActive,Deferred/Unknown,True,False,Library Only,1,150.0005,Auto-Approved,,Yes
B,Rework (Non-Selling),ProActive,Deferred/Unknown,True,False,Library Only,1000,150.5,Auto-Approved,,Yes
B,Rework (Non-Selling),ProActive,Deferred/Unknown,True,False,Library Only,30000,165.0,Auto-Approved,,Yes
B,Rework (Non-Selling),ProActive,Deferred/Unknown,True,False,Library Only,35000,167.5,Auto-Approved,,Yes
B,Rework (Non-Selling),ProActive,Deferred/Unknown,True,False,Library Only,100000,200.0,Auto-Approved,,Yes
B,Rework (Non-Selling),ProActive,Deferred/Unknown,True,False,Library Only,115000,207.5,Auto-Approved,,Yes
B,Rework (Non-Selling),ProActive,Deferred/Unknown,True,False,Library Only,200000,250.0,Auto-Approved,,Yes
B,Rework (Non-Selling),ProActive,Deferred/Unknown,True,False,Library Only,1000000,650.0,Auto-Approved,,Yes
B,Rework (Non-Selling),ProActive,Deferred/Unknown,True,False,Starting Point,0,115.0,Auto-Approved,,Yes
B,Rework (Non-Selling),ProActive,Deferred/Unknown,True,False,Starting Point,1,115.0005,Auto-Approved,,Yes
B,Rework (Non-Selling),ProActive,Deferred/Unknown,True,False,Starting Point,1000,115.5,Auto-Approved,,Yes
B,Rework (Non-Selling),ProActive,Deferred/Unknown,True,False,Starting Point,30000,130.0,Auto-Approved,,Yes
B,Rework (Non-Selling),ProActive,Deferred/Unknown,True,False,Starting Point,35000,132.5,Auto-Approved,,Yes
B,Rework (Non-Selling),ProActive,Deferred/Unknown,True,False,Starting Point,100000,165.0,Auto-Approved,,Yes
B,Rework (Non-Selling),ProActive,Deferred/Unknown,True,False,Starting Point,115000,172.5,Auto-Approved,,Yes
B,Rework (Non-Selling),ProActive,Deferred/Unknown,True,False,Starting Point,200000,215.0,Auto-Approved,,Yes
B,Rework (Non-Selling),ProActive,Deferred/Unknown,True,False,Starting Point,1000000,615.0,Auto-Approved,,Yes
B,Rework (Non-Selling),ProActive,Deferred/Unknown,True,False,Creation/Unknown,0,50.0,Auto-Approved,,Yes
B,Rework (Non-Selling),ProActive,Deferred/Unknown,True,False,Creation/Unknown,1,50.000499999999995,Auto-Approved,,Yes
B,Rework (Non-Selling),ProActive,Deferred/Unknown,True,False,Creation/Unknown,1000,50.5,Auto-Approved,,Yes
B,Rework (Non-Selling),ProActive,Deferred/Unknown,True,False,Creation/Unknown,30000,65.0,Auto-Approved,,Yes
B,Rework (Non-Selling),ProActive,Deferred/Unknown,True,False,Creation/Unknown,35000,67.5,Auto-Approved,,Yes
B,Rework (Non-Selling),ProActive,Deferred/Unknown,True,False,Creation/Unknown,100000,100.0,Auto-Approved,,Yes
B,Rework (Non-Selling),ProActive,Deferred/Unknown,True,False,Creation/Unknown,115000,107.5,Auto-Approved,,Yes
B,Rework (Non-Selling),ProActive,Deferred/Unknown,True,False,Creation/Unknown,200000,150.0,Auto-Approved,,Yes
B,Rework (Non-Selling),ProActive,Deferred/Unknown,True,False,Creation/Unknown,1000000,550.0,Auto-Approved,,Yes
B,Rework (Non-Selling),ProActive,Deferred/Unknown,True,True,Library Only,0,250.0,Auto-Approved,,Yes
B,Rework (Non-Selling),ProActive,Deferred/Unknown,True,True,Library Only,1,250.0005,Auto-Approved,,Yes
B,Rework (Non-Selling),ProActive,Deferred/Unknown,True,True,Library Only,1000,250.5,Auto-Approved,,Yes
B,Rework (Non-Selling),ProActive,Deferred/Unknown,True,True,Library Only,30000,265.0,Auto-Approved,,Yes
B,Rework (Non-Selling),ProActive,Deferred/Unknown,True,True,Library Only,35000,267.5,Auto-Approved,,Yes
B,Rework (Non-Selling),ProActive,Deferred/Unknown,True,True,Library Only,100000,300.0,Auto-Approved,,Yes
B,Rework (Non-Selling),ProActive,Deferred/Unknown,True,True,Library Only,115000,307.5,Auto-Approved,,Yes
B,Rework (Non-Selling),ProActive,Deferred/Unknown,True,True,Library Only,200000,350.0,Auto-Approved,,Yes
B,Rework (Non-Selling),ProActive,Deferred/Unknown,True,True,Library Only,1000000,750.0,Auto-Approved,,Yes
B,Rework (Non-Selling),ProActive,Deferred/Unknown,True,True,Starting Point,0,215.0,Auto-Approved,,Yes
B,Rework (Non-Selling),ProActive,Deferred/Unknown,True,True,Starting Point,1,215.0005,Auto-Approved,,Yes
B,Rework (Non-Selling),ProActive,Deferred/Unknown,True,True,Starting Point,1000,215.5,Auto-Approved,,Yes
B,Rework (Non-Selling),ProActive,Deferred/Unknown,True,True,Starting Point,30000,230.0,Auto-Approved,,Yes
B,Rework (Non-Selling),ProActive,Deferred/Unknown,True,True,Starting Point,35000,232.5,Auto-Approved,,Yes
B,Rework (Non-Selling),ProActive,Deferred/Unknown,True,True,Starting Point,100000,265.0,Auto-Approved,,Yes
B,Rework (Non-Selling),ProActive,Deferred/Unknown,True,True,Starting Point,115000,272.5,Auto-Approved,,Yes
B,Rework (Non-Selling),ProActive,Deferred/Unknown,True,True,Starting Point,200000,315.0,Auto-Approved,,Yes
B,Rework (Non-Selling),ProActive,Deferred/Unknown,True,True,Starting Point,1000000,715.0,Auto-Approved,,Yes
B,Rework (Non-Selling),ProActive,Deferred/Unknown,True,True,Creation/Unknown,0,150.0,Auto-Approved,,Yes
B,Rework (Non-Selling),ProActive,Deferred/Unknown,True,True,Creation/Unknown,1,150.0005,Auto-Approved,,Yes
B,Rework (Non-Selling),ProActive,Deferred/Unknown,True,True,Creation/Unknown,1000,150.5,Auto-Approved,,Yes
B,Rework (Non-Selling),ProActive,Deferred/Unknown,True,True,Creation/Unknown,30000,165.0,Auto-Approved,,Yes
B,Rework (Non-Selling),ProActive,Deferred/Unknown,True,True,Creation/Unknown,35000,167.5,Auto-Approved,,Yes
B,Rework (Non-Selling),ProActive,Deferred/Unknown,True,True,Creation/Unknown,100000,200.0,Auto-Approved,,Yes
B,Rework (Non-Selling),ProActive,Deferred/Unknown,True,True,Creation/Unknown,115000,207.5,Auto-Approved,,Yes
B,Rework (Non-Selling),ProActive,Deferred/Unknown,True,True,Creation/Unknown,200000,250.0,Auto-Approved,,Yes
B,Rework (Non-Selling),ProActive,Deferred/Unknown,True,True,Creation/Unknown,1000000,650.0,Auto-Approved,,Yes
C,New,Exclusive,Direct,False,False,Library Only,0,125.0,Auto-Approved,,No
C,New,Exclusive,Direct,False,False,Library Only,1,125.0035,Auto-Approved,,No
C,New,Exclusive,Direct,False,False,Library Only,1000,128.5,Auto-Approved,,No
C,New,Exclusive,Direct,False,False,Library Only,30000,230.0,Auto-Approved,,No
C,New,Exclusive,Direct,False,False,Library Only,35000,247.5,Auto-Approved,,No
C,New,Exclusive,Direct,False,False,Library Only,100000,475.0,Auto-Approved,,No
C,New,Exclusive,Direct,False,False,Library Only,115000,527.5,Auto-Approved,,No
C,New,Exclusive,Direct,False,False,Library Only,200000,825.0,Auto-Approved,,No
C,New,Exclusive,Direct,False,False,Library Only,1000000,3625.0,Auto-Approved,,No
C,New,Exclusive,Direct,False,False,Starting Point,0,90.0,Pending Approval,Jo (Non-library for a C/D customer),No
C,New,Exclusive,Direct,False,False,Starting Point,1,90.0035,Pending Approval,Jo (Non-library for a C/D customer),No
C,New,Exclusive,Direct,False,False,Starting Point,1000,93.5,Pending Approval,Jo (Non-library for a C/D customer),No
C,New,Exclusive,Direct,False,False,Starting Point,30000,195.0,Pending Approval,Jo (Non-library for a C/D customer),No
C,New,Exclusive,Direct,False,False,Starting Point,35000,212.5,Pending Approval,Jo (Non-library for a C/D customer),No
C,New,Exclusive,Direct,False,False,Starting Point,100000,440.0,Pending Approval,Jo (Non-library for a C/D customer),No
C,New,Exclusive,Direct,False,False,Starting Point,115000,492.5,Pending Approval,Jo (Non-library for a C/D customer),No
C,New,Exclusive,Direct,False,False,Starting Point,200000,790.0,Pending Approval,Jo (Non-library for a C/D customer),No
C,New,Exclusive,Direct,False,False,Starting Point,1000000,3590.0,Pending Approval,Jo (Non-library for a C/D customer),No
C,New,Exclusive,Direct,False,False,Creation/Unknown,0,25.0,Declined,,No
C,New,Exclusive,Direct,False,False,Creation/Unknown,1,25.0035,Declined,,No
C,New,Exclusive,Direct,False,False,Creation/Unknown,1000,28.5,Declined,,No
C,New,Exclusive,Direct,False,False,Creation/Unknown,30000,130.0,Auto-Approved,,No
C,New,Exclusive,Direct,False,False,Creation/Unknown,35000,147.5,Auto-Approved,,No
C,New,Exclusive,Direct,False,False,Creation/Unknown,100000,375.0,Auto-Approved,,No
C,New,Exclusive,Direct,False,False,Creation/Unknown,115000,427.5,Auto-Approved,,No
C,New,Exclusive,Direct,False,False,Creation/Unknown,200000,725.0,Auto-Approved,,No
C,New,Exclusive,Direct,False,False,Creation/Unknown,1000000,3525.0,Auto-Approved,,No
C,New,Exclusive,Direct,False,True,Library Only,0,225.0,Auto-Approved,,No
C,New,Exclusive,Direct,False,True,Library Only,1,225.0035,Auto-Approved,,No
C,New,Exclusive,Direct,False,True,Library Only,1000,228.5,Auto-Approved,,No
C,New,Exclusive,Direct,False,True,Library Only,30000,330.0,Auto-Approved,,No
C,New,Exclusive,Direct,False,True,Library Only,35000,347.5,Auto-Approved,,No
C,New,Exclusive,Direct,False,True,Library Only,100000,575.0,Auto-Approved,,No
C,New,Exclusive,Direct,False,True,Library Only,115000,627.5,Auto-Approved,,No
C,New,Exclusive,Direct,False,True,Library Only,200000,925.0,Auto-Approved,,No
C,New,Exclusive,Direct,False,True,Library Only,1000000,3725.0,Auto-Approved,,No
C,New,Exclusive,Direct,False,True,Starting Point,0,190.0,Pending Approval,Jo (Non-library for a C/D customer),No
C,New,Exclusive,Direct,False,True,Starting Point,1,190.0035,Pending Approval,Jo (Non-library for a C/D customer),No
C,New,Exclusive,Direct,False,True,Starting Point,1000,193.5,Pending Approval,Jo (Non-library for a C/D customer),No
C,New,Exclusive,Direct,False,True,Starting Point,30000,295.0,Pending Approval,Jo (Non-library for a C/D customer),No
C,New,Exclusive,Direct,False,True,Starting Point,35000,312.5,Pending Approval,Jo (Non-library for a C/D customer),No
C,New,Exclusive,Direct,False,True,Starting Point,100000,540.0,Pending Approval,Jo (Non-library for a C/D customer),No
C,New,Exclusive,Direct,False,True,Starting Point,115000,592.5,Pending Approval,Jo (Non-library for a C/D customer),No
C,New,Exclusive,Direct,False,True,Starting Point,200000,890.0,Pending Approval,Jo (Non-library for a C/D customer),No
C,New,Exclusive,Direct,False,True,Starting Point,1000000,3690.0,Pending Approval,Jo (Non-library for a C/D customer),No
C,New,Exclusive,Direct,False,True,Creation/Unknown,0,125.0,Auto-Approved,,No
C,New,Exclusive,Direct,False,True,Creation/Unknown,1,125.0035,Auto-Approved,,No
C,New,Exclusive,Direct,False,True,Creation/Unknown,1000,128.5,Auto-Approved,,No
C,New,Exclusive,Direct,False,True,Creation/Unknown,30000,230.0,Auto-Approved,,No
C,New,Exclusive,Direct,False,True,Creation/Unknown,35000,247.5,Auto-Approved,,No
C,New,Exclusive,Direct,False,True,Creation/Unknown,100000,475.0,Auto-Approved,,No
C,New,Exclusive,Direct,False,True,Creation/Unknown,115000,527.5,Auto-Approved,,No
C,New,Exclusive,Direct,False,True,Creation/Unknown,200000,825.0,Auto-Approved,,No
C,New,Exclusive,Direct,False,True,Creation/Unknown,1000000,3625.0,Auto-Approved,,No
C,New,Exclusive,Direct,True,False,Library Only,0,125.0,Auto-Approved,,Yes
C,New,Exclusive,Direct,True,False,Library Only,1,125.0035,Auto-Approved,,Yes
C,New,Exclusive,Direct,True,False,Library Only,1000,128.5,Auto-Approved,,Yes
C,New,Exclusive,Direct,True,False,Library Only,30000,230.0,Auto-Approved,,Yes
C,New,Exclusive,Direct,True,False,Library Only,35000,247.5,Auto-Approved,,Yes
C,New,Exclusive,Direct,True,False,Library Only,100000,475.0,Auto-Approved,,Yes
C,New,Exclusive,Direct,True,False,Library Only,115000,527.5,Auto-Approved,,Yes
C,New,Exclusive,Direct,True,False,Library Only,200000,825.0,Auto-Approved,,Yes
C,New,Exclusive,Direct,True,False,Library Only,1000000,3625.0,Auto-Approved,,Yes
C,New,Exclusive,Direct,True,False,Starting Point,0,90.0,Auto-Approved,Jo (Non-library for a C/D customer),Yes
C,New,Exclusive,Direct,True,False,Starting Point,1,90.0035,Auto-Approved,Jo (Non-library for a C/D customer),Yes
C,New,Exclusive,Direct,True,False,Starting Point,1000,93.5,Auto-Approved,Jo (Non-library for a C/D customer),Yes
C,New,Exclusive,Direct,True,False,Starting Point,30000,195.0,Auto-Approved,Jo (Non-library for a C/D customer),Yes
C,New,Exclusive,Direct,True,False,Starting Point,35000,212.5,Auto-Approved,Jo (Non-library for a C/D customer),Yes
C,New,Exclusive,Direct,True,False,Starting Point,100000,440.0,Auto-Approved,Jo (Non-library for a C/D customer),Yes
C,New,Exclusive,Direct,True,False,Starting Point,115000,492.5,Auto-Approved,Jo (Non-library for a C/D customer),Yes
C,New,Exclusive,Direct,True,False,Starting Point,200000,790.0,Auto-Approved,Jo (Non-library for a C/D customer),Yes
C,New,Exclusive,Direct,True,False,Starting Point,1000000,3590.0,Auto-Approved,Jo (Non-library for a C/D customer),Yes
C,New,Exclusive,Direct,True,False,Creation/Unknown,0,25.0,Auto-Approved,,Yes
C,New,Exclusive,Direct,True,False,Creation/Unknown,1,25.0035,Auto-Approved,,Yes
C,New,Exclusive,Direct,True,False,Creation/Unknown,1000,28.5,Auto-Approved,,Yes
C,New,Exclusive,Direct,True,False,Creation/Unknown,30000,130.0,Auto-Approved,,Yes
C,New,Exclusive,Direct,True,False,Creation/Unknown,35000,147.5,Auto-Approved,,Yes
C,New,Exclusive,Direct,True,False,Creation/Unknown,100000,375.0,Auto-Approved,,Yes
C,New,Exclusive,Direct,True,False,Creation/Unknown,115000,427.5,Auto-Approved,,Yes
C,New,Exclusive,Direct,True,False,Creation/Unknown,200000,725.0,Auto-Approved,,Yes
C,New,Exclusive,Direct,True,False,Creation/Unknown,1000000,3525.0,Auto-Approved,,Yes
C,New,Exclusive,Direct,True,True,Library Only,0,225.0,Auto-Approved,,Yes
C,New,Exclusive,Direct,True,True,Library Only,1,225.0035,Auto-Approved,,Yes
C,New,Exclusive,Direct,True,True,Library Only,1000,228.5,Auto-Approved,,Yes
C,New,Exclusive,Direct,True,True,Library Only,30000,330.0,Auto-Approved,,Yes
C,New,Exclusive,Direct,True,True,Library Only,35000,347.5,Auto-Approved,,Yes
C,New,Exclusive,Direct,True,True,Library Only,100000,575.0,Auto-Approved,,Yes
C,New,Exclusive,Direct,True,True,Library Only,115000,627.5,Auto-Approved,,Yes
C,New,Exclusive,Direct,True,True,Library Only,200000,925.0,Auto-Approved,,Yes
C,New,Exclusive,Direct,True,True,Library Only,1000000,3725.0,Auto-Approved,,Yes
C,New,Exclusive,Direct,True,True,Starting Point,0,190.0,Auto-Approved,Jo (Non-library for a C/D customer),Yes
C,New,Exclusive,Direct,True,True,Starting Point,1,190.0035,Auto-Approved,Jo (Non-library for a C/D customer),Yes
C,New,Exclusive,Direct,True,True,Starting Point,1000,193.5,Auto-Approved,Jo (Non-library for a C/D customer),Yes
C,New,Exclusive,Direct,True,True,Starting Point,30000,295.0,Auto-Approved,Jo (Non-library for a C/D customer),Yes
C,New,Exclusive,Direct,True,True,Starting Point,35000,312.5,Auto-Approved,Jo (Non-library for a C/D customer),Yes
C,New,Exclusive,Direct,True,True,Starting Point,100000,540.0,Auto-Approved,Jo (Non-library for a C/D customer),Yes
C,New,Exclusive,Direct,True,True,Starting Point,115000,592.5,Auto-Approved,Jo (Non-library for a C/D customer),Yes
C,New,Exclusive,Direct,True,True,Starting Point,200000,890.0,Auto-Approved,Jo (Non-library for a C/D customer),Yes
C,New,Exclusive,Direct,True,True,Starting Point,1000000,3690.0,Auto-Approved,Jo (Non-library for a C/D customer),Yes
C,New,Exclusive,Direct,True,True,Creation/Unknown,0,125.0,Auto-Approved,,Yes
C,New,Exclusive,Direct,True,True,Creation/Unknown,1,125.0035,Auto-Approved,,Yes
C,New,Exclusive,Direct,True,True,Creation/Unknown,1000,128.5,Auto-Approved,,Yes
C,New,Exclusive,Direct,True,True,Creation/Unknown,30000,230.0,Auto-Approved,,Yes
C,New,Exclusive,Direct,True,True,Creation/Unknown,35000,247.5,Auto-Approved,,Yes
C,New,Exclusive,Direct,True,True,Creation/Unknown,100000,475.0,Auto-Approved,,Yes
C,New,Exclusive,Direct,True,True,Creation/Unknown,115000,527.5,Auto-Approved,,Yes
C,New,Exclusive,Direct,True,True,Creation/Unknown,200000,825.0,Auto-Approved,,Yes
C,New,Exclusive,Direct,True,True,Creation/Unknown,1000000,3625.0,Auto-Approved,,Yes
C,New,Exclusive,Deferred/Unknown,False,False,Library Only,0,125.0,Auto-Approved,,No
C,New,Exclusive,Deferred/Unknown,False,False,Library Only,1,125.003,Auto-Approved,,No
C,New,Exclusive,Deferred/Unknown,False,False,Library Only,1000,128.0,Auto-Approved,,No
C,New,Exclusive,Deferred/Unknown,False,False,Library Only,30000,215.0,Auto-Approved,,No
C,New,Exclusive,Deferred/Unknown,False,False,Library Only,35000,230.0,Auto-Approved,,No
C,New,Exclusive,Deferred/Unknown,False,False,Library Only,100000,425.0,Auto-Approved,,No
C,New,Exclusive,Deferred/Unknown,False,False,Library Only,115000,470.0,Auto-Approved,,No
C,New,Exclusive,Deferred/Unknown,False,False,Library Only,200000,725.0,Auto-Approved,,No
C,New,Exclusive,Deferred/Unknown,False,False,Library Only,1000000,3125.0,Auto-Approved,,No
C,New,Exclusive,Deferred/Unknown,False,False,Starting Point,0,90.0,Pending Approval,Jo (Non-library for a C/D customer),No
C,New,Exclusive,Deferred/Unknown,False,False,Starting Point,1,90.003,Pending Approval,Jo (Non-library for a C/D customer),No
C,New,Exclusive,Deferred/Unknown,False,False,Starting Point,1000,93.0,Pending Approval,Jo (Non-library for a C/D customer),No
C,New,Exclusive,Deferred/Unknown,False,False,Starting Point,30000,180.0,Pending Approval,Jo (Non-library for a C/D customer),No
C,New,Exclusive,Deferred/Unknown,False,False,Starting Point,35000,195.0,Pending Approval,Jo (Non-library for a C/D customer),No
C,New,Exclusive,Deferred/Unknown,False,False,Starting Point,100000,390.0,Pending Approval,Jo (Non-library for a C/D customer),No
C,New,Exclusive,Deferred/Unknown,False,False,Starting Point,115000,435.0,Pending Approval,Jo (Non-library for a C/D customer),No
C,New,Exclusive,Deferred/Unknown,False,False,Starting Point,200000,690.0,Pending Approval,Jo (Non-library for a C/D customer),No
C,New,Exclusive,Deferred/Unknown,False,False,Starting Point,1000000,3090.0,Pending Approval,Jo (Non-library for a C/D customer),No
C,New,Exclusive,Deferred/Unknown,False,False,Creation/Unknown,0,25.0,Declined,,No
C,New,Exclusive,Deferred/Unknown,False,False,Creation/Unknown,1,25.003,Declined,,No
C,New,Exclusive,Deferred/Unknown,False,False,Creation/Unknown,1000,28.0,Declined,,No
C,New,Exclusive,Deferred/Unknown,False,False,Creation/Unknown,30000,115.0,Auto-Approved,,No
C,New,Exclusive,Deferred/Unknown,False,False,Creation/Unknown,35000,130.0,Auto-Approved,,No
C,New,Exclusive,Deferred/Unknown,False,False,Creation/Unknown,100000,325.0,Auto-Approved,,No
C,New,Exclusive,Deferred/Unknown,False,False,Creation/Unknown,115000,370.0,Auto-Approved,,No
C,New,Exclusive,Deferred/Unknown,False,False,Creation/Unknown,200000,625.0,Auto-Approved,,No
C,New,Exclusive,Deferred/Unknown,False,False,Creation/Unknown,1000000,3025.0,Auto-Approved,,No
C,New,Exclusive,Deferred/Unknown,False,True,Library Only,0,225.0,Auto-Approved,,No
C,New,Exclusive,Deferred/Unknown,False,True,Library Only,1,225.003,Auto-Approved,,No
C,New,Exclusive,Deferred/Unknown,False,True,Library Only,1000,228.0,Auto-Approved,,No
C,New,Exclusive,Deferred/Unknown,False,True,Library Only,30000,315.0,Auto-Approved,,No
C,New,Exclusive,Deferred/Unknown,False,True,Library Only,35000,330.0,Auto-Approved,,No
C,New,Exclusive,Deferred/Unknown,False,True,Library Only,100000,525.0,Auto-Approved,,No
C,New,Exclusive,Deferred/Unknown,False,True,Library Only,115000,570.0,Auto-Approved,,No
C,New,Exclusive,Deferred/Unknown,False,True,Library Only,200000,825.0,Auto-Approved,,No
C,New,Exclusive,Deferred/Unknown,False,True,Library Only,1000000,3225.0,Auto-Approved,,No
C,New,Exclusive,Deferred/Unknown,False,True,Starting Point,0,190.0,Pending Approval,Jo (Non-library for a C/D customer),No
C,New,Exclusive,Deferred/Unknown,False,True,Starting Point,1,190.003,Pending Approval,Jo (Non-library for a C/D customer),No
C,New,Exclusive,Deferred/Unknown,False,True,Starting Point,1000,193.0,Pending Approval,Jo (Non-library for a C/D customer),No
C,New,Exclusive,Deferred/Unknown,False,True,Starting Point,30000,280.0,Pending Approval,Jo (Non-library for a C/D customer),No
C,New,Exclusive,Deferred/Unknown,False,True,Starting Point,35000,295.0,Pending Approval,Jo (Non-library for a C/D customer),No
C,New,Exclusive,Deferred/Unknown,False,True,Starting Point,100000,490.0,Pending Approval,Jo (Non-library for a C/D customer),No
C,New,Exclusive,Deferred/Unknown,False,True,Starting Point,115000,535.0,Pending Approval,Jo (Non-library for a C/D customer),No
C,New,Exclusive,Deferred/Unknown,False,True,Starting Point,200000,790.0,Pending Approval,Jo (Non-library for a C/D customer),No
C,New,Exclusive,Deferred/Unknown,False,True,Starting Point,1000000,3190.0,Pending Approval,Jo (Non-library for a C/D customer),No
C,New,Exclusive,Deferred/Unknown,False,True,Creation/Unknown,0,125.0,Auto-Approved,,No
C,New,Exclusive,Deferred/Unknown,False,True,Creation/Unknown,1,125.003,Auto-Approved,,No
C,New,Exclusive,Deferred/Unknown,False,True,Creation/Unknown,1000,128.0,Auto-Approved,,No
C,New,Exclusive,Deferred/Unknown,False,True,Creation/Unknown,30000,215.0,Auto-Approved,,No
C,New,Exclusive,Deferred/Unknown,False,True,Creation/Unknown,35000,230.0,Auto-Approved,,No
C,New,Exclusive,Deferred/Unknown,False,True,Creation/Unknown,100000,425.0,Auto-Approved,,No
C,New,Exclusive,Deferred/Unknown,False,True,Creation/Unknown,115000,470.0,Auto-Approved,,No
C,New,Exclusive,Deferred/Unknown,False,True,Creation/Unknown,200000,725.0,Auto-Approved,,No
C,New,Exclusive,Deferred/Unknown,False,True,Creation/Unknown,1000000,3125.0,Auto-Approved,,No
C,New,Exclusive,Deferred/Unknown,True,False,Library Only,0,125.0,Auto-Approved,,Yes
C,New,Exclusive,Deferred/Unknown,True,False,Library Only,1,125.003,Auto-Approved,,Yes
C,New,Exclusive,Deferred/Unknown,True,False,Library Only,1000,128.0,Auto-Approved,,Yes
C,New,Exclusive,Deferred/Unknown,True,False,Library Only,30000,215.0,Auto-Approved,,Yes
C,New,Exclusive,Deferred/Unknown,True,False,Library Only,35000,230.0,Auto-Approved,,Yes
C,New,Exclusive,Deferred/Unknown,True,False,Library Only,100000,425.0,Auto-Approved,,Yes
C,New,Exclusive,Deferred/Unknown,True,False,Library Only,115000,470.0,Auto-Approved,,Yes
C,New,Exclusive,Deferred/Unknown,True,False,Library Only,200000,725.0,Auto-Approved,,Yes
C,New,Exclusive,Deferred/Unknown,True,False,Library Only,1000000,3125.0,Auto-Approved,,Yes
C,New,Exclusive,Deferred/Unknown,True,False,Starting Point,0,90.0,Auto-Approved,Jo (Non-library for a C/D customer),Yes
C,New,Exclusive,Deferred/Unknown,True,False,Starting Point,1,90.003,Auto-Approved,Jo (Non-library for a C/D customer),Yes
C,New,Exclusive,Deferred/Unknown,True,False,Starting Point,1000,93.0,Auto-Approved,Jo (Non-library for a C/D customer),Yes
C,New,Exclusive,Deferred/Unknown,True,False,Starting Point,30000,180.0,Auto-Approved,Jo (Non-library for a C/D customer),Yes
C,New,Exclusive,Deferred/Unknown,True,False,Starting Point,35000,195.0,Auto-Approved,Jo (Non-library for a C/D customer),Yes
C,New,Exclusive,Deferred/Unknown,True,False,Starting Point,100000,390.0,Auto-Approved,Jo (Non-library for a C/D customer),Yes
C,New,Exclusive,Deferred/Unknown,True,False,Starting Point,115000,435.0,Auto-Approved,Jo (Non-library for a C/D customer),Yes
C,New,Exclusive,Deferred/Unknown,True,False,Starting Point,200000,690.0,Auto-Approved,Jo (Non-library for a C/D customer),Yes
C,New,Exclusive,Deferred/Unknown,True,False,Starting Point,1000000,3090.0,Auto-Approved,Jo (Non-library for a C/D customer),Yes
C,New,Exclusive,Deferred/Unknown,True,False,Creation/Unknown,0,25.0,Auto-Approved,,Yes
C,New,Exclusive,Deferred/Unknown,True,False,Creation/Unknown,1,25.003,Auto-Approved,,Yes
C,New,Exclusive,Deferred/Unknown,True,False,Creation/Unknown,1000,28.0,Auto-Approved,,Yes
C,New,Exclusive,Deferred/Unknown,True,False,Creation/Unknown,30000,115.0,Auto-Approved,,Yes
C,New,Exclusive,Deferred/Unknown,True,False,Creation/Unknown,35000,130.0,Auto-Approved,,Yes
C,New,Exclusive,Deferred/Unknown,True,False,Creation/Unknown,100000,325.0,Auto-Approved,,Yes
C,New,Exclusive,Deferred/Unknown,True,False,Creation/Unknown,115000,370.0,Auto-Approved,,Yes
C,New,Exclusive,Deferred/Unknown,True,False,Creation/Unknown,200000,625.0,Auto-Approved,,Yes
C,New,Exclusive,Deferred/Unknown,True,False,Creation/Unknown,1000000,3025.0,Auto-Approved,,Yes
C,New,Exclusive,Deferred/Unknown,True,True,Library Only,0,225.0,Auto-Approved,,Yes
C,New,Exclusive,Deferred/Unknown,True,True,Library Only,1,225.003,Auto-Approved,,Yes
C,New,Exclusive,Deferred/Unknown,True,True,Library Only,1000,228.0,Auto-Approved,,Yes
C,New,Exclusive,Deferred/Unknown,True,True,Library Only,30000,315.0,Auto-Approved,,Yes
C,New,Exclusive,Deferred/Unknown,True,True,Library Only,35000,330.0,Auto-Approved,,Yes
C,New,Exclusive,Deferred/Unknown,True,True,Library Only,100000,525.0,Auto-Approved,,Yes
C,New,Exclusive,Deferred/Unknown,True,True,Library Only,115000,570.0,Auto-Approved,,Yes
C,New,Exclusive,Deferred/Unknown,True,True,Library Only,200000,825.0,Auto-Approved,,Yes
C,New,Exclusive,Deferred/Unknown,True,True,Library Only,1000000,3225.0,Auto-Approved,,Yes
C,New,Exclusive,Deferred/Unknown,True,True,Starting Point,0,190.0,Auto-Approved,Jo (Non-library for a C/D customer),Yes
C,New,Exclusive,Deferred/Unknown,True,True,Starting Point,1,190.003,Auto-Approved,Jo (Non-library for a C/D customer),Yes
C,New,Exclusive,Deferred/Unknown,True,True,Starting Point,1000,193.0,Auto-Approved,Jo (Non-library for a C/D customer),Yes
C,New,Exclusive,Deferred/Unknown,True,True,Starting Point,30000,280.0,Auto-Approved,Jo (Non-library for a C/D customer),Yes
C,New,Exclusive,Deferred/Unknown,True,True,Starting Point,35000,295.0,Auto-Approved,Jo (Non-library for a C/D customer),Yes
C,New,Exclusive,Deferred/Unknown,True,True,Starting Point,100000,490.0,Auto-Approved,Jo (Non-library for a C/D customer),Yes
C,New,Exclusive,Deferred/Unknown,True,True,Starting Point,115000,535.0,Auto-Approved,Jo (Non-library for a C/D customer),Yes
C,New,Exclusive,Deferred/Unknown,True,True,Starting Point,200000,790.0,Auto-Approved,Jo (Non-library for a C/D customer),Yes
C,New,Exclusive,Deferred/Unknown,True,True,Starting Point,1000000,3190.0,Auto-Approved,Jo (Non-library for a C/D customer),Yes
C,New,Exclusive,Deferred/Unknown,True,True,Creation/Unknown,0,125.0,Auto-Approved,,Yes
C,New,Exclusive,Deferred/Unknown,True,True,Creation/Unknown,1,125.003,Auto-Approved,,Yes
C,New,Exclusive,Deferred/Unknown,True,True,Creation/Unknown,1000,128.0,Auto-Approved,,Yes
C,New,Exclusive,Deferred/Unknown,True,True,Creation/Unknown,30000,215.0,Auto-Approved,,Yes
C,New,Exclusive,Deferred/Unknown,True,True,Creation/Unknown,35000,230.0,Auto-Approved,,Yes
C,New,Exclusive,Deferred/Unknown,True,True,Creation/Unknown,100000,425.0,Auto-Approved,,Yes
C,New,Exclusive,Deferred/Unknown,True,True,Creation/Unknown,115000,470.0,Auto-Approved,,Yes
C,New,Exclusive,Deferred/Unknown,True,True,Creation/Unknown,200000,725.0,Auto-Approved,,Yes
C,New,Exclusive,Deferred/Unknown,True,True,Creation/Unknown,1000000,3125.0,Auto-Approved,,Yes
C,New,Competitive,Direct,False,False,Library Only,0,125.0,Auto-Approved,,No
C,New,Competitive,Direct,False,False,Library Only,1,125.0025,Auto-Approved,,No
C,New,Competitive,Direct,False,False,Library Only,1000,127.5,Auto-Approved,,No
C,New,Competitive,Direct,False,False,Library Only,30000,200.0,Auto-Approved,,No
C,New,Competitive,Direct,False,False,Library Only,35000,212.5,Auto-Approved,,No
C,New,Competitive,Direct,False,False,Library Only,100000,375.0,Auto-Approved,,No
C,New,Competitive,Direct,False,False,Library Only,115000,412.5,Auto-Approved,,No
C,New,Competitive,Direct,False,False,Library Only,200000,625.0,Auto-Approved,,No
C,New,Competitive,Direct,False,False,Library Only,1000000,2625.0,Auto-Approved,,No
C,New,Competitive,Direct,False,False,Starting Point,0,90.0,Pending Approval,Jo (Non-library for a C/D customer),No
C,New,Competitive,Direct,False,False,Starting Point,1,90.0025,Pending Approval,Jo (Non-library for a C/D customer),No
C,New,Competitive,Direct,False,False,Starting Point,1000,92.5,Pending Approval,Jo (Non-library for a C/D customer),No
C,New,Competitive,Direct,False,False,Starting Point,30000,165.0,Pending Approval,Jo (Non-library for a C/D customer),No
C,New,Competitive,Direct,False,False,Starting Point,35000,177.5,Pending Approval,Jo (Non-library for a C/D customer),No
C,New,Competitive,Direct,False,False,Starting Point,100000,340.0,Pending Approval,Jo (Non-library for a C/D customer),No
C,New,Competitive,Direct,False,False,Starting Point,115000,377.5,Pending Approval,Jo (Non-library for a C/D customer),No
C,New,Competitive,Direct,False,False,Starting Point,200000,590.0,Pending Approval,Jo (Non-library for a C/D customer),No
C,New,Competitive,Direct,False,False,Starting Point,1000000,2590.0,Pending Approval,Jo (Non-library for a C/D customer),No
C,New,Competitive,Direct,False,False,Creation/Unknown,0,25.0,Declined,,No
C,New,Competitive,Direct,False,False,Creation/Unknown,1,25.002499999999998,Declined,,No
C,New,Competitive,Direct,False,False,Creation/Unknown,1000,27.5,Declined,,No
C,New,Competitive,Direct,False,False,Creation/Unknown,30000,100.0,Pending Approval,,No
C,New,Competitive,Direct,False,False,Creation/Unknown,35000,112.5,Pending Approval,,No
C,New,Competitive,Direct,False,False,Creation/Unknown,100000,275.0,Auto-Approved,,No
C,New,Competitive,Direct,False,False,Creation/Unknown,115000,312.5,Auto-Approved,,No
C,New,Competitive,Direct,False,False,Creation/Unknown,200000,525.0,Auto-Approved,,No
C,New,Competitive,Direct,False,False,Creation/Unknown,1000000,2525.0,Auto-Approved,,No
C,New,Competitive,Direct,False,True,Library Only,0,225.0,Auto-Approved,,No
C,New,Competitive,Direct,False,True,Library Only,1,225.0025,Auto-Approved,,No
C,New,Competitive,Direct,False,True,Library Only,1000,227.5,Auto-Approved,,No
C,New,Competitive,Direct,False,True,Library Only,30000,300.0,Auto-Approved,,No
C,New,Competitive,Direct,False,True,Library Only,35000,312.5,Auto-Approved,,No
C,New,Competitive,Direct,False,True,Library Only,100000,475.0,Auto-Approved,,No
C,New,Competitive,Direct,False,True,Library Only,115000,512.5,Auto-Approved,,No
C,New,Competitive,Direct,False,True,Library Only,200000,725.0,Auto-Approved,,No
C,New,Competitive,Direct,False,True,Library Only,1000000,2725.0,Auto-Approved,,No
C,New,Competitive,Direct,False,True,Starting Point,0,190.0,Pending Approval,Jo (Non-library for a C/D customer),No
C,New,Competitive,Direct,False,True,Starting Point,1,190.0025,Pending Approval,Jo (Non-library for a C/D customer),No
C,New,Competitive,Direct,False,True,Starting Point,1000,192.5,Pending Approval,Jo (Non-library for a C/D customer),No
C,New,Competitive,Direct,False,True,Starting Point,30000,265.0,Pending Approval,Jo (Non-library for a C/D customer),No
C,New,Competitive,Direct,False,True,Starting Point,35000,277.5,Pending Approval,Jo (Non-library for a C/D customer),No
C,New,Competitive,Direct,False,True,Starting Point,100000,440.0,Pending Approval,Jo (Non-library for a C/D customer),No
C,New,Competitive,Direct,False,True,Starting Point,115000,477.5,Pending Approval,Jo (Non-library for a C/D customer),No
C,New,Competitive,Direct,False,True,Starting Point,200000,690.0,Pending Approval,Jo (Non-library for a C/D customer),No
C,New,Competitive,Direct,False,True,Starting Point,1000000,2690.0,Pending Approval,Jo (Non-library for a C/D customer),No
C,New,Competitive,Direct,False,True,Creation/Unknown,0,125.0,Auto-Approved,,No
C,New,Competitive,Direct,False,True,Creation/Unknown,1,125.0025,Auto-Approved,,No
C,New,Competitive,Direct,False,True,Creation/Unknown,1000,127.5,Auto-Approved,,No
C,New,Competitive,Direct,False,True,Creation/Unknown,30000,200.0,Auto-Approved,,No
C,New,Competitive,Direct,False,True,Creation/Unknown,35000,212.5,Auto-Approved,,No
C,New,Competitive,Direct,False,True,Creation/Unknown,100000,375.0,Auto-Approved,,No
C,New,Competitive,Direct,False,True,Creation/Unknown,115000,412.5,Auto-Approved,,No
C,New,Competitive,Direct,False,True,Creation/Unknown,200000,625.0,Auto-Approved,,No
C,New,Competitive,Direct,False,True,Creation/Unknown,1000000,2625.0,Auto-Approved,,No
C,New,Competitive,Direct,True,False,Library Only,0,125.0,Auto-Approved,,Yes
C,New,Competitive,Direct,True,False,Library Only,1,125.0025,Auto-Approved,,Yes
C,New,Competitive,Direct,True,False,Library Only,1000,127.5,Auto-Approved,,Yes
C,New,Competitive,Direct,True,False,Library Only,30000,200.0,Auto-Approved,,Yes
C,New,Competitive,Direct,True,False,Library Only,35000,212.5,Auto-Approved,,Yes
C,New,Competitive,Direct,True,False,Library Only,100000,375.0,Auto-Approved,,Yes
C,New,Competitive,Direct,True,False,Library Only,115000,412.5,Auto-Approved,,Yes
C,New,Competitive,Direct,True,False,Library Only,200000,625.0,Auto-Approved,,Yes
C,New,Competitive,Direct,True,False,Library Only,1000000,2625.0,Auto-Approved,,Yes
C,New,Competitive,Direct,True,False,Starting Point,0,90.0,Auto-Approved,Jo (Non-library for a C/D customer),Yes
C,New,Competitive,Direct,True,False,Starting Point,1,90.0025,Auto-Approved,Jo (Non-library for a C/D customer),Yes
C,New,Competitive,Direct,True,False,Starting Point,1000,92.5,Auto-Approved,Jo (Non-library for a C/D customer),Yes
C,New,Competitive,Direct,True,False,Starting Point,30000,165.0,Auto-Approved,Jo (Non-library for a C/D customer),Yes
C,New,Competitive,Direct,True,False,Starting Point,35000,177.5,Auto-Approved,Jo (Non-library for a C/D customer),Yes
C,New,Competitive,Direct,True,False,Starting Point,100000,340.0,Auto-Approved,Jo (Non-library for a C/D customer),Yes
C,New,Competitive,Direct,True,False,Starting Point,115000,377.5,Auto-Approved,Jo (Non-library for a C/D customer),Yes
C,New,Competitive,Direct,True,False,Starting Point,200000,590.0,Auto-Approved,Jo (Non-library for a C/D customer),Yes
C,New,Competitive,Direct,True,False,Starting Point,1000000,2590.0,Auto-Approved,Jo (Non-library for a C/D customer),Yes
C,New,Competitive,Direct,True,False,Creation/Unknown,0,25.0,Auto-Approved,,Yes
C,New,Competitive,Direct,True,False,Creation/Unknown,1,25.002499999999998,Auto-Approved,,Yes
C,New,Competitive,Direct,True,False,Creation/Unknown,1000,27.5,Auto-Approved,,Yes
C,New,Competitive,Direct,True,False,Creation/Unknown,30000,100.0,Auto-Approved,,Yes
C,New,Competitive,Direct,True,False,Creation/Unknown,35000,112.5,Auto-Approved,,Yes
C,New,Competitive,Direct,True,False,Creation/Unknown,100000,275.0,Auto-Approved,,Yes
C,New,Competitive,Direct,True,False,Creation/Unknown,115000,312.5,Auto-Approved,,Yes
C,New,Competitive,Direct,True,False,Creation/Unknown,200000,525.0,Auto-Approved,,Yes
C,New,Competitive,Direct,True,False,Creation/Unknown,1000000,2525.0,Auto-Approved,,Yes
C,New,Competitive,Direct,True,True,Library Only,0,225.0,Auto-Approved,,Yes
C,New,Competitive,Direct,True,True,Library Only,1,225.0025,Auto-Approved,,Yes
C,New,Competitive,Direct,True,True,Library Only,1000,227.5,Auto-Approved,,Yes
C,New,Competitive,Direct,True,True,Library Only,30000,300.0,Auto-Approved,,Yes
C,New,Competitive,Direct,True,True,Library Only,35000,312.5,Auto-Approved,,Yes
C,New,Competitive,Direct,True,True,Library Only,100000,475.0,Auto-Approved,,Yes
C,New,Competitive,Direct,True,True,Library Only,115000,512.5,Auto-Approved,,Yes
C,New,Competitive,Direct,True,True,Library Only,200000,725.0,Auto-Approved,,Yes
C,New,Competitive,Direct,True,True,Library Only,1000000,2725.0,Auto-Approved,,Yes
C,New,Competitive,Direct,True,True,Starting Point,0,190.0,Auto-Approved,Jo (Non-library for a C/D customer),Yes
C,New,Competitive,Direct,True,True,Starting Point,1,190.0025,Auto-Approved,Jo (Non-library for a C/D customer),Yes
C,New,Competitive,Direct,True,True,Starting Point,1000,192.5,Auto-Approved,Jo (Non-library for a C/D customer),Yes
C,New,Competitive,Direct,True,True,Starting Point,30000,265.0,Auto-Approved,Jo (Non-library for a C/D customer),Yes
C,New,Competitive,Direct,True,True,Starting Point,35000,277.5,Auto-Approved,Jo (Non-library for a C/D customer),Yes
C,New,Competitive,Direct,True,True,Starting Point,100000,440.0,Auto-Approved,Jo (Non-library for a C/D customer),Yes
C,New,Competitive,Direct,True,True,Starting Point,115000,477.5,Auto-Approved,Jo (Non-library for a C/D customer),Yes
C,New,Competitive,Direct,True,True,Starting Point,200000,690.0,Auto-Approved,Jo (Non-library for a C/D customer),Yes
C,New,Competitive,Direct,True,True,Starting Point,1000000,2690.0,Auto-Approved,Jo (Non-library for a C/D customer),Yes
C,New,Competitive,Direct,True,True,Creation/Unknown,0,125.0,Auto-Approved,,Yes
C,New,Competitive,Direct,True,True,Creation/Unknown,1,125.0025,Auto-Approved,,Yes
C,New,Competitive,Direct,True,True,Creation/Unknown,1000,127.5,Auto-Approved,,Yes
C,New,Competitive,Direct,True,True,Creation/Unknown,30000,200.0,Auto-Approved,,Yes
C,New,Competitive,Direct,True,True,Creation/Unknown,35000,212.5,Auto-Approved,,Yes
C,New,Competitive,Direct,True,True,Creation/Unknown,100000,375.0,Auto-Approved,,Yes
C,New,Competitive,Direct,True,True,Creation/Unknown,115000,412.5,Auto-Approved,,Yes
C,New,Competitive,Direct,True,True,Creation/Unknown,200000,625.0,Auto-Approved,,Yes
C,New,Competitive,Direct,True,True,Creation/Unknown,1000000,2625.0,Auto-Approved,,Yes
C,New,Competitive,Deferred/Unknown,False,False,Library Only,0,125.0,Auto-Approved,,No
C,New,Competitive,Deferred/Unknown,False,False,Library Only,1,125.002,Auto-Approved,,No
C,New,Competitive,Deferred/Unknown,False,False,Library Only,1000,127.0,Auto-Approved,,No
C,New,Competitive,Deferred/Unknown,False,False,Library Only,30000,185.0,Auto-Approved,,No
C,New,Competitive,Deferred/Unknown,False,False,Library Only,35000,195.0,Auto-Approved,,No
C,New,Competitive,Deferred/Unknown,False,False,Library Only,100000,325.0,Auto-Approved,,No
C,New,Competitive,Deferred/Unknown,False,False,Library Only,115000,355.0,Auto-Approved,,No
C,New,Competitive,Deferred/Unknown,False,False,Library Only,200000,525.0,Auto-Approved,,No
C,New,Competitive,Deferred/Unknown,False,False,Library Only,1000000,2125.0,Auto-Approved,,No
C,New,Competitive,Deferred/Unknown,False,False,Starting Point,0,90.0,Pending Approval,Jo (Non-library for a C/D customer),No
C,New,Competitive,Deferred/Unknown,False,False,Starting Point,1,90.002,Pending Approval,Jo (Non-library for a C/D customer),No
C,New,Competitive,Deferred/Unknown,False,False,Starting Point,1000,92.0,Pending Approval,Jo (Non-library for a C/D customer),No
C,New,Competitive,Deferred/Unknown,False,False,Starting Point,30000,150.0,Pending Approval,Jo (Non-library for a C/D customer),No
C,New,Competitive,Deferred/Unknown,False,False,Starting Point,35000,160.0,Pending Approval,Jo (Non-library for a C/D customer),No
C,New,Competitive,Deferred/Unknown,False,False,Starting Point,100000,290.0,Pending Approval,Jo (Non-library for a C/D customer),No
C,New,Competitive,Deferred/Unknown,False,False,Starting Point,115000,320.0,Pending Approval,Jo (Non-library for a C/D customer),No
C,New,Competitive,Deferred/Unknown,False,False,Starting Point,200000,490.0,Pending Approval,Jo (Non-library for a C/D customer),No
C,New,Competitive,Deferred/Unknown,False,False,Starting Point,1000000,2090.0,Pending Approval,Jo (Non-library for a C/D customer),No
C,New,Competitive,Deferred/Unknown,False,False,Creation/Unknown,0,25.0,Declined,,No
C,New,Competitive,Deferred/Unknown,False,False,Creation/Unknown,1,25.002000000000002,Declined,,No
C,New,Competitive,Deferred/Unknown,False,False,Creation/Unknown,1000,27.0,Declined,,No
C,New,Competitive,Deferred/Unknown,False,False,Creation/Unknown,30000,85.0,Pending Approval,,No
C,New,Competitive,Deferred/Unknown,False,False,Creation/Unknown,35000,95.0,Pending Approval,,No
C,New,Competitive,Deferred/Unknown,False,False,Creation/Unknown,100000,225.0,Auto-Approved,,No
C,New,Competitive,Deferred/Unknown,False,False,Creation/Unknown,115000,255.0,Auto-Approved,,No
C,New,Competitive,Deferred/Unknown,False,False,Creation/Unknown,200000,425.0,Auto-Approved,,No
C,New,Competitive,Deferred/Unknown,False,False,Creation/Unknown,1000000,2025.0,Auto-Approved,,No
C,New,Competitive,Deferred/Unknown,False,True,Library Only,0,225.0,Auto-Approved,,No
C,New,Competitive,Deferred/Unknown,False,True,Library Only,1,225.002,Auto-Approved,,No
C,New,Competitive,Deferred/Unknown,False,True,Library Only,1000,227.0,Auto-Approved,,No
C,New,Competitive,Deferred/Unknown,False,True,Library Only,30000,285.0,Auto-Approved,,No
C,New,Competitive,Deferred/Unknown,False,True,Library Only,35000,295.0,Auto-Approved,,No
C,New,Competitive,Deferred/Unknown,False,True,Library Only,100000,425.0,Auto-Approved,,No
C,New,Competitive,Deferred/Unknown,False,True,Library Only,115000,455.0,Auto-Approved,,No
C,New,Competitive,Deferred/Unknown,False,True,Library Only,200000,625.0,Auto-Approved,,No
C,New,Competitive,Deferred/Unknown,False,True,Library Only,1000000,2225.0,Auto-Approved,,No
C,New,Competitive,Deferred/Unknown,False,True,Starting Point,0,190.0,Pending Approval,Jo (Non-library for a C/D customer),No
C,New,Competitive,Deferred/Unknown,False,True,Starting Point,1,190.002,Pending Approval,Jo (Non-library for a C/D customer),No
C,New,Competitive,Deferred/Unknown,False,True,Starting Point,1000,192.0,Pending Approval,Jo (Non-library for a C/D customer),No
C,New,Competitive,Deferred/Unknown,False,True,Starting Point,30000,250.0,Pending Approval,Jo (Non-library for a C/D customer),No
C,New,Competitive,Deferred/Unknown,False,True,Starting Point,35000,260.0,Pending Approval,Jo (Non-library for a C/D customer),No
C,New,Competitive,Deferred/Unknown,False,True,Starting Point,100000,390.0,Pending Approval,Jo (Non-library for a C/D customer),No
C,New,Competitive,Deferred/Unknown,False,True,Starting Point,115000,420.0,Pending Approval,Jo (Non-library for a C/D customer),No
C,New,Competitive,Deferred/Unknown,False,True,Starting Point,200000,590.0,Pending Approval,Jo (Non-library for a C/D customer),No
C,New,Competitive,Deferred/Unknown,False,True,Starting Point,1000000,2190.0,Pending Approval,Jo (Non-library for a C/D customer),No
C,New,Competitive,Deferred/Unknown,False,True,Creation/Unknown,0,125.0,Auto-Approved,,No
C,New,Competitive,Deferred/Unknown,False,True,Creation/Unknown,1,125.002,Auto-Approved,,No
C,New,Competitive,Deferred/Unknown,False,True,Creation/Unknown,1000,127.0,Auto-Approved,,No
C,New,Competitive,Deferred/Unknown,False,True,Creation/Unknown,30000,185.0,Auto-Approved,,No
C,New,Competitive,Deferred/Unknown,False,True,Creation/Unknown,35000,195.0,Auto-Approved,,No
C,New,Competitive,Deferred/Unknown,False,True,Creation/Unknown,100000,325.0,Auto-Approved,,No
C,New,Competitive,Deferred/Unknown,False,True,Creation/Unknown,115000,355.0,Auto-Approved,,No
C,New,Competitive,Deferred/Unknown,False,True,Creation/Unknown,200000,525.0,Auto-Approved,,No
C,New,Competitive,Deferred/Unknown,False,True,Creation/Unknown,1000000,2125.0,Auto-Approved,,No
C,New,Competitive,Deferred/Unknown,True,False,Library Only,0,125.0,Auto-Approved,,Yes
C,New,Competitive,Deferred/Unknown,True,False,Library Only,1,125.002,Auto-Approved,,Yes
C,New,Competitive,Deferred/Unknown,True,False,Library Only,1000,127.0,Auto-Approved,,Yes
C,New,Competitive,Deferred/Unknown,True,False,Library Only,30000,185.0,Auto-Approved,,Yes
C,New,Competitive,Deferred/Unknown,True,False,Library Only,35000,195.0,Auto-Approved,,Yes
C,New,Competitive,Deferred/Unknown,True,False,Library Only,100000,325.0,Auto-Approved,,Yes
C,New,Competitive,Deferred/Unknown,True,False,Library Only,115000,355.0,Auto-Approved,,Yes
C,New,Competitive,Deferred/Unknown,True,False,Library Only,200000,525.0,Auto-Approved,,Yes
C,New,Competitive,Deferred/Unknown,True,False,Library Only,1000000,2125.0,Auto-Approved,,Yes
C,New,Competitive,Deferred/Unknown,True,False,Starting Point,0,90.0,Auto-Approved,Jo (Non-library for a C/D customer),Yes
C,New,Competitive,Deferred/Unknown,True,False,Starting Point,1,90.002,Auto-Approved,Jo (Non-library for a C/D customer),Yes
C,New,Competitive,Deferred/Unknown,True,False,Starting Point,1000,92.0,Auto-Approved,Jo (Non-library for a C/D customer),Yes
C,New,Competitive,Deferred/Unknown,True,False,Starting Point,30000,150.0,Auto-Approved,Jo (Non-library for a C/D customer),Yes
C,New,Competitive,Deferred/Unknown,True,False,Starting Point,35000,160.0,Auto-Approved,Jo (Non-library for a C/D customer),Yes
C,New,Competitive,Deferred/Unknown,True,False,Starting Point,100000,290.0,Auto-Approved,Jo (Non-library for a C/D customer),Yes
C,New,Competitive,Deferred/Unknown,True,False,Starting Point,115000,320.0,Auto-Approved,Jo (Non-library for a C/D customer),Yes
C,New,Competitive,Deferred/Unknown,True,False,Starting Point,200000,490.0,Auto-Approved,Jo (Non-library for a C/D customer),Yes
C,New,Competitive,Deferred/Unknown,True,False,Starting Point,1000000,2090.0,Auto-Approved,Jo (Non-library for a C/D customer),Yes
C,New,Competitive,Deferred/Unknown,True,False,Creation/Unknown,0,25.0,Auto-Approved,,Yes
C,New,Competitive,Deferred/Unknown,True,False,Creation/Unknown,1,25.002000000000002,Auto-Approved,,Yes
C,New,Competitive,Deferred/Unknown,True,False,Creation/Unknown,1000,27.0,Auto-Approved,,Yes
C,New,Competitive,Deferred/Unknown,True,False,Creation/Unknown,30000,85.0,Auto-Approved,,Yes
C,New,Competitive,Deferred/Unknown,True,False,Creation/Unknown,35000,95.0,Auto-Approved,,Yes
C,New,Competitive,Deferred/Unknown,True,False,Creation/Unknown,100000,225.0,Auto-Approved,,Yes
C,New,Competitive,Deferred/Unknown,True,False,Creation/Unknown,115000,255.0,Auto-Approved,,Yes
C,New,Competitive,Deferred/Unknown,True,False,Creation/Unknown,200000,425.0,Auto-Approved,,Yes
C,New,Competitive,Deferred/Unknown,True,False,Creation/Unknown,1000000,2025.0,Auto-Approved,,Yes
C,New,Competitive,Deferred/Unknown,True,True,Library Only,0,225.0,Auto-Approved,,Yes
C,New,Competitive,Deferred/Unknown,True,True,Library Only,1,225.002,Auto-Approved,,Yes
C,New,Competitive,Deferred/Unknown,True,True,Library Only,1000,227.0,Auto-Approved,,Yes
C,New,Competitive,Deferred/Unknown,True,True,Library Only,30000,285.0,Auto-Approved,,Yes
C,New,Competitive,Deferred/Unknown,True,True,Library Only,35000,295.0,Auto-Approved,,Yes
C,New,Competitive,Deferred/Unknown,True,True,Library Only,100000,425.0,Auto-Approved,,Yes
C,New,Competitive,Deferred/Unknown,True,True,Library Only,115000,455.0,Auto-Approved,,Yes
C,New,Competitive,Deferred/Unknown,True,True,Library Only,200000,625.0,Auto-Approved,,Yes
C,New,Competitive,Deferred/Unknown,True,True,Library Only,1000000,2225.0,Auto-Approved,,Yes
C,New,Competitive,Deferred/Unknown,True,True,Starting Point,0,190.0,Auto-Approved,Jo (Non-library for a C/D customer),Yes
C,New,Competitive,Deferred/Unknown,True,True,Starting Point,1,190.002,Auto-Approved,Jo (Non-library for a C/D customer),Yes
C,New,Competitive,Deferred/Unknown,True,True,Starting Point,1000,192.0,Auto-Approved,Jo (Non-library for a C/D customer),Yes
C,New,Competitive,Deferred/Unknown,True,True,Starting Point,30000,250.0,Auto-Approved,Jo (Non-library for a C/D customer),Yes
C,New,Competitive,Deferred/Unknown,True,True,Starting Point,35000,260.0,Auto-Approved,Jo (Non-library for a C/D customer),Yes
C,New,Competitive,Deferred/Unknown,True,True,Starting Point,100000,390.0,Auto-Approved,Jo (Non-library for a C/D customer),Yes
C,New,Competitive,Deferred/Unknown,True,True,Starting Point,115000,420.0,Auto-Approved,Jo (Non-library for a C/D customer),Yes
C,New,Competitive,Deferred/Unknown,True,True,Starting Point,200000,590.0,Auto-Approved,Jo (Non-library for a C/D customer),Yes
C,New,Competitive,Deferred/Unknown,True,True,Starting Point,1000000,2190.0,Auto-Approved,Jo (Non-library for a C/D customer),Yes
C,New,Competitive,Deferred/Unknown,True,True,Creation/Unknown,0,125.0,Auto-Approved,,Yes
C,New,Competitive,Deferred/Unknown,True,True,Creation/Unknown,1,125.002,Auto-Approved,,Yes
C,New,Competitive,Deferred/Unknown,True,True,Creation/Unknown,1000,127.0,Auto-Approved,,Yes
C,New,Competitive,Deferred/Unknown,True,True,Creation/Unknown,30000,185.0,Auto-Approved,,Yes
C,New,Competitive,Deferred/Unknown,True,True,Creation/Unknown,35000,195.0,Auto-Approved,,Yes
C,New,Competitive,Deferred/Unknown,True,True,Creation/Unknown,100000,325.0,Auto-Approved,,Yes
C,New,Competitive,Deferred/Unknown,True,True,Creation/Unknown,115000,355.0,Auto-Approved,,Yes
C,New,Competitive,Deferred/Unknown,True,True,Creation/Unknown,200000,525.0,Auto-Approved,,Yes
C,New,Competitive,Deferred/Unknown,True,True,Creation/Unknown,1000000,2125.0,Auto-Approved,,Yes
C,New,ProActive,Direct,False,False,Library Only,0,125.0,Auto-Approved,,No
C,New,ProActive,Direct,False,False,Library Only,1,125.002,Auto-Approved,,No
C,New,ProActive,Direct,False,False,Library Only,1000,127.0,Auto-Approved,,No
C,New,ProActive,Direct,False,False,Library Only,30000,185.0,Auto-Approved,,No
C,New,ProActive,Direct,False,False,Library Only,35000,195.0,Auto-Approved,,No
C,New,ProActive,Direct,False,False,Library Only,100000,325.0,Auto-Approved,,No
C,New,ProActive,Direct,False,False,Library Only,115000,355.0,Auto-Approved,,No
C,New,ProActive,Direct,False,False,Library Only,200000,525.0,Auto-Approved,,No
C,New,ProActive,Direct,False,False,Library Only,1000000,2125.0,Auto-Approved,,No
C,New,ProActive,Direct,False,False,Starting Point,0,90.0,Pending Approval,Jo (Non-library for a C/D customer),No
C,New,ProActive,Direct,False,False,Starting Point,1,90.002,Pending Approval,Jo (Non-library for a C/D customer),No
C,New,ProActive,Direct,False,False,Starting Point,1000,92.0,Pending Approval,Jo (Non-library for a C/D customer),No
C,New,ProActive,Direct,False,False,Starting Point,30000,150.0,Pending Approval,Jo (Non-library for a C/D customer),No
C,New,ProActive,Direct,False,False,Starting Point,35000,160.0,Pending Approval,Jo (Non-library for a C/D customer),No
C,New,ProActive,Direct,False,False,Starting Point,100000,290.0,Pending Approval,Jo (Non-library for a C/D customer),No
C,New,ProActive,Direct,False,False,Starting Point,115000,320.0,Pending Approval,Jo (Non-library for a C/D customer),No
C,New,ProActive,Direct,False,False,Starting Point,200000,490.0,Pending Approval,Jo (Non-library for a C/D customer),No
C,New,ProActive,Direct,False,False,Starting Point,1000000,2090.0,Pending Approval,Jo (Non-library for a C/D customer),No
C,New,ProActive,Direct,False,False,Creation/Unknown,0,25.0,Declined,,No
C,New,ProActive,Direct,False,False,Creation/Unknown,1,25.002,Declined,,No
C,New,ProActive,Direct,False,False,Creation/Unknown,1000,27.0,Declined,,No
C,New,ProActive,Direct,False,False,Creation/Unknown,30000,85.0,Pending Approval,,No
C,New,ProActive,Direct,False,False,Creation/Unknown,35000,95.0,Pending Approval,,No
C,New,ProActive,Direct,False,False,Creation/Unknown,100000,225.0,Auto-Approved,,No
C,New,ProActive,Direct,False,False,Creation/Unknown,115000,255.0,Auto-Approved,,No
C,New,ProActive,Direct,False,False,Creation/Unknown,200000,425.0,Auto-Approved,,No
C,New,ProActive,Direct,False,False,Creation/Unknown,1000000,2025.0,Auto-Approved,,No
C,New,ProActive,Direct,False,True,Library Only,0,225.0,Auto-Approved,,No
C,New,ProActive,Direct,False,True,Library Only,1,225.002,Auto-Approved,,No
C,New,ProActive,Direct,False,True,Library Only,1000,227.0,Auto-Approved,,No
C,New,ProActive,Direct,False,True,Library Only,30000,285.0,Auto-Approved,,No
C,New,ProActive,Direct,False,True,Library Only,35000,295.0,Auto-Approved,,No
C,New,ProActive,Direct,False,True,Library Only,100000,425.0,Auto-Approved,,No
C,New,ProActive,Direct,False,True,Library Only,115000,455.0,Auto-Approved,,No
C,New,ProActive,Direct,False,True,Library Only,200000,625.0,Auto-Approved,,No
C,New,ProActive,Direct,False,True,Library Only,1000000,2225.0,Auto-Approved,,No
C,New,ProActive,Direct,False,True,Starting Point,0,190.0,Pending Approval,Jo (Non-library for a C/D customer),No
C,New,ProActive,Direct,False,True,Starting Point,1,190.002,Pending Approval,Jo (Non-library for a C/D customer),No
C,New,ProActive,Direct,False,True,Starting Point,1000,192.0,Pending Approval,Jo (Non-library for a C/D customer),No
C,New,ProActive,Direct,False,True,Starting Point,30000,250.0,Pending Approval,Jo (Non-library for a C/D customer),No
C,New,ProActive,Direct,False,True,Starting Point,35000,260.0,Pending Approval,Jo (Non-library for a C/D customer),No
C,New,ProActive,Direct,False,True,Starting Point,100000,390.0,Pending Approval,Jo (Non-library for a C/D customer),No
C,New,ProActive,Direct,False,True,Starting Point,115000,420.0,Pending Approval,Jo (Non-library for a C/D customer),No
C,New,ProActive,Direct,False,True,Starting Point,200000,590.0,Pending Approval,Jo (Non-library for a C/D customer),No
C,New,ProActive,Direct,False,True,Starting Point,1000000,2190.0,Pending Approval,Jo (Non-library for a C/D customer),No
C,New,ProActive,Direct,False,True,Creation/Unknown,0,125.0,Auto-Approved,,No
C,New,ProActive,Direct,False,True,Creation/Unknown,1,125.002,Auto-Approved,,No
C,New,ProActive,Direct,False,True,Creation/Unknown,1000,127.0,Auto-Approved,,No
C,New,ProActive,Direct,False,True,Creation/Unknown,30000,185.0,Auto-Approved,,No
C,New,ProActive,Direct,False,True,Creation/Unknown,35000,195.0,Auto-Approved,,No
C,New,ProActive,Direct,False,True,Creation/Unknown,100000,325.0,Auto-Approved,,No
C,New,ProActive,Direct,False,True,Creation/Unknown,115000,355.0,Auto-Approved,,No
C,New,ProActive,Direct,False,True,Creation/Unknown,200000,525.0,Auto-Approved,,No
C,New,ProActive,Direct,False,True,Creation/Unknown,1000000,2125.0,Auto-Approved,,No
C,New,ProActive,Direct,True,False,Library Only,0,125.0,Auto-Approved,,Yes
C,New,ProActive,Direct,True,False,Library Only,1,125.002,Auto-Approved,,Yes
C,New,ProActive,Direct,True,False,Library Only,1000,127.0,Auto-Approved,,Yes
C,New,ProActive,Direct,True,False,Library Only,30000,185.0,Auto-Approved,,Yes
C,New,ProActive,Direct,True,False,Library Only,35000,195.0,Auto-Approved,,Yes
C,New,ProActive,Direct,True,False,Library Only,100000,325.0,Auto-Approved,,Yes
C,New,ProActive,Direct,True,False,Library Only,115000,355.0,Auto-Approved,,Yes
C,New,ProActive,Direct,True,False,Library Only,200000,525.0,Auto-Approved,,Yes
C,New,ProActive,Direct,True,False,Library Only,1000000,2125.0,Auto-Approved,,Yes
C,New,ProActive,Direct,True,False,Starting Point,0,90.0,Auto-Approved,Jo (Non-library for a C/D customer),Yes
C,New,ProActive,Direct,True,False,Starting Point,1,90.002,Auto-Approved,Jo (Non-library for a C/D customer),Yes
C,New,ProActive,Direct,True,False,Starting Point,1000,92.0,Auto-Approved,Jo (Non-library for a C/D customer),Yes
C,New,ProActive,Direct,True,False,Starting Point,30000,150.0,Auto-Approved,Jo (Non-library for a C/D customer),Yes
C,New,ProActive,Direct,True,False,Starting Point,35000,160.0,Auto-Approved,Jo (Non-library for a C/D customer),Yes
C,New,ProActive,Direct,True,False,Starting Point,100000,290.0,Auto-Approved,Jo (Non-library for a C/D customer),Yes
C,New,ProActive,Direct,True,False,Starting Point,115000,320.0,Auto-Approved,Jo (Non-library for a C/D customer),Yes
C,New,ProActive,Direct,True,False,Starting Point,200000,490.0,Auto-Approved,Jo (Non-library for a C/D customer),Yes
C,New,ProActive,Direct,True,False,Starting Point,1000000,2090.0,Auto-Approved,Jo (Non-library for a C/D customer),Yes
C,New,ProActive,Direct,True,False,Creation/Unknown,0,25.0,Auto-Approved,,Yes
C,New,ProActive,Direct,True,False,Creation/Unknown,1,25.002,Auto-Approved,,Yes
C,New,ProActive,Direct,True,False,Creation/Unknown,1000,27.0,Auto-Approved,,Yes
C,New,ProActive,Direct,True,False,Creation/Unknown,30000,85.0,Auto-Approved,,Yes
C,New,ProActive,Direct,True,False,Creation/Unknown,35000,95.0,Auto-Approved,,Yes
C,New,ProActive,Direct,True,False,Creation/Unknown,100000,225.0,Auto-Approved,,Yes
C,New,ProActive,Direct,True,False,Creation/Unknown,115000,255.0,Auto-Approved,,Yes
C,New,ProActive,Direct,True,False,Creation/Unknown,200000,425.0,Auto-Approved,,Yes
C,New,ProActive,Direct,True,False,Creation/Unknown,1000000,2025.0,Auto-Approved,,Yes
C,New,ProActive,Direct,True,True,Library Only,0,225.0,Auto-Approved,,Yes
C,New,ProActive,Direct,True,True,Library Only,1,225.002,Auto-Approved,,Yes
C,New,ProActive,Direct,True,True,Library Only,1000,227.0,Auto-Approved,,Yes
C,New,ProActive,Direct,True,True,Library Only,30000,285.0,Auto-Approved,,Yes
C,New,ProActive,Direct,True,True,Library Only,35000,295.0,Auto-Approved,,Yes
C,New,ProActive,Direct,True,True,Library Only,100000,425.0,Auto-Approved,,Yes
C,New,ProActive,Direct,True,True,Library Only,115000,455.0,Auto-Approved,,Yes
C,New,ProActive,Direct,True,True,Library Only,200000,625.0,Auto-Approved,,Yes
C,New,ProActive,Direct,True,True,Library Only,1000000,2225.0,Auto-Approved,,Yes
C,New,ProActive,Direct,True,True,Starting Point,0,190.0,Auto-Approved,Jo (Non-library for a C/D customer),Yes
C,New,ProActive,Direct,True,True,Starting Point,1,190.002,Auto-Approved,Jo (Non-library for a C/D customer),Yes
C,New,ProActive,Direct,True,True,Starting Point,1000,192.0,Auto-Approved,Jo (Non-library for a C/D customer),Yes
C,New,ProActive,Direct,True,True,Starting Point,30000,250.0,Auto-Approved,Jo (Non-library for a C/D customer),Yes
C,New,ProActive,Direct,True,True,Starting Point,35000,260.0,Auto-Approved,Jo (Non-library for a C/D customer),Yes
C,New,ProActive,Direct,True,True,Starting Point,100000,390.0,Auto-Approved,Jo (Non-library for a C/D customer),Yes
C,New,ProActive,Direct,True,True,Starting Point,115000,420.0,Auto-Approved,Jo (Non-library for a C/D customer),Yes
C,New,ProActive,Direct,True,True,Starting Point,200000,590.0,Auto-Approved,Jo (Non-library for a C/D customer),Yes
C,New,ProActive,Direct,True,True,Starting Point,1000000,2190.0,Auto-Approved,Jo (Non-library for a C/D customer),Yes
C,New,ProActive,Direct,True,True,Creation/Unknown,0,125.0,Auto-Approved,,Yes
C,New,ProActive,Direct,True,True,Creation/Unknown,1,125.002,Auto-Approved,,Yes
C,New,ProActive,Direct,True,True,Creation/Unknown,1000,127.0,Auto-Approved,,Yes
C,New,ProActive,Direct,True,True,Creation/Unknown,30000,185.0,Auto-Approved,,Yes
C,New,ProActive,Direct,True,True,Creation/Unknown,35000,195.0,Auto-Approved,,Yes
C,New,ProActive,Direct,True,True,Creation/Unknown,100000,325.0,Auto-Approved,,Yes
C,New,ProActive,Direct,True,True,Creation/Unknown,115000,355.0,Auto-Approved,,Yes
C,New,ProActive,Direct,True,True,Creation/Unknown,200000,525.0,Auto-Approved,,Yes
C,New,ProActive,Direct,True,True,Creation/Unknown,1000000,2125.0,Auto-Approved,,Yes
C,New,ProActive,Deferred/Unknown,False,False,Library Only,0,125.0,Auto-Approved,,No
C,New,ProActive,Deferred/Unknown,False,False,Library Only,1,125.0015,Auto-Approved,,No
C,New,ProActive,Deferred/Unknown,False,False,Library Only,1000,126.5,Auto-Approved,,No
C,New,ProActive,Deferred/Unknown,False,False,Library Only,30000,170.0,Auto-Approved,,No
C,New,ProActive,Deferred/Unknown,False,False,Library Only,35000,177.5,Auto-Approved,,No
C,New,ProActive,Deferred/Unknown,False,False,Library Only,100000,275.0,Auto-Approved,,No
C,New,ProActive,Deferred/Unknown,False,False,Library Only,115000,297.5,Auto-Approved,,No
C,New,ProActive,Deferred/Unknown,False,False,Library Only,200000,425.0,Auto-Approved,,No
C,New,ProActive,Deferred/Unknown,False,False,Library Only,1000000,1625.0,Auto-Approved,,No
C,New,ProActive,Deferred/Unknown,False,False,Starting Point,0,90.0,Pending Approval,Jo (Non-library for a C/D customer),No
C,New,ProActive,Deferred/Unknown,False,False,Starting Point,1,90.0015,Pending Approval,Jo (Non-library for a C/D customer),No
C,New,ProActive,Deferred/Unknown,False,False,Starting Point,1000,91.5,Pending Approval,Jo (Non-library for a C/D customer),No
C,New,ProActive,Deferred/Unknown,False,False,Starting Point,30000,135.0,Pending Approval,Jo (Non-library for a C/D customer),No
C,New,ProActive,Deferred/Unknown,False,False,Starting Point,35000,142.5,Pending Approval,Jo (Non-library for a C/D customer),No
C,New,ProActive,Deferred/Unknown,False,False,Starting Point,100000,240.0,Pending Approval,Jo (Non-library for a C/D customer),No
C,New,ProActive,Deferred/Unknown,False,False,Starting Point,115000,262.5,Pending Approval,Jo (Non-library for a C/D customer),No
C,New,ProActive,Deferred/Unknown,False,False,Starting Point,200000,390.0,Pending Approval,Jo (Non-library for a C/D customer),No
C,New,ProActive,Deferred/Unknown,False,False,Starting Point,1000000,1590.0,Pending Approval,Jo (Non-library for a C/D customer),No
C,New,ProActive,Deferred/Unknown,False,False,Creation/Unknown,0,25.0,Declined,,No
C,New,ProActive,Deferred/Unknown,False,False,Creation/Unknown,1,25.0015,Declined,,No
C,New,ProActive,Deferred/Unknown,False,False,Creation/Unknown,1000,26.5,Declined,,No
C,New,ProActive,Deferred/Unknown,False,False,Creation/Unknown,30000,70.0,Pending Approval,,No
C,New,ProActive,Deferred/Unknown,False,False,Creation/Unknown,35000,77.5,Pending Approval,,No
C,New,ProActive,Deferred/Unknown,False,False,Creation/Unknown,100000,175.0,Auto-Approved,,No
C,New,ProActive,Deferred/Unknown,False,False,Creation/Unknown,115000,197.5,Auto-Approved,,No
C,New,ProActive,Deferred/Unknown,False,False,Creation/Unknown,200000,325.0,Auto-Approved,,No
C,New,ProActive,Deferred/Unknown,False,False,Creation/Unknown,1000000,1525.0,Auto-Approved,,No
C,New,ProActive,Deferred/Unknown,False,True,Library Only,0,225.0,Auto-Approved,,No
C,New,ProActive,Deferred/Unknown,False,True,Library Only,1,225.0015,Auto-Approved,,No
C,New,ProActive,Deferred/Unknown,False,True,Library Only,1000,226.5,Auto-Approved,,No
C,New,ProActive,Deferred/Unknown,False,True,Library Only,30000,270.0,Auto-Approved,,No
C,New,ProActive,Deferred/Unknown,False,True,Library Only,35000,277.5,Auto-Approved,,No
C,New,ProActive,Deferred/Unknown,False,True,Library Only,100000,375.0,Auto-Approved,,No
C,New,ProActive,Deferred/Unknown,False,True,Library Only,115000,397.5,Auto-Approved,,No
C,New,ProActive,Deferred/Unknown,False,True,Library Only,200000,525.0,Auto-Approved,,No
C,New,ProActive,Deferred/Unknown,False,True,Library Only,1000000,1725.0,Auto-Approved,,No
C,New,ProActive,Deferred/Unknown,False,True,Starting Point,0,190.0,Pending Approval,Jo (Non-library for a C/D customer),No
C,New,ProActive,Deferred/Unknown,False,True,Starting Point,1,190.0015,Pending Approval,Jo (Non-library for a C/D customer),No
C,New,ProActive,Deferred/Unknown,False,True,Starting Point,1000,191.5,Pending Approval,Jo (Non-library for a C/D customer),No
C,New,ProActive,Deferred/Unknown,False,True,Starting Point,30000,235.0,Pending Approval,Jo (Non-library for a C/D customer),No
C,New,ProActive,Deferred/Unknown,False,True,Starting Point,35000,242.5,Pending Approval,Jo (Non-library for a C/D customer),No
C,New,ProActive,Deferred/Unknown,False,True,Starting Point,100000,340.0,Pending Approval,Jo (Non-library for a C/D customer),No
C,New,ProActive,Deferred/Unknown,False,True,Starting Point,115000,362.5,Pending Approval,Jo (Non-library for a C/D customer),No
C,New,ProActive,Deferred/Unknown,False,True,Starting Point,200000,490.0,Pending Approval,Jo (Non-library for a C/D customer),No
C,New,ProActive,Deferred/Unknown,False,True,Starting Point,1000000,1690.0,Pending Approval,Jo (Non-library for a C/D customer),No
C,New,ProActive,Deferred/Unknown,False,True,Creation/Unknown,0,125.0,Auto-Approved,,No
C,New,ProActive,Deferred/Unknown,False,True,Creation/Unknown,1,125.0015,Auto-Approved,,No
C,New,ProActive,Deferred/Unknown,False,True,Creation/Unknown,1000,126.5,Auto-Approved,,No
C,New,ProActive,Deferred/Unknown,False,True,Creation/Unknown,30000,170.0,Auto-Approved,,No
C,New,ProActive,Deferred/Unknown,False,True,Creation/Unknown,35000,177.5,Auto-Approved,,No
C,New,ProActive,Deferred/Unknown,False,True,Creation/Unknown,100000,275.0,Auto-Approved,,No
C,New,ProActive,Deferred/Unknown,False,True,Creation/Unknown,115000,297.5,Auto-Approved,,No
C,New,ProActive,Deferred/Unknown,False,True,Creation/Unknown,200000,425.0,Auto-Approved,,No
C,New,ProActive,Deferred/Unknown,False,True,Creation/Unknown,1000000,1625.0,Auto-Approved,,No
C,New,ProActive,Deferred/Unknown,True,False,Library Only,0,125.0,Auto-Approved,,Yes
C,New,ProActive,Deferred/Unknown,True,False,Library Only,1,125.0015,Auto-Approved,,Yes
C,New,ProActive,Deferred/Unknown,True,False,Library Only,1000,126.5,Auto-Approved,,Yes
C,New,ProActive,Deferred/Unknown,True,False,Library Only,30000,170.0,Auto-Approved,,Yes
C,New,ProActive,Deferred/Unknown,True,False,Library Only,35000,177.5,Auto-Approved,,Yes
C,New,ProActive,Deferred/Unknown,True,False,Library Only,100000,275.0,Auto-Approved,,Yes
C,New,ProActive,Deferred/Unknown,True,False,Library Only,115000,297.5,Auto-Approved,,Yes
C,New,ProActive,Deferred/Unknown,True,False,Library Only,200000,425.0,Auto-Approved,,Yes
C,New,ProActive,Deferred/Unknown,True,False,Library Only,1000000,1625.0,Auto-Approved,,Yes
C,New,ProActive,Deferred/Unknown,True,False,Starting Point,0,90.0,Auto-Approved,Jo (Non-library for a C/D customer),Yes
C,New,ProActive,Deferred/Unknown,True,False,Starting Point,1,90.0015,Auto-Approved,Jo (Non-library for a C/D customer),Yes
C,New,ProActive,Deferred/Unknown,True,False,Starting Point,1000,91.5,Auto-Approved,Jo (Non-library for a C/D customer),Yes
C,New,ProActive,Deferred/Unknown,True,False,Starting Point,30000,135.0,Auto-Approved,Jo (Non-library for a C/D customer),Yes
C,New,ProActive,Deferred/Unknown,True,False,Starting Point,35000,142.5,Auto-Approved,Jo (Non-library for a C/D customer),Yes
C,New,ProActive,Deferred/Unknown,True,False,Starting Point,100000,240.0,Auto-Approved,Jo (Non-library for a C/D customer),Yes
C,New,ProActive,Deferred/Unknown,True,False,Starting Point,115000,262.5,Auto-Approved,Jo (Non-library for a C/D customer),Yes
C,New,ProActive,Deferred/Unknown,True,False,Starting Point,200000,390.0,Auto-Approved,Jo (Non-library for a C/D customer),Yes
C,New,ProActive,Deferred/Unknown,True,False,Starting Point,1000000,1590.0,Auto-Approved,Jo (Non-library for a C/D customer),Yes
C,New,ProActive,Deferred/Unknown,True,False,Creation/Unknown,0,25.0,Auto-Approved,,Yes
C,New,ProActive,Deferred/Unknown,True,False,Creation/Unknown,1,25.0015,Auto-Approved,,Yes
C,New,ProActive,Deferred/Unknown,True,False,Creation/Unknown,1000,26.5,Auto-Approved,,Yes
C,New,ProActive,Deferred/Unknown,True,False,Creation/Unknown,30000,70.0,Auto-Approved,,Yes
C,New,ProActive,Deferred/Unknown,True,False,Creation/Unknown,35000,77.5,Auto-Approved,,Yes
C,New,ProActive,Deferred/Unknown,True,False,Creation/Unknown,100000,175.0,Auto-Approved,,Yes
C,New,ProActive,Deferred/Unknown,True,False,Creation/Unknown,115000,197.5,Auto-Approved,,Yes
C,New,ProActive,Deferred/Unknown,True,False,Creation/Unknown,200000,325.0,Auto-Approved,,Yes
C,New,ProActive,Deferred/Unknown,True,False,Creation/Unknown,1000000,1525.0,Auto-Approved,,Yes
C,New,ProActive,Deferred/Unknown,True,True,Library Only,0,225.0,Auto-Approved,,Yes
C,New,ProActive,Deferred/Unknown,True,True,Library Only,1,225.0015,Auto-Approved,,Yes
C,New,ProActive,Deferred/Unknown,True,True,Library Only,1000,226.5,Auto-Approved,,Yes
C,New,ProActive,Deferred/Unknown,True,True,Library Only,30000,270.0,Auto-Approved,,Yes
C,New,ProActive,Deferred/Unknown,True,True,Library Only,35000,277.5,Auto-Approved,,Yes
C,New,ProActive,Deferred/Unknown,True,True,Library Only,100000,375.0,Auto-Approved,,Yes
C,New,ProActive,Deferred/Unknown,True,True,Library Only,115000,397.5,Auto-Approved,,Yes
C,New,ProActive,Deferred/Unknown,True,True,Library Only,200000,525.0,Auto-Approved,,Yes
C,New,ProActive,Deferred/Unknown,True,True,Library Only,1000000,1725.0,Auto-Approved,,Yes
C,New,ProActive,Deferred/Unknown,True,True,Starting Point,0,190.0,Auto-Approved,Jo (Non-library for a C/D customer),Yes
C,New,ProActive,Deferred/Unknown,True,True,Starting Point,1,190.0015,Auto-Approved,Jo (Non-library for a C/D customer),Yes
C,New,ProActive,Deferred/Unknown,True,True,Starting Point,1000,191.5,Auto-Approved,Jo (Non-library for a C/D customer),Yes
C,New,ProActive,Deferred/Unknown,True,True,Starting Point,30000,235.0,Auto-Approved,Jo (Non-library for a C/D customer),Yes
C,New,ProActive,Deferred/Unknown,True,True,Starting Point,35000,242.5,Auto-Approved,Jo (Non-library for a C/D customer),Yes
C,New,ProActive,Deferred/Unknown,True,True,Starting Point,100000,340.0,Auto-Approved,Jo (Non-library for a C/D customer),Yes
C,New,ProActive,Deferred/Unknown,True,True,Starting Point,115000,362.5,Auto-Approved,Jo (Non-library for a C/D customer),Yes
C,New,ProActive,Deferred/Unknown,True,True,Starting Point,200000,490.0,Auto-Approved,Jo (Non-library for a C/D customer),Yes
C,New,ProActive,Deferred/Unknown,True,True,Starting Point,1000000,1690.0,Auto-Approved,Jo (Non-library for a C/D customer),Yes
C,New,ProActive,Deferred/Unknown,True,True,Creation/Unknown,0,125.0,Auto-Approved,,Yes
C,New,ProActive,Deferred/Unknown,True,True,Creation/Unknown,1,125.0015,Auto-Approved,,Yes
C,New,ProActive,Deferred/Unknown,True,True,Creation/Unknown,1000,126.5,Auto-Approved,,Yes
C,New,ProActive,Deferred/Unknown,True,True,Creation/Unknown,30000,170.0,Auto-Approved,,Yes
C,New,ProActive,Deferred/Unknown,True,True,Creation/Unknown,35000,177.5,Auto-Approved,,Yes
C,New,ProActive,Deferred/Unknown,True,True,Creation/Unknown,100000,275.0,Auto-Approved,,Yes
C,New,ProActive,Deferred/Unknown,True,True,Creation/Unknown,115000,297.5,Auto-Approved,,Yes
C,New,ProActive,Deferred/Unknown,True,True,Creation/Unknown,200000,425.0,Auto-Approved,,Yes
C,New,ProActive,Deferred/Unknown,True,True,Creation/Unknown,1000000,1625.0,Auto-Approved,,Yes
C,Rework (Of Selling),Exclusive,Direct,False,False,Library Only,0,125.0,Auto-Approved,,Yes
C,Rework (Of Selling),Exclusive,Direct,False,False,Library Only,1,125.0035,Auto-Approved,,Yes
C,Rework (Of Selling),Exclusive,Direct,False,False,Library Only,1000,128.5,Auto-Approved,,Yes
C,Rework (Of Selling),Exclusive,Direct,False,False,Library Only,30000,230.0,Auto-Approved,,Yes
C,Rework (Of Selling),Exclusive,Direct,False,False,Library Only,35000,247.5,Auto-Approved,,Yes
C,Rework (Of Selling),Exclusive,Direct,False,False,Library Only,100000,475.0,Auto-Approved,,Yes
C,Rework (Of Selling),Exclusive,Direct,False,False,Library Only,115000,527.5,Auto-Approved,,Yes
C,Rework (Of Selling),Exclusive,Direct,False,False,Library Only,200000,825.0,Auto-Approved,,Yes
C,Rework (Of Selling),Exclusive,Direct,False,False,Library Only,1000000,3625.0,Auto-Approved,,Yes
C,Rework (Of Selling),Exclusive,Direct,False,False,Starting Point,0,90.0,Auto-Approved,Jo (Non-library for a C/D customer),Yes
C,Rework (Of Selling),Exclusive,Direct,False,False,Starting Point,1,90.0035,Auto-Approved,Jo (Non-library for a C/D customer),Yes
C,Rework (Of Selling),Exclusive,Direct,False,False,Starting Point,1000,93.5,Auto-Approved,Jo (Non-library for a C/D customer),Yes
C,Rework (Of Selling),Exclusive,Direct,False,False,Starting Point,30000,195.0,Auto-Approved,Jo (Non-library for a C/D customer),Yes
C,Rework (Of Selling),Exclusive,Direct,False,False,Starting Point,35000,212.5,Auto-Approved,Jo (Non-library for a C/D customer),Yes
C,Rework (Of Selling),Exclusive,Direct,False,False,Starting Point,100000,440.0,Auto-Approved,Jo (Non-library for a C/D customer),Yes
C,Rework (Of Selling),Exclusive,Direct,False,False,Starting Point,115000,492.5,Auto-Approved,Jo (Non-library for a C/D customer),Yes
C,Rework (Of Selling),Exclusive,Direct,False,False,Starting Point,200000,790.0,Auto-Approved,Jo (Non-library for a C/D customer),Yes
C,Rework (Of Selling),Exclusive,Direct,False,False,Starting Point,1000000,3590.0,Auto-Approved,Jo (Non-library for a C/D customer),Yes
C,Rework (Of Selling),Exclusive,Direct,False,False,Creation/Unknown,0,25.0,Auto-Approved,,Yes
C,Rework (Of Selling),Exclusive,Direct,False,False,Creation/Unknown,1,25.0035,Auto-Approved,,Yes
C,Rework (Of Selling),Exclusive,Direct,False,False,Creation/Unknown,1000,28.5,Auto-Approved,,Yes
C,Rework (Of Selling),Exclusive,Direct,False,False,Creation/Unknown,30000,130.0,Auto-Approved,,Yes
C,Rework (Of Selling),Exclusive,Direct,False,False,Creation/Unknown,35000,147.5,Auto-Approved,,Yes
C,Rework (Of Selling),Exclusive,Direct,False,False,Creation/Unknown,100000,375.0,Auto-Approved,,Yes
C,Rework (Of Selling),Exclusive,Direct,False,False,Creation/Unknown,115000,427.5,Auto-Approved,,Yes
C,Rework (Of Selling),Exclusive,Direct,False,False,Creation/Unknown,200000,725.0,Auto-Approved,,Yes
C,Rework (Of Selling),Exclusive,Direct,False,False,Creation/Unknown,1000000,3525.0,Auto-Approved,,Yes
C,Rework (Of Selling),Exclusive,Direct,False,True,Library Only,0,225.0,Auto-Approved,,Yes
C,Rework (Of Selling),Exclusive,Direct,False,True,Library Only,1,225.0035,Auto-Approved,,Yes
C,Rework (Of Selling),Exclusive,Direct,False,True,Library Only,1000,228.5,Auto-Approved,,Yes
C,Rework (Of Selling),Exclusive,Direct,False,True,Library Only,30000,330.0,Auto-Approved,,Yes
C,Rework (Of Selling),Exclusive,Direct,False,True,Library Only,35000,347.5,Auto-Approved,,Yes
C,Rework (Of Selling),Exclusive,Direct,False,True,Library Only,100000,575.0,Auto-Approved,,Yes
C,Rework (Of Selling),Exclusive,Direct,False,True,Library Only,115000,627.5,Auto-Approved,,Yes
C,Rework (Of Selling),Exclusive,Direct,False,True,Library Only,200000,925.0,Auto-Approved,,Yes
C,Rework (Of Selling),Exclusive,Direct,False,True,Library Only,1000000,3725.0,Auto-Approved,,Yes
C,Rework (Of Selling),Exclusive,Direct,False,True,Starting Point,0,190.0,Auto-Approved,Jo (Non-library for a C/D customer),Yes
C,Rework (Of Selling),Exclusive,Direct,False,True,Starting Point,1,190.0035,Auto-Approved,Jo (Non-library for a C/D customer),Yes
C,Rework (Of Selling),Exclusive,Direct,False,True,Starting Point,1000,193.5,Auto-Approved,Jo (Non-library for a C/D customer),Yes
C,Rework (Of Selling),Exclusive,Direct,False,True,Starting Point,30000,295.0,Auto-Approved,Jo (Non-library for a C/D customer),Yes
C,Rework (Of Selling),Exclusive,Direct,False,True,Starting Point,35000,312.5,Auto-Approved,Jo (Non-library for a C/D customer),Yes
C,Rework (Of Selling),Exclusive,Direct,False,True,Starting Point,100000,540.0,Auto-Approved,Jo (Non-library for a C/D customer),Yes
C,Rework (Of Selling),Exclusive,Direct,False,True,Starting Point,115000,592.5,Auto-Approved,Jo (Non-library for a C/D customer),Yes
C,Rework (Of Selling),Exclusive,Direct,False,True,Starting Point,200000,890.0,Auto-Approved,Jo (Non-library for a C/D customer),Yes
C,Rework (Of Selling),Exclusive,Direct,False,True,Starting Point,1000000,3690.0,Auto-Approved,Jo (Non-library for a C/D customer),Yes
C,Rework (Of Selling),Exclusive,Direct,False,True,Creation/Unknown,0,125.0,Auto-Approved,,Yes
C,Rework (Of Selling),Exclusive,Direct,False,True,Creation/Unknown,1,125.0035,Auto-Approved,,Yes
C,Rework (Of Selling),Exclusive,Direct,False,True,Creation/Unknown,1000,128.5,Auto-Approved,,Yes
C,Rework (Of Selling),Exclusive,Direct,False,True,Creation/Unknown,30000,230.0,Auto-Approved,,Yes
C,Rework (Of Selling),Exclusive,Direct,False,True,Creation/Unknown,35000,247.5,Auto-Approved,,Yes
C,Rework (Of Selling),Exclusive,Direct,False,True,Creation/Unknown,100000,475.0,Auto-Approved,,Yes
C,Rework (Of Selling),Exclusive,Direct,False,True,Creation/Unknown,115000,527.5,Auto-Approved,,Yes
C,Rework (Of Selling),Exclusive,Direct,False,True,Creation/Unknown,200000,825.0,Auto-Approved,,Yes
C,Rework (Of Selling),Exclusive,Direct,False,True,Creation/Unknown,1000000,3625.0,Auto-Approved,,Yes
C,Rework (Of Selling),Exclusive,Direct,True,False,Library Only,0,125.0,Auto-Approved,,Yes
C,Rework (Of Selling),Exclusive,Direct,True,False,Library Only,1,125.0035,Auto-Approved,,Yes
C,Rework (Of Selling),Exclusive,Direct,True,False,Library Only,1000,128.5,Auto-Approved,,Yes
C,Rework (Of Selling),Exclusive,Direct,True,False,Library Only,30000,230.0,Auto-Approved,,Yes
C,Rework (Of Selling),Exclusive,Direct,True,False,Library Only,35000,247.5,Auto-Approved,,Yes
C,Rework (Of Selling),Exclusive,Direct,True,False,Library Only,100000,475.0,Auto-Approved,,Yes
C,Rework (Of Selling),Exclusive,Direct,True,False,Library Only,115000,527.5,Auto-Approved,,Yes
C,Rework (Of Selling),Exclusive,Direct,True,False,Library Only,200000,825.0,Auto-Approved,,Yes
C,Rework (Of Selling),Exclusive,Direct,True,False,Library Only,1000000,3625.0,Auto-Approved,,Yes
C,Rework (Of Selling),Exclusive,Direct,True,False,Starting Point,0,90.0,Auto-Approved,Jo (Non-library for a C/D customer),Yes
C,Rework (Of Selling),Exclusive,Direct,True,False,Starting Point,1,90.0035,Auto-Approved,Jo (Non-library for a C/D customer),Yes
C,Rework (Of Selling),Exclusive,Direct,True,False,Starting Point,1000,93.5,Auto-Approved,Jo (Non-library for a C/D customer),Yes
C,Rework (Of Selling),Exclusive,Direct,True,False,Starting Point,30000,195.0,Auto-Approved,Jo (Non-library for a C/D customer),Yes
C,Rework (Of Selling),Exclusive,Direct,True,False,Starting Point,35000,212.5,Auto-Approved,Jo (Non-library for a C/D customer),Yes
C,Rework (Of Selling),Exclusive,Direct,True,False,Starting Point,100000,440.0,Auto-Approved,Jo (Non-library for a C/D customer),Yes
C,Rework (Of Selling),Exclusive,Direct,True,False,Starting Point,115000,492.5,Auto-Approved,Jo (Non-library for a C/D customer),Yes
C,Rework (Of Selling),Exclusive,Direct,True,False,Starting Point,200000,790.0,Auto-Approved,Jo (Non-library for a C/D customer),Yes
C,Rework (Of Selling),Exclusive,Direct,True,False,Starting Point,1000000,3590.0,Auto-Approved,Jo (Non-library for a C/D customer),Yes
C,Rework (Of Selling),Exclusive,Direct,True,False,Creation/Unknown,0,25.0,Auto-Approved,,Yes
C,Rework (Of Selling),Exclusive,Direct,True,False,Creation/Unknown,1,25.0035,Auto-Approved,,Yes
C,Rework (Of Selling),Exclusive,Direct,True,False,Creation/Unknown,1000,28.5,Auto-Approved,,Yes
C,Rework (Of Selling),Exclusive,Direct,True,False,Creation/Unknown,30000,130.0,Auto-Approved,,Yes
C,Rework (Of Selling),Exclusive,Direct,True,False,Creation/Unknown,35000,147.5,Auto-Approved,,Yes
C,Rework (Of Selling),Exclusive,Direct,True,False,Creation/Unknown,100000,375.0,Auto-Approved,,Yes
C,Rework (Of Selling),Exclusive,Direct,True,False,Creation/Unknown,115000,427.5,Auto-Approved,,Yes
C,Rework (Of Selling),Exclusive,Direct,True,False,Creation/Unknown,200000,725.0,Auto-Approved,,Yes
C,Rework (Of Selling),Exclusive,Direct,True,False,Creation/Unknown,1000000,3525.0,Auto-Approved,,Yes
C,Rework (Of Selling),Exclusive,Direct,True,True,Library Only,0,225.0,Auto-Approved,,Yes
C,Rework (Of Selling),Exclusive,Direct,True,True,Library Only,1,225.0035,Auto-Approved,,Yes
C,Rework (Of Selling),Exclusive,Direct,True,True,Library Only,1000,228.5,Auto-Approved,,Yes
C,Rework (Of Selling),Exclusive,Direct,True,True,Library Only,30000,330.0,Auto-Approved,,Yes
C,Rework (Of Selling),Exclusive,Direct,True,True,Library Only,35000,347.5,Auto-Approved,,Yes
C,Rework (Of Selling),Exclusive,Direct,True,True,Library Only,100000,575.0,Auto-Approved,,Yes
C,Rework (Of Selling),Exclusive,Direct,True,True,Library Only,115000,627.5,Auto-Approved,,Yes
C,Rework (Of Selling),Exclusive,Direct,True,True,Library Only,200000,925.0,Auto-Approved,,Yes
C,Rework (Of Selling),Exclusive,Direct,True,True,Library Only,1000000,3725.0,Auto-Approved,,Yes
C,Rework (Of Selling),Exclusive,Direct,True,True,Starting Point,0,190.0,Auto-Approved,Jo (Non-library for a C/D customer),Yes
C,Rework (Of Selling),Exclusive,Direct,True,True,Starting Point,1,190.0035,Auto-Approved,Jo (Non-library for a C/D customer),Yes
C,Rework (Of Selling),Exclusive,Direct,True,True,Starting Point,1000,193.5,Auto-Approved,Jo (Non-library for a C/D customer),Yes
C,Rework (Of Selling),Exclusive,Direct,True,True,Starting Point,30000,295.0,Auto-Approved,Jo (Non-library for a C/D customer),Yes
C,Rework (Of Selling),Exclusive,Direct,True,True,Starting Point,35000,312.5,Auto-Approved,Jo (Non-library for a C/D customer),Yes
C,Rework (Of Selling),Exclusive,Direct,True,True,Starting Point,100000,540.0,Auto-Approved,Jo (Non-library for a C/D customer),Yes
C,Rework (Of Selling),Exclusive,Direct,True,True,Starting Point,115000,592.5,Auto-Approved,Jo (Non-library for a C/D customer),Yes
C,Rework (Of Selling),Exclusive,Direct,True,True,Starting Point,200000,890.0,Auto-Approved,Jo (Non-library for a C/D customer),Yes
C,Rework (Of Selling),Exclusive,Direct,True,True,Starting Point,1000000,3690.0,Auto-Approved,Jo (Non-library for a C/D customer),Yes
C,Rework (Of Selling),Exclusive,Direct,True,True,Creation/Unknown,0,125.0,Auto-Approved,,Yes
C,Rework (Of Selling),Exclusive,Direct,True,True,Creation/Unknown,1,125.0035,Auto-Approved,,Yes
C,Rework (Of Selling),Exclusive,Direct,True,True,Creation/Unknown,1000,128.5,Auto-Approved,,Yes
C,Rework (Of Selling),Exclusive,Direct,True,True,Creation/Unknown,30000,230.0,Auto-Approved,,Yes
C,Rework (Of Selling),Exclusive,Direct,True,True,Creation/Unknown,35000,247.5,Auto-Approved,,Yes
C,Rework (Of Selling),Exclusive,Direct,True,True,Creation/Unknown,100000,475.0,Auto-Approved,,Yes
C,Rework (Of Selling),Exclusive,Direct,True,True,Creation/Unknown,115000,527.5,Auto-Approved,,Yes
C,Rework (Of Selling),Exclusive,Direct,True,True,Creation/Unknown,200000,825.0,Auto-Approved,,Yes
C,Rework (Of Selling),Exclusive,Direct,True,True,Creation/Unknown,1000000,3625.0,Auto-Approved,,Yes
C,Rework (Of Selling),Exclusive,Deferred/Unknown,False,False,Library Only,0,125.0,Auto-Approved,,Yes
C,Rework (Of Selling),Exclusive,Deferred/Unknown,False,False,Library Only,1,125.003,Auto-Approved,,Yes
C,Rework (Of Selling),Exclusive,Deferred/Unknown,False,False,Library Only,1000,128.0,Auto-Approved,,Yes
C,Rework (Of Selling),Exclusive,Deferred/Unknown,False,False,Library Only,30000,215.0,Auto-Approved,,Yes
C,Rework (Of Selling),Exclusive,Deferred/Unknown,False,False,Library Only,35000,230.0,Auto-Approved,,Yes
C,Rework (Of Selling),Exclusive,Deferred/Unknown,False,False,Library Only,100000,425.0,Auto-Approved,,Yes
C,Rework (Of Selling),Exclusive,Deferred/Unknown,False,False,Library Only,115000,470.0,Auto-Approved,,Yes
C,Rework (Of Selling),Exclusive,Deferred/Unknown,False,False,Library Only,200000,725.0,Auto-Approved,,Yes
C,Rework (Of Selling),Exclusive,Deferred/Unknown,False,False,Library Only,1000000,3125.0,Auto-Approved,,Yes
C,Rework (Of Selling),Exclusive,Deferred/Unknown,False,False,Starting Point,0,90.0,Auto-Approved,Jo (Non-library for a C/D customer),Yes
C,Rework (Of Selling),Exclusive,Deferred/Unknown,False,False,Starting Point,1,90.003,Auto-Approved,Jo (Non-library for a C/D customer),Yes
C,Rework (Of Selling),Exclusive,Deferred/Unknown,False,False,Starting Point,1000,93.0,Auto-Approved,Jo (Non-library for a C/D customer),Yes
C,Rework (Of Selling),Exclusive,Deferred/Unknown,False,False,Starting Point,30000,180.0,Auto-Approved,Jo (Non-library for a C/D customer),Yes
C,Rework (Of Selling),Exclusive,Deferred/Unknown,False,False,Starting Point,35000,195.0,Auto-Approved,Jo (Non-library for a C/D customer),Yes
C,Rework (Of Selling),Exclusive,Deferred/Unknown,False,False,Starting Point,100000,390.0,Auto-Approved,Jo (Non-library for a C/D customer),Yes
C,Rework (Of Selling),Exclusive,Deferred/Unknown,False,False,Starting Point,115000,435.0,Auto-Approved,Jo (Non-library for a C/D customer),Yes
C,Rework (Of Selling),Exclusive,Deferred/Unknown,False,False,Starting Point,200000,690.0,Auto-Approved,Jo (Non-library for a C/D customer),Yes
C,Rework (Of Selling),Exclusive,Deferred/Unknown,False,False,Starting Point,1000000,3090.0,Auto-Approved,Jo (Non-library for a C/D customer),Yes
C,Rework (Of Selling),Exclusive,Deferred/Unknown,False,False,Creation/Unknown,0,25.0,Auto-Approved,,Yes
C,Rework (Of Selling),Exclusive,Deferred/Unknown,False,False,Creation/Unknown,1,25.003,Auto-Approved,,Yes
C,Rework (Of Selling),Exclusive,Deferred/Unknown,False,False,Creation/Unknown,1000,28.0,Auto-Approved,,Yes
C,Rework (Of Selling),Exclusive,Deferred/Unknown,False,False,Creation/Unknown,30000,115.0,Auto-Approved,,Yes
C,Rework (Of Selling),Exclusive,Deferred/Unknown,False,False,Creation/Unknown,35000,130.0,Auto-Approved,,Yes
C,Rework (Of Selling),Exclusive,Deferred/Unknown,False,False,Creation/Unknown,100000,325.0,Auto-Approved,,Yes
C,Rework (Of Selling),Exclusive,Deferred/Unknown,False,False,Creation/Unknown,115000,370.0,Auto-Approved,,Yes
C,Rework (Of Selling),Exclusive,Deferred/Unknown,False,False,Creation/Unknown,200000,625.0,Auto-Approved,,Yes
C,Rework (Of Selling),Exclusive,Deferred/Unknown,False,False,Creation/Unknown,1000000,3025.0,Auto-Approved,,Yes
C,Rework (Of Selling),Exclusive,Deferred/Unknown,False,True,Library Only,0,225.0,Auto-Approved,,Yes
C,Rework (Of Selling),Exclusive,Deferred/Unknown,False,True,Library Only,1,225.003,Auto-Approved,,Yes
C,Rework (Of Selling),Exclusive,Deferred/Unknown,False,True,Library Only,1000,228.0,Auto-Approved,,Yes
C,Rework (Of Selling),Exclusive,Deferred/Unknown,False,True,Library Only,30000,315.0,Auto-Approved,,Yes
C,Rework (Of Selling),Exclusive,Deferred/Unknown,False,True,Library Only,35000,330.0,Auto-Approved,,Yes
C,Rework (Of Selling),Exclusive,Deferred/Unknown,False,True,Library Only,100000,525.0,Auto-Approved,,Yes
C,Rework (Of Selling),Exclusive,Deferred/Unknown,False,True,Library Only,115000,570.0,Auto-Approved,,Yes
C,Rework (Of Selling),Exclusive,Deferred/Unknown,False,True,Library Only,200000,825.0,Auto-Approved,,Yes
C,Rework (Of Selling),Exclusive,Deferred/Unknown,False,True,Library Only,1000000,3225.0,Auto-Approved,,Yes
C,Rework (Of Selling),Exclusive,Deferred/Unknown,False,True,Starting Point,0,190.0,Auto-Approved,Jo (Non-library for a C/D customer),Yes
C,Rework (Of Selling),Exclusive,Deferred/Unknown,False,True,Starting Point,1,190.003,Auto-Approved,Jo (Non-library for a C/D customer),Yes
C,Rework (Of Selling),Exclusive,Deferred/Unknown,False,True,Starting Point,1000,193.0,Auto-Approved,Jo (Non-library for a C/D customer),Yes
C,Rework (Of Selling),Exclusive,Deferred/Unknown,False,True,Starting Point,30000,280.0,Auto-Approved,Jo (Non-library for a C/D customer),Yes
C,Rework (Of Selling),Exclusive,Deferred/Unknown,False,True,Starting Point,35000,295.0,Auto-Approved,Jo (Non-library for a C/D customer),Yes
C,Rework (Of Selling),Exclusive,Deferred/Unknown,False,True,Starting Point,100000,490.0,Auto-Approved,Jo (Non-library for a C/D customer),Yes
C,Rework (Of Selling),Exclusive,Deferred/Unknown,False,True,Starting Point,115000,535.0,Auto-Approved,Jo (Non-library for a C/D customer),Yes
C,Rework (Of Selling),Exclusive,Deferred/Unknown,False,True,Starting Point,200000,790.0,Auto-Approved,Jo (Non-library for a C/D customer),Yes
C,Rework (Of Selling),Exclusive,Deferred/Unknown,False,True,Starting Point,1000000,3190.0,Auto-Approved,Jo (Non-library for a C/D customer),Yes
C,Rework (Of Selling),Exclusive,Deferred/Unknown,False,True,Creation/Unknown,0,125.0,Auto-Approved,,Yes
C,Rework (Of Selling),Exclusive,Deferred/Unknown,False,True,Creation/Unknown,1,125.003,Auto-Approved,,Yes
C,Rework (Of Selling),Exclusive,Deferred/Unknown,False,True,Creation/Unknown,1000,128.0,Auto-Approved,,Yes
C,Rework (Of Selling),Exclusive,Deferred/Unknown,False,True,Creation/Unknown,30000,215.0,Auto-Approved,,Yes
C,Rework (Of Selling),Exclusive,Deferred/Unknown,False,True,Creation/Unknown,35000,230.0,Auto-Approved,,Yes
C,Rework (Of Selling),Exclusive,Deferred/Unknown,False,True,Creation/Unknown,100000,425.0,Auto-Approved,,Yes
C,Rework (Of Selling),Exclusive,Deferred/Unknown,False,True,Creation/Unknown,115000,470.0,Auto-Approved,,Yes
C,Rework (Of Selling),Exclusive,Deferred/Unknown,False,True,Creation/Unknown,200000,725.0,Auto-Approved,,Yes
C,Rework (Of Selling),Exclusive,Deferred/Unknown,False,True,Creation/Unknown,1000000,3125.0,Auto-Approved,,Yes
C,Rework (Of Selling),Exclusive,Deferred/Unknown,True,False,Library Only,0,125.0,Auto-Approved,,Yes
C,Rework (Of Selling),Exclusive,Deferred/Unknown,True,False,Library Only,1,125.003,Auto-Approved,,Yes
C,Rework (Of Selling),Exclusive,Deferred/Unknown,True,False,Library Only,1000,128.0,Auto-Approved,,Yes
C,Rework (Of Selling),Exclusive,Deferred/Unknown,True,False,Library Only,30000,215.0,Auto-Approved,,Yes
C,Rework (Of Selling),Exclusive,Deferred/Unknown,True,False,Library Only,35000,230.0,Auto-Approved,,Yes
C,Rework (Of Selling),Exclusive,Deferred/Unknown,True,False,Library Only,100000,425.0,Auto-Approved,,Yes
C,Rework (Of Selling),Exclusive,Deferred/Unknown,True,False,Library Only,115000,470.0,Auto-Approved,,Yes
C,Rework (Of Selling),Exclusive,Deferred/Unknown,True,False,Library Only,200000,725.0,Auto-Approved,,Yes
C,Rework (Of Selling),Exclusive,Deferred/Unknown,True,False,Library Only,1000000,3125.0,Auto-Approved,,Yes
C,Rework (Of Selling),Exclusive,Deferred/Unknown,True,False,Starting Point,0,90.0,Auto-Approved,Jo (Non-library for a C/D customer),Yes
C,Rework (Of Selling),Exclusive,Deferred/Unknown,True,False,Starting Point,1,90.003,Auto-Approved,Jo (Non-library for a C/D customer),Yes
C,Rework (Of Selling),Exclusive,Deferred/Unknown,True,False,Starting Point,1000,93.0,Auto-Approved,Jo (Non-library for a C/D customer),Yes
C,Rework (Of Selling),Exclusive,Deferred/Unknown,True,False,Starting Point,30000,180.0,Auto-Approved,Jo (Non-library for a C/D customer),Yes
C,Rework (Of Selling),Exclusive,Deferred/Unknown,True,False,Starting Point,35000,195.0,Auto-Approved,Jo (Non-library for a C/D customer),Yes
C,Rework (Of Selling),Exclusive,Deferred/Unknown,True,False,Starting Point,100000,390.0,Auto-Approved,Jo (Non-library for a C/D customer),Yes
C,Rework (Of Selling),Exclusive,Deferred/Unknown,True,False,Starting Point,115000,435.0,Auto-Approved,Jo (Non-library for a C/D customer),Yes
C,Rework (Of Selling),Exclusive,Deferred/Unknown,True,False,Starting Point,200000,690.0,Auto-Approved,Jo (Non-library for a C/D customer),Yes
C,Rework (Of Selling),Exclusive,Deferred/Unknown,True,False,Starting Point,1000000,3090.0,Auto-Approved,Jo (Non-library for a C/D customer),Yes
C,Rework (Of Selling),Exclusive,Deferred/Unknown,True,False,Creation/Unknown,0,25.0,Auto-Approved,,Yes
C,Rework (Of Selling),Exclusive,Deferred/Unknown,True,False,Creation/Unknown,1,25.003,Auto-Approved,,Yes
C,Rework (Of Selling),Exclusive,Deferred/Unknown,True,False,Creation/Unknown,1000,28.0,Auto-Approved,,Yes
C,Rework (Of Selling),Exclusive,Deferred/Unknown,True,False,Creation/Unknown,30000,115.0,Auto-Approved,,Yes
C,Rework (Of Selling),Exclusive,Deferred/Unknown,True,False,Creation/Unknown,35000,130.0,Auto-Approved,,Yes
C,Rework (Of Selling),Exclusive,Deferred/Unknown,True,False,Creation/Unknown,100000,325.0,Auto-Approved,,Yes
C,Rework (Of Selling),Exclusive,Deferred/Unknown,True,False,Creation/Unknown,115000,370.0,Auto-Approved,,Yes
C,Rework (Of Selling),Exclusive,Deferred/Unknown,True,False,Creation/Unknown,200000,625.0,Auto-Approved,,Yes
C,Rework (Of Selling),Exclusive,Deferred/Unknown,True,False,Creation/Unknown,1000000,3025.0,Auto-Approved,,Yes
C,Rework (Of Selling),Exclusive,Deferred/Unknown,True,True,Library Only,0,225.0,Auto-Approved,,Yes
C,Rework (Of Selling),Exclusive,Deferred/Unknown,True,True,Library Only,1,225.003,Auto-Approved,,Yes
C,Rework (Of Selling),Exclusive,Deferred/Unknown,True,True,Library Only,1000,228.0,Auto-Approved,,Yes
C,Rework (Of Selling),Exclusive,Deferred/Unknown,True,True,Library Only,30000,315.0,Auto-Approved,,Yes
C,Rework (Of Selling),Exclusive,Deferred/Unknown,True,True,Library Only,35000,330.0,Auto-Approved,,Yes
C,Rework (Of Selling),Exclusive,Deferred/Unknown,True,True,Library Only,100000,525.0,Auto-Approved,,Yes
C,Rework (Of Selling),Exclusive,Deferred/Unknown,True,True,Library Only,115000,570.0,Auto-Approved,,Yes
C,Rework (Of Selling),Exclusive,Deferred/Unknown,True,True,Library Only,200000,825.0,Auto-Approved,,Yes
C,Rework (Of Selling),Exclusive,Deferred/Unknown,True,True,Library Only,1000000,3225.0,Auto-Approved,,Yes
C,Rework (Of Selling),Exclusive,Deferred/Unknown,True,True,Starting Point,0,190.0,Auto-Approved,Jo (Non-library for a C/D customer),Yes
C,Rework (Of Selling),Exclusive,Deferred/Unknown,True,True,Starting Point,1,190.003,Auto-Approved,Jo (Non-library for a C/D customer),Yes
C,Rework (Of Selling),Exclusive,Deferred/Unknown,True,True,Starting Point,1000,193.0,Auto-Approved,Jo (Non-library for a C/D customer),Yes
C,Rework (Of Selling),Exclusive,Deferred/Unknown,True,True,Starting Point,30000,280.0,Auto-Approved,Jo (Non-library for a C/D customer),Yes
C,Rework (Of Selling),Exclusive,Deferred/Unknown,True,True,Starting Point,35000,295.0,Auto-Approved,Jo (Non-library for a C/D customer),Yes
C,Rework (Of Selling),Exclusive,Deferred/Unknown,True,True,Starting Point,100000,490.0,Auto-Approved,Jo (Non-library for a C/D customer),Yes
C,Rework (Of Selling),Exclusive,Deferred/Unknown,True,True,Starting Point,115000,535.0,Auto-Approved,Jo (Non-library for a C/D customer),Yes
C,Rework (Of Selling),Exclusive,Deferred/Unknown,True,True,Starting Point,200000,790.0,Auto-Approved,Jo (Non-library for a C/D customer),Yes
C,Rework (Of Selling),Exclusive,Deferred/Unknown,True,True,Starting Point,1000000,3190.0,Auto-Approved,Jo (Non-library for a C/D customer),Yes
C,Rework (Of Selling),Exclusive,Deferred/Unknown,True,True,Creation/Unknown,0,125.0,Auto-Approved,,Yes
C,Rework (Of Selling),Exclusive,Deferred/Unknown,True,True,Creation/Unknown,1,125.003,Auto-Approved,,Yes
C,Rework (Of Selling),Exclusive,Deferred/Unknown,True,True,Creation/Unknown,1000,128.0,Auto-Approved,,Yes
C,Rework (Of Selling),Exclusive,Deferred/Unknown,True,True,Creation/Unknown,30000,215.0,Auto-Approved,,Yes
C,Rework (Of Selling),Exclusive,Deferred/Unknown,True,True,Creation/Unknown,35000,230.0,Auto-Approved,,Yes
C,Rework (Of Selling),Exclusive,Deferred/Unknown,True,True,Creation/Unknown,100000,425.0,Auto-Approved,,Yes
C,Rework (Of Selling),Exclusive,Deferred/Unknown,True,True,Creation/Unknown,115000,470.0,Auto-Approved,,Yes
C,Rework (Of Selling),Exclusive,Deferred/Unknown,True,True,Creation/Unknown,200000,725.0,Auto-Approved,,Yes
C,Rework (Of Selling),Exclusive,Deferred/Unknown,True,True,Creation/Unknown,1000000,3125.0,Auto-Approved,,Yes
C,Rework (Of Selling),Competitive,Direct,False,False,Library Only,0,125.0,Auto-Approved,,Yes
C,Rework (Of Selling),Competitive,Direct,False,False,Library Only,1,125.0025,Auto-Approved,,Yes
C,Rework (Of Selling),Competitive,Direct,False,False,Library Only,1000,127.5,Auto-Approved,,Yes
C,Rework (Of Selling),Competitive,Direct,False,False,Library Only,30000,200.0,Auto-Approved,,Yes
C,Rework (Of Selling),Competitive,Direct,False,False,Library Only,35000,212.5,Auto-Approved,,Yes
C,Rework (Of Selling),Competitive,Direct,False,False,Library Only,100000,375.0,Auto-Approved,,Yes
C,Rework (Of Selling),Competitive,Direct,False,False,Library Only,115000,412.5,Auto-Approved,,Yes
C,Rework (Of Selling),Competitive,Direct,False,False,Library Only,200000,625.0,Auto-Approved,,Yes
C,Rework (Of Selling),Competitive,Direct,False,False,Library Only,1000000,2625.0,Auto-Approved,,Yes
C,Rework (Of Selling),Competitive,Direct,False,False,Starting Point,0,90.0,Auto-Approved,Jo (Non-library for a C/D customer),Yes
C,Rework (Of Selling),Competitive,Direct,False,False,Starting Point,1,90.0025,Auto-Approved,Jo (Non-library for a C/D customer),Yes
C,Rework (Of Selling),Competitive,Direct,False,False,Starting Point,1000,92.5,Auto-Approved,Jo (Non-library for a C/D customer),Yes
C,Rework (Of Selling),Competitive,Direct,False,False,Starting Point,30000,165.0,Auto-Approved,Jo (Non-library for a C/D customer),Yes
C,Rework (Of Selling),Competitive,Direct,False,False,Starting Point,35000,177.5,Auto-Approved,Jo (Non-library for a C/D customer),Yes
C,Rework (Of Selling),Competitive,Direct,False,False,Starting Point,100000,340.0,Auto-Approved,Jo (Non-library for a C/D customer),Yes
C,Rework (Of Selling),Competitive,Direct,False,False,Starting Point,115000,377.5,Auto-Approved,Jo (Non-library for a C/D customer),Yes
C,Rework (Of Selling),Competitive,Direct,False,False,Starting Point,200000,590.0,Auto-Approved,Jo (Non-library for a C/D customer),Yes
C,Rework (Of Selling),Competitive,Direct,False,False,Starting Point,1000000,2590.0,Auto-Approved,Jo (Non-library for a C/D customer),Yes
C,Rework (Of Selling),Competitive,Direct,False,False,Creation/Unknown,0,25.0,Auto-Approved,,Yes
C,Rework (Of Selling),Competitive,Direct,False,False,Creation/Unknown,1,25.002499999999998,Auto-Approved,,Yes
C,Rework (Of Selling),Competitive,Direct,False,False,Creation/Unknown,1000,27.5,Auto-Approved,,Yes
C,Rework (Of Selling),Competitive,Direct,False,False,Creation/Unknown,30000,100.0,Auto-Approved,,Yes
C,Rework (Of Selling),Competitive,Direct,False,False,Creation/Unknown,35000,112.5,Auto-Approved,,Yes
C,Rework (Of Selling),Competitive,Direct,False,False,Creation/Unknown,100000,275.0,Auto-Approved,,Yes
C,Rework (Of Selling),Competitive,Direct,False,False,Creation/Unknown,115000,312.5,Auto-Approved,,Yes
C,Rework (Of Selling),Competitive,Direct,False,False,Creation/Unknown,200000,525.0,Auto-Approved,,Yes
C,Rework (Of Selling),Competitive,Direct,False,False,Creation/Unknown,1000000,2525.0,Auto-Approved,,Yes
C,Rework (Of Selling),Competitive,Direct,False,True,Library Only,0,225.0,Auto-Approved,,Yes
C,Rework (Of Selling),Competitive,Direct,False,True,Library Only,1,225.0025,Auto-Approved,,Yes
C,Rework (Of Selling),Competitive,Direct,False,True,Library Only,1000,227.5,Auto-Approved,,Yes
C,Rework (Of Selling),Competitive,Direct,False,True,Library Only,30000,300.0,Auto-Approved,,Yes
C,Rework (Of Selling),Competitive,Direct,False,True,Library Only,35000,312.5,Auto-Approved,,Yes
C,Rework (Of Selling),Competitive,Direct,False,True,Library Only,100000,475.0,Auto-Approved,,Yes
C,Rework (Of Selling),Competitive,Direct,False,True,Library Only,115000,512.5,Auto-Approved,,Yes
C,Rework (Of Selling),Competitive,Direct,False,True,Library Only,200000,725.0,Auto-Approved,,Yes
C,Rework (Of Selling),Competitive,Direct,False,True,Library Only,1000000,2725.0,Auto-Approved,,Yes
C,Rework (Of Selling),Competitive,Direct,False,True,Starting Point,0,190.0,Auto-Approved,Jo (Non-library for a C/D customer),Yes
C,Rework (Of Selling),Competitive,Direct,False,True,Starting Point,1,190.0025,Auto-Approved,Jo (Non-library for a C/D customer),Yes
C,Rework (Of Selling),Competitive,Direct,False,True,Starting Point,1000,192.5,Auto-Approved,Jo (Non-library for a C/D customer),Yes
C,Rework (Of Selling),Competitive,Direct,False,True,Starting Point,30000,265.0,Auto-Approved,Jo (Non-library for a C/D customer),Yes
C,Rework (Of Selling),Competitive,Direct,False,True,Starting Point,35000,277.5,Auto-Approved,Jo (Non-library for a C/D customer),Yes
C,Rework (Of Selling),Competitive,Direct,False,True,Starting Point,100000,440.0,Auto-Approved,Jo (Non-library for a C/D customer),Yes
C,Rework (Of Selling),Competitive,Direct,False,True,Starting Point,115000,477.5,Auto-Approved,Jo (Non-library for a C/D customer),Yes
C,Rework (Of Selling),Competitive,Direct,False,True,Starting Point,200000,690.0,Auto-Approved,Jo (Non-library for a C/D customer),Yes
C,Rework (Of Selling),Competitive,Direct,False,True,Starting Point,1000000,2690.0,Auto-Approved,Jo (Non-library for a C/D customer),Yes
C,Rework (Of Selling),Competitive,Direct,False,True,Creation/Unknown,0,125.0,Auto-Approved,,Yes
C,Rework (Of Selling),Competitive,Direct,False,True,Creation/Unknown,1,125.0025,Auto-Approved,,Yes
C,Rework (Of Selling),Competitive,Direct,False,True,Creation/Unknown,1000,127.5,Auto-Approved,,Yes
C,Rework (Of Selling),Competitive,Direct,False,True,Creation/Unknown,30000,200.0,Auto-Approved,,Yes
C,Rework (Of Selling),Competitive,Direct,False,True,Creation/Unknown,35000,212.5,Auto-Approved,,Yes
C,Rework (Of Selling),Competitive,Direct,False,True,Creation/Unknown,100000,375.0,Auto-Approved,,Yes
C,Rework (Of Selling),Competitive,Direct,False,True,Creation/Unknown,115000,412.5,Auto-Approved,,Yes
C,Rework (Of Selling),Competitive,Direct,False,True,Creation/Unknown,200000,625.0,Auto-Approved,,Yes
C,Rework (Of Selling),Competitive,Direct,False,True,Creation/Unknown,1000000,2625.0,Auto-Approved,,Yes
C,Rework (Of Selling),Competitive,Direct,True,False,Library Only,0,125.0,Auto-Approved,,Yes
C,Rework (Of Selling),Competitive,Direct,True,False,Library Only,1,125.0025,Auto-Approved,,Yes
C,Rework (Of Selling),Competitive,Direct,True,False,Library Only,1000,127.5,Auto-Approved,,Yes
C,Rework (Of Selling),Competitive,Direct,True,False,Library Only,30000,200.0,Auto-Approved,,Yes
C,Rework (Of Selling),Competitive,Direct,True,False,Library Only,35000,212.5,Auto-Approved,,Yes
C,Rework (Of Selling),Competitive,Direct,True,False,Library Only,100000,375.0,Auto-Approved,,Yes
C,Rework (Of Selling),Competitive,Direct,True,False,Library Only,115000,412.5,Auto-Approved,,Yes
C,Rework (Of Selling),Competitive,Direct,True,False,Library Only,200000,625.0,Auto-Approved,,Yes
C,Rework (Of Selling),Competitive,Direct,True,False,Library Only,1000000,2625.0,Auto-Approved,,Yes
C,Rework (Of Selling),Competitive,Direct,True,False,Starting Point,0,90.0,Auto-Approved,Jo (Non-library for a C/D customer),Yes
C,Rework (Of Selling),Competitive,Direct,True,False,Starting Point,1,90.0025,Auto-Approved,Jo (Non-library for a C/D customer),Yes
C,Rework (Of Selling),Competitive,Direct,True,False,Starting Point,1000,92.5,Auto-Approved,Jo (Non-library for a C/D customer),Yes
C,Rework (Of Selling),Competitive,Direct,True,False,Starting Point,30000,165.0,Auto-Approved,Jo (Non-library for a C/D customer),Yes
C,Rework (Of Selling),Competitive,Direct,True,False,Starting Point,35000,177.5,Auto-Approved,Jo (Non-library for a C/D customer),Yes
C,Rework (Of Selling),Competitive,Direct,True,False,Starting Point,100000,340.0,Auto-Approved,Jo (Non-library for a C/D customer),Yes
C,Rework (Of Selling),Competitive,Direct,True,False,Starting Point,115000,377.5,Auto-Approved,Jo (Non-library for a C/D customer),Yes
C,Rework (Of Selling),Competitive,Direct,True,False,Starting Point,200000,590.0,Auto-Approved,Jo (Non-library for a C/D customer),Yes
C,Rework (Of Selling),Competitive,Direct,True,False,Starting Point,1000000,2590.0,Auto-Approved,Jo (Non-library for a C/D customer),Yes
C,Rework (Of Selling),Competitive,Direct,True,False,Creation/Unknown,0,25.0,Auto-Approved,,Yes
C,Rework (Of Selling),Competitive,Direct,True,False,Creation/Unknown,1,25.002499999999998,Auto-Approved,,Yes
C,Rework (Of Selling),Competitive,Direct,True,False,Creation/Unknown,1000,27.5,Auto-Approved,,Yes
C,Rework (Of Selling),Competitive,Direct,True,False,Creation/Unknown,30000,100.0,Auto-Approved,,Yes
C,Rework (Of Selling),Competitive,Direct,True,False,Creation/Unknown,35000,112.5,Auto-Approved,,Yes
C,Rework (Of Selling),Competitive,Direct,True,False,Creation/Unknown,100000,275.0,Auto-Approved,,Yes
C,Rework (Of Selling),Competitive,Direct,True,False,Creation/Unknown,115000,312.5,Auto-Approved,,Yes
C,Rework (Of Selling),Competitive,Direct,True,False,Creation/Unknown,200000,525.0,Auto-Approved,,Yes
C,Rework (Of Selling),Competitive,Direct,True,False,Creation/Unknown,1000000,2525.0,Auto-Approved,,Yes
C,Rework (Of Selling),Competitive,Direct,True,True,Library Only,0,225.0,Auto-Approved,,Yes
C,Rework (Of Selling),Competitive,Direct,True,True,Library Only,1,225.0025,Auto-Approved,,Yes
C,Rework (Of Selling),Competitive,Direct,True,True,Library Only,1000,227.5,Auto-Approved,,Yes
C,Rework (Of Selling),Competitive,Direct,True,True,Library Only,30000,300.0,Auto-Approved,,Yes
C,Rework (Of Selling),Competitive,Direct,True,True,Library Only,35000,312.5,Auto-Approved,,Yes
C,Rework (Of Selling),Competitive,Direct,True,True,Library Only,100000,475.0,Auto-Approved,,Yes
C,Rework (Of Selling),Competitive,Direct,True,True,Library Only,115000,512.5,Auto-Approved,,Yes
C,Rework (Of Selling),Competitive,Direct,True,True,Library Only,200000,725.0,Auto-Approved,,Yes
C,Rework (Of Selling),Competitive,Direct,True,True,Library Only,1000000,2725.0,Auto-Approved,,Yes
C,Rework (Of Selling),Competitive,Direct,True,True,Starting Point,0,190.0,Auto-Approved,Jo (Non-library for a C/D customer),Yes
C,Rework (Of Selling),Competitive,Direct,True,True,Starting Point,1,190.0025,Auto-Approved,Jo (Non-library for a C/D customer),Yes
C,Rework (Of Selling),Competitive,Direct,True,True,Starting Point,1000,192.5,Auto-Approved,Jo (Non-library for a C/D customer),Yes
C,Rework (Of Selling),Competitive,Direct,True,True,Starting Point,30000,265.0,Auto-Approved,Jo (Non-library for a C/D customer),Yes
C,Rework (Of Selling),Competitive,Direct,True,True,Starting Point,35000,277.5,Auto-Approved,Jo (Non-library for a C/D customer),Yes
C,Rework (Of Selling),Competitive,Direct,True,True,Starting Point,100000,440.0,Auto-Approved,Jo (Non-library for a C/D customer),Yes
C,Rework (Of Selling),Competitive,Direct,True,True,Starting Point,115000,477.5,Auto-Approved,Jo (Non-library for a C/D customer),Yes
C,Rework (Of Selling),Competitive,Direct,True,True,Starting Point,200000,690.0,Auto-Approved,Jo (Non-library for a C/D customer),Yes
C,Rework (Of Selling),Competitive,Direct,True,True,Starting Point,1000000,2690.0,Auto-Approved,Jo (Non-library for a C/D customer),Yes
C,Rework (Of Selling),Competitive,Direct,True,True,Creation/Unknown,0,125.0,Auto-Approved,,Yes
C,Rework (Of Selling),Competitive,Direct,True,True,Creation/Unknown,1,125.0025,Auto-Approved,,Yes
C,Rework (Of Selling),Competitive,Direct,True,True,Creation/Unknown,1000,127.5,Auto-Approved,,Yes
C,Rework (Of Selling),Competitive,Direct,True,True,Creation/Unknown,30000,200.0,Auto-Approved,,Yes
C,Rework (Of Selling),Competitive,Direct,True,True,Creation/Unknown,35000,212.5,Auto-Approved,,Yes
C,Rework (Of Selling),Competitive,Direct,True,True,Creation/Unknown,100000,375.0,Auto-Approved,,Yes
C,Rework (Of Selling),Competitive,Direct,True,True,Creation/Unknown,115000,412.5,Auto-Approved,,Yes
C,Rework (Of Selling),Competitive,Direct,True,True,Creation/Unknown,200000,625.0,Auto-Approved,,Yes
C,Rework (Of Selling),Competitive,Direct,True,True,Creation/Unknown,1000000,2625.0,Auto-Approved,,Yes
C,Rework (Of Selling),Competitive,Deferred/Unknown,False,False,Library Only,0,125.0,Auto-Approved,,Yes
C,Rework (Of Selling),Competitive,Deferred/Unknown,False,False,Library Only,1,125.002,Auto-Approved,,Yes
C,Rework (Of Selling),Competitive,Deferred/Unknown,False,False,Library Only,1000,127.0,Auto-Approved,,Yes
C,Rework (Of Selling),Competitive,Deferred/Unknown,False,False,Library Only,30000,185.0,Auto-Approved,,Yes
C,Rework (Of Selling),Competitive,Deferred/Unknown,False,False,Library Only,35000,195.0,Auto-Approved,,Yes
C,Rework (Of Selling),Competitive,Deferred/Unknown,False,False,Library Only,100000,325.0,Auto-Approved,,Yes
C,Rework (Of Selling),Competitive,Deferred/Unknown,False,False,Library Only,115000,355.0,Auto-Approved,,Yes
C,Rework (Of Selling),Competitive,Deferred/Unknown,False,False,Library Only,200000,525.0,Auto-Approved,,Yes
C,Rework (Of Selling),Competitive,Deferred/Unknown,False,False,Library Only,1000000,2125.0,Auto-Approved,,Yes
C,Rework (Of Selling),Competitive,Deferred/Unknown,False,False,Starting Point,0,90.0,Auto-Approved,Jo (Non-library for a C/D customer),Yes
C,Rework (Of Selling),Competitive,Deferred/Unknown,False,False,Starting Point,1,90.002,Auto-Approved,Jo (Non-library for a C/D customer),Yes
C,Rework (Of Selling),Competitive,Deferred/Unknown,False,False,Starting Point,1000,92.0,Auto-Approved,Jo (Non-library for a C/D customer),Yes
C,Rework (Of Selling),Competitive,Deferred/Unknown,False,False,Starting Point,30000,150.0,Auto-Approved,Jo (Non-library for a C/D customer),Yes
C,Rework (Of Selling),Competitive,Deferred/Unknown,False,False,Starting Point,35000,160.0,Auto-Approved,Jo (Non-library for a C/D customer),Yes
C,Rework (Of Selling),Competitive,Deferred/Unknown,False,False,Starting Point,100000,290.0,Auto-Approved,Jo (Non-library for a C/D customer),Yes
C,Rework (Of Selling),Competitive,Deferred/Unknown,False,False,Starting Point,115000,320.0,Auto-Approved,Jo (Non-library for a C/D customer),Yes
C,Rework (Of Selling),Competitive,Deferred/Unknown,False,False,Starting Point,200000,490.0,Auto-Approved,Jo (Non-library for a C/D customer),Yes
C,Rework (Of Selling),Competitive,Deferred/Unknown,False,False,Starting Point,1000000,2090.0,Auto-Approved,Jo (Non-library for a C/D customer),Yes
C,Rework (Of Selling),Competitive,Deferred/Unknown,False,False,Creation/Unknown,0,25.0,Auto-Approved,,Yes
C,Rework (Of Selling),Competitive,Deferred/Unknown,False,False,Creation/Unknown,1,25.002000000000002,Auto-Approved,,Yes
C,Rework (Of Selling),Competitive,Deferred/Unknown,False,False,Creation/Unknown,1000,27.0,Auto-Approved,,Yes
C,Rework (Of Selling),Competitive,Deferred/Unknown,False,False,Creation/Unknown,30000,85.0,Auto-Approved,,Yes
C,Rework (Of Selling),Competitive,Deferred/Unknown,False,False,Creation/Unknown,35000,95.0,Auto-Approved,,Yes
C,Rework (Of Selling),Competitive,Deferred/Unknown,False,False,Creation/Unknown,100000,225.0,Auto-Approved,,Yes
C,Rework (Of Selling),Competitive,Deferred/Unknown,False,False,Creation/Unknown,115000,255.0,Auto-Approved,,Yes
C,Rework (Of Selling),Competitive,Deferred/Unknown,False,False,Creation/Unknown,200000,425.0,Auto-Approved,,Yes
C,Rework (Of Selling),Competitive,Deferred/Unknown,False,False,Creation/Unknown,1000000,2025.0,Auto-Approved,,Yes
C,Rework (Of Selling),Competitive,Deferred/Unknown,False,True,Library Only,0,225.0,Auto-Approved,,Yes
C,Rework (Of Selling),Competitive,Deferred/Unknown,False,True,Library Only,1,225.002,Auto-Approved,,Yes
C,Rework (Of Selling),Competitive,Deferred/Unknown,False,True,Library Only,1000,227.0,Auto-Approved,,Yes
C,Rework (Of Selling),Competitive,Deferred/Unknown,False,True,Library Only,30000,285.0,Auto-Approved,,Yes
C,Rework (Of Selling),Competitive,Deferred/Unknown,False,True,Library Only,35000,295.0,Auto-Approved,,Yes
C,Rework (Of Selling),Competitive,Deferred/Unknown,False,True,Library Only,100000,425.0,Auto-Approved,,Yes
C,Rework (Of Selling),Competitive,Deferred/Unknown,False,True,Library Only,115000,455.0,Auto-Approved,,Yes
C,Rework (Of Selling),Competitive,Deferred/Unknown,False,True,Library Only,200000,625.0,Auto-Approved,,Yes
C,Rework (Of Selling),Competitive,Deferred/Unknown,False,True,Library Only,1000000,2225.0,Auto-Approved,,Yes
C,Rework (Of Selling),Competitive,Deferred/Unknown,False,True,Starting Point,0,190.0,Auto-Approved,Jo (Non-library for a C/D customer),Yes
C,Rework (Of Selling),Competitive,Deferred/Unknown,False,True,Starting Point,1,190.002,Auto-Approved,Jo (Non-library for a C/D customer),Yes
C,Rework (Of Selling),Competitive,Deferred/Unknown,False,True,Starting Point,1000,192.0,Auto-Approved,Jo (Non-library for a C/D customer),Yes
C,Rework (Of Selling),Competitive,Deferred/Unknown,False,True,Starting Point,30000,250.0,Auto-Approved,Jo (Non-library for a C/D customer),Yes
C,Rework (Of Selling),Competitive,Deferred/Unknown,False,True,Starting Point,35000,260.0,Auto-Approved,Jo (Non-library for a C/D customer),Yes
C,Rework (Of Selling),Competitive,Deferred/Unknown,False,True,Starting Point,100000,390.0,Auto-Approved,Jo (Non-library for a C/D customer),Yes
C,Rework (Of Selling),Competitive,Deferred/Unknown,False,True,Starting Point,115000,420.0,Auto-Approved,Jo (Non-library for a C/D customer),Yes
C,Rework (Of Selling),Competitive,Deferred/Unknown,False,True,Starting Point,200000,590.0,Auto-Approved,Jo (Non-library for a C/D customer),Yes
C,Rework (Of Selling),Competitive,Deferred/Unknown,False,True,Starting Point,1000000,2190.0,Auto-Approved,Jo (Non-library for a C/D customer),Yes
C,Rework (Of Selling),Competitive,Deferred/Unknown,False,True,Creation/Unknown,0,125.0,Auto-Approved,,Yes
C,Rework (Of Selling),Competitive,Deferred/Unknown,False,True,Creation/Unknown,1,125.002,Auto-Approved,,Yes
C,Rework (Of Selling),Competitive,Deferred/Unknown,False,True,Creation/Unknown,1000,127.0,Auto-Approved,,Yes
C,Rework (Of Selling),Competitive,Deferred/Unknown,False,True,Creation/Unknown,30000,185.0,Auto-Approved,,Yes
C,Rework (Of Selling),Competitive,Deferred/Unknown,False,True,Creation/Unknown,35000,195.0,Auto-Approved,,Yes
C,Rework (Of Selling),Competitive,Deferred/Unknown,False,True,Creation/Unknown,100000,325.0,Auto-Approved,,Yes
C,Rework (Of Selling),Competitive,Deferred/Unknown,False,True,Creation/Unknown,115000,355.0,Auto-Approved,,Yes
C,Rework (Of Selling),Competitive,Deferred/Unknown,False,True,Creation/Unknown,200000,525.0,Auto-Approved,,Yes
C,Rework (Of Selling),Competitive,Deferred/Unknown,False,True,Creation/Unknown,1000000,2125.0,Auto-Approved,,Yes
C,Rework (Of Selling),Competitive,Deferred/Unknown,True,False,Library Only,0,125.0,Auto-Approved,,Yes
C,Rework (Of Selling),Competitive,Deferred/Unknown,True,False,Library Only,1,125.002,Auto-Approved,,Yes
C,Rework (Of Selling),Competitive,Deferred/Unknown,True,False,Library Only,1000,127.0,Auto-Approved,,Yes
C,Rework (Of Selling),Competitive,Deferred/Unknown,True,False,Library Only,30000,185.0,Auto-Approved,,Yes
C,Rework (Of Selling),Competitive,Deferred/Unknown,True,False,Library Only,35000,195.0,Auto-Approved,,Yes
C,Rework (Of Selling),Competitive,Deferred/Unknown,True,False,Library Only,100000,325.0,Auto-Approved,,Yes
C,Rework (Of Selling),Competitive,Deferred/Unknown,True,False,Library Only,115000,355.0,Auto-Approved,,Yes
C,Rework (Of Selling),Competitive,Deferred/Unknown,True,False,Library Only,200000,525.0,Auto-Approved,,Yes
C,Rework (Of Selling),Competitive,Deferred/Unknown,True,False,Library Only,1000000,2125.0,Auto-Approved,,Yes
C,Rework (Of Selling),Competitive,Deferred/Unknown,True,False,Starting Point,0,90.0,Auto-Approved,Jo (Non-library for a C/D customer),Yes
C,Rework (Of Selling),Competitive,Deferred/Unknown,True,False,Starting Point,1,90.002,Auto-Approved,Jo (Non-library for a C/D customer),Yes
C,Rework (Of Selling),Competitive,Deferred/Unknown,True,False,Starting Point,1000,92.0,Auto-Approved,Jo (Non-library for a C/D customer),Yes
C,Rework (Of Selling),Competitive,Deferred/Unknown,True,False,Starting Point,30000,150.0,Auto-Approved,Jo (Non-library for a C/D customer),Yes
C,Rework (Of Selling),Competitive,Deferred/Unknown,True,False,Starting Point,35000,160.0,Auto-Approved,Jo (Non-library for a C/D customer),Yes
C,Rework (Of Selling),Competitive,Deferred/Unknown,True,False,Starting Point,100000,290.0,Auto-Approved,Jo (Non-library for a C/D customer),Yes
C,Rework (Of Selling),Competitive,Deferred/Unknown,True,False,Starting Point,115000,320.0,Auto-Approved,Jo (Non-library for a C/D customer),Yes
C,Rework (Of Selling),Competitive,Deferred/Unknown,True,False,Starting Point,200000,490.0,Auto-Approved,Jo (Non-library for a C/D customer),Yes
C,Rework (Of Selling),Competitive,Deferred/Unknown,True,False,Starting Point,1000000,2090.0,Auto-Approved,Jo (Non-library for a C/D customer),Yes
C,Rework (Of Selling),Competitive,Deferred/Unknown,True,False,Creation/Unknown,0,25.0,Auto-Approved,,Yes
C,Rework (Of Selling),Competitive,Deferred/Unknown,True,False,Creation/Unknown,1,25.002000000000002,Auto-Approved,,Yes
C,Rework (Of Selling),Competitive,Deferred/Unknown,True,False,Creation/Unknown,1000,27.0,Auto-Approved,,Yes
C,Rework (Of Selling),Competitive,Deferred/Unknown,True,False,Creation/Unknown,30000,85.0,Auto-Approved,,Yes
C,Rework (Of Selling),Competitive,Deferred/Unknown,True,False,Creation/Unknown,35000,95.0,Auto-Approved,,Yes
C,Rework (Of Selling),Competitive,Deferred/Unknown,True,False,Creation/Unknown,100000,225.0,Auto-Approved,,Yes
C,Rework (Of Selling),Competitive,Deferred/Unknown,True,False,Creation/Unknown,115000,255.0,Auto-Approved,,Yes
C,Rework (Of Selling),Competitive,Deferred/Unknown,True,False,Creation/Unknown,200000,425.0,Auto-Approved,,Yes
C,Rework (Of Selling),Competitive,Deferred/Unknown,True,False,Creation/Unknown,1000000,2025.0,Auto-Approved,,Yes
C,Rework (Of Selling),Competitive,Deferred/Unknown,True,True,Library Only,0,225.0,Auto-Approved,,Yes
C,Rework (Of Selling),Competitive,Deferred/Unknown,True,True,Library Only,1,225.002,Auto-Approved,,Yes
C,Rework (Of Selling),Competitive,Deferred/Unknown,True,True,Library Only,1000,227.0,Auto-Approved,,Yes
C,Rework (Of Selling),Competitive,Deferred/Unknown,True,True,Library Only,30000,285.0,Auto-Approved,,Yes
C,Rework (Of Selling),Competitive,Deferred/Unknown,True,True,Library Only,35000,295.0,Auto-Approved,,Yes
C,Rework (Of Selling),Competitive,Deferred/Unknown,True,True,Library Only,100000,425.0,Auto-Approved,,Yes
C,Rework (Of Selling),Competitive,Deferred/Unknown,True,True,Library Only,115000,455.0,Auto-Approved,,Yes
C,Rework (Of Selling),Competitive,Deferred/Unknown,True,True,Library Only,200000,625.0,Auto-Approved,,Yes
C,Rework (Of Selling),Competitive,Deferred/Unknown,True,True,Library Only,1000000,2225.0,Auto-Approved,,Yes
C,Rework (Of Selling),Competitive,Deferred/Unknown,True,True,Starting Point,0,190.0,Auto-Approved,Jo (Non-library for a C/D customer),Yes
C,Rework (Of Selling),Competitive,Deferred/Unknown,True,True,Starting Point,1,190.002,Auto-Approved,Jo (Non-library for a C/D customer),Yes
C,Rework (Of Selling),Competitive,Deferred/Unknown,True,True,Starting Point,1000,192.0,Auto-Approved,Jo (Non-library for a C/D customer),Yes
C,Rework (Of Selling),Competitive,Deferred/Unknown,True,True,Starting Point,30000,250.0,Auto-Approved,Jo (Non-library for a C/D customer),Yes
C,Rework (Of Selling),Competitive,Deferred/Unknown,True,True,Starting Point,35000,260.0,Auto-Approved,Jo (Non-library for a C/D customer),Yes
C,Rework (Of Selling),Competitive,Deferred/Unknown,True,True,Starting Point,100000,390.0,Auto-Approved,Jo (Non-library for a C/D customer),Yes
C,Rework (Of Selling),Competitive,Deferred/Unknown,True,True,Starting Point,115000,420.0,Auto-Approved,Jo (Non-library for a C/D customer),Yes
C,Rework (Of Selling),Competitive,Deferred/Unknown,True,True,Starting Point,200000,590.0,Auto-Approved,Jo (Non-library for a C/D customer),Yes
C,Rework (Of Selling),Competitive,Deferred/Unknown,True,True,Starting Point,1000000,2190.0,Auto-Approved,Jo (Non-library for a C/D customer),Yes
C,Rework (Of Selling),Competitive,Deferred/Unknown,True,True,Creation/Unknown,0,125.0,Auto-Approved,,Yes
C,Rework (Of Selling),Competitive,Deferred/Unknown,True,True,Creation/Unknown,1,125.002,Auto-Approved,,Yes
C,Rework (Of Selling),Competitive,Deferred/Unknown,True,True,Creation/Unknown,1000,127.0,Auto-Approved,,Yes
C,Rework (Of Selling),Competitive,Deferred/Unknown,True,True,Creation/Unknown,30000,185.0,Auto-Approved,,Yes
C,Rework (Of Selling),Competitive,Deferred/Unknown,True,True,Creation/Unknown,35000,195.0,Auto-Approved,,Yes
C,Rework (Of Selling),Competitive,Deferred/Unknown,True,True,Creation/Unknown,100000,325.0,Auto-Approved,,Yes
C,Rework (Of Selling),Competitive,Deferred/Unknown,True,True,Creation/Unknown,115000,355.0,Auto-Approved,,Yes
C,Rework (Of Selling),Competitive,Deferred/Unknown,True,True,Creation/Unknown,200000,525.0,Auto-Approved,,Yes
C,Rework (Of Selling),Competitive,Deferred/Unknown,True,True,Creation/Unknown,1000000,2125.0,Auto-Approved,,Yes
C,Rework (Of Selling),ProActive,Direct,False,False,Library Only,0,125.0,Auto-Approved,,Yes
C,Rework (Of Selling),ProActive,Direct,False,False,Library Only,1,125.002,Auto-Approved,,Yes
C,Rework (Of Selling),ProActive,Direct,False,False,Library Only,1000,127.0,Auto-Approved,,Yes
C,Rework (Of Selling),ProActive,Direct,False,False,Library Only,30000,185.0,Auto-Approved,,Yes
C,Rework (Of Selling),ProActive,Direct,False,False,Library Only,35000,195.0,Auto-Approved,,Yes
C,Rework (Of Selling),ProActive,Direct,False,False,Library Only,100000,325.0,Auto-Approved,,Yes
C,Rework (Of Selling),ProActive,Direct,False,False,Library Only,115000,355.0,Auto-Approved,,Yes
C,Rework (Of Selling),ProActive,Direct,False,False,Library Only,200000,525.0,Auto-Approved,,Yes
C,Rework (Of Selling),ProActive,Direct,False,False,Library Only,1000000,2125.0,Auto-Approved,,Yes
C,Rework (Of Selling),ProActive,Direct,False,False,Starting Point,0,90.0,Auto-Approved,Jo (Non-library for a C/D customer),Yes
C,Rework (Of Selling),ProActive,Direct,False,False,Starting Point,1,90.002,Auto-Approved,Jo (Non-library for a C/D customer),Yes
C,Rework (Of Selling),ProActive,Direct,False,False,Starting Point,1000,92.0,Auto-Approved,Jo (Non-library for a C/D customer),Yes
C,Rework (Of Selling),ProActive,Direct,False,False,Starting Point,30000,150.0,Auto-Approved,Jo (Non-library for a C/D customer),Yes
C,Rework (Of Selling),ProActive,Direct,False,False,Starting Point,35000,160.0,Auto-Approved,Jo (Non-library for a C/D customer),Yes
C,Rework (Of Selling),ProActive,Direct,False,False,Starting Point,100000,290.0,Auto-Approved,Jo (Non-library for a C/D customer),Yes
C,Rework (Of Selling),ProActive,Direct,False,False,Starting Point,115000,320.0,Auto-Approved,Jo (Non-library for a C/D customer),Yes
C,Rework (Of Selling),ProActive,Direct,False,False,Starting Point,200000,490.0,Auto-Approved,Jo (Non-library for a C/D customer),Yes
C,Rework (Of Selling),ProActive,Direct,False,False,Starting Point,1000000,2090.0,Auto-Approved,Jo (Non-library for a C/D customer),Yes
C,Rework (Of Selling),ProActive,Direct,False,False,Creation/Unknown,0,25.0,Auto-Approved,,Yes
C,Rework (Of Selling),ProActive,Direct,False,False,Creation/Unknown,1,25.002,Auto-Approved,,Yes
C,Rework (Of Selling),ProActive,Direct,False,False,Creation/Unknown,1000,27.0,Auto-Approved,,Yes
C,Rework (Of Selling),ProActive,Direct,False,False,Creation/Unknown,30000,85.0,Auto-Approved,,Yes
C,Rework (Of Selling),ProActive,Direct,False,False,Creation/Unknown,35000,95.0,Auto-Approved,,Yes
C,Rework (Of Selling),ProActive,Direct,False,False,Creation/Unknown,100000,225.0,Auto-Approved,,Yes
C,Rework (Of Selling),ProActive,Direct,False,False,Creation/Unknown,115000,255.0,Auto-Approved,,Yes
C,Rework (Of Selling),ProActive,Direct,False,False,Creation/Unknown,200000,425.0,Auto-Approved,,Yes
C,Rework (Of Selling),ProActive,Direct,False,False,Creation/Unknown,1000000,2025.0,Auto-Approved,,Yes
C,Rework (Of Selling),ProActive,Direct,False,True,Library Only,0,225.0,Auto-Approved,,Yes
C,Rework (Of Selling),ProActive,Direct,False,True,Library Only,1,225.002,Auto-Approved,,Yes
C,Rework (Of Selling),ProActive,Direct,False,True,Library Only,1000,227.0,Auto-Approved,,Yes
C,Rework (Of Selling),ProActive,Direct,False,True,Library Only,30000,285.0,Auto-Approved,,Yes
C,Rework (Of Selling),ProActive,Direct,False,True,Library Only,35000,295.0,Auto-Approved,,Yes
C,Rework (Of Selling),ProActive,Direct,False,True,Library Only,100000,425.0,Auto-Approved,,Yes
C,Rework (Of Selling),ProActive,Direct,False,True,Library Only,115000,455.0,Auto-Approved,,Yes
C,Rework (Of Selling),ProActive,Direct,False,True,Library Only,200000,625.0,Auto-Approved,,Yes
C,Rework (Of Selling),ProActive,Direct,False,True,Library Only,1000000,2225.0,Auto-Approved,,Yes
C,Rework (Of Selling),ProActive,Direct,False,True,Starting Point,0,190.0,Auto-Approved,Jo (Non-library for a C/D customer),Yes
C,Rework (Of Selling),ProActive,Direct,False,True,Starting Point,1,190.002,Auto-Approved,Jo (Non-library for a C/D customer),Yes
C,Rework (Of Selling),ProActive,Direct,False,True,Starting Point,1000,192.0,Auto-Approved,Jo (Non-library for a C/D customer),Yes
C,Rework (Of Selling),ProActive,Direct,False,True,Starting Point,30000,250.0,Auto-Approved,Jo (Non-library for a C/D customer),Yes
C,Rework (Of Selling),ProActive,Direct,False,True,Starting Point,35000,260.0,Auto-Approved,Jo (Non-library for a C/D customer),Yes
C,Rework (Of Selling),ProActive,Direct,False,True,Starting Point,100000,390.0,Auto-Approved,Jo (Non-library for a C/D customer),Yes
C,Rework (Of Selling),ProActive,Direct,False,True,Starting Point,115000,420.0,Auto-Approved,Jo (Non-library for a C/D customer),Yes
C,Rework (Of Selling),ProActive,Direct,False,True,Starting Point,200000,590.0,Auto-Approved,Jo (Non-library for a C/D customer),Yes
C,Rework (Of Selling),ProActive,Direct,False,True,Starting Point,1000000,2190.0,Auto-Approved,Jo (Non-library for a C/D customer),Yes
C,Rework (Of Selling),ProActive,Direct,False,True,Creation/Unknown,0,125.0,Auto-Approved,,Yes
C,Rework (Of Selling),ProActive,Direct,False,True,Creation/Unknown,1,125.002,Auto-Approved,,Yes
C,Rework (Of Selling),ProActive,Direct,False,True,Creation/Unknown,1000,127.0,Auto-Approved,,Yes
C,Rework (Of Selling),ProActive,Direct,False,True,Creation/Unknown,30000,185.0,Auto-Approved,,Yes
C,Rework (Of Selling),ProActive,Direct,False,True,Creation/Unknown,35000,195.0,Auto-Approved,,Yes
C,Rework (Of Selling),ProActive,Direct,False,True,Creation/Unknown,100000,325.0,Auto-Approved,,Yes
C,Rework (Of Selling),ProActive,Direct,False,True,Creation/Unknown,115000,355.0,Auto-Approved,,Yes
C,Rework (Of Selling),ProActive,Direct,False,True,Creation/Unknown,200000,525.0,Auto-Approved,,Yes
C,Rework (Of Selling),ProActive,Direct,False,True,Creation/Unknown,1000000,2125.0,Auto-Approved,,Yes
C,Rework (Of Selling),ProActive,Direct,True,False,Library Only,0,125.0,Auto-Approved,,Yes
C,Rework (Of Selling),ProActive,Direct,True,False,Library Only,1,125.002,Auto-Approved,,Yes
C,Rework (Of Selling),ProActive,Direct,True,False,Library Only,1000,127.0,Auto-Approved,,Yes
C,Rework (Of Selling),ProActive,Direct,True,False,Library Only,30000,185.0,Auto-Approved,,Yes
C,Rework (Of Selling),ProActive,Direct,True,False,Library Only,35000,195.0,Auto-Approved,,Yes
C,Rework (Of Selling),ProActive,Direct,True,False,Library Only,100000,325.0,Auto-Approved,,Yes
C,Rework (Of Selling),ProActive,Direct,True,False,Library Only,115000,355.0,Auto-Approved,,Yes
C,Rework (Of Selling),ProActive,Direct,True,False,Library Only,200000,525.0,Auto-Approved,,Yes
C,Rework (Of Selling),ProActive,Direct,True,False,Library Only,1000000,2125.0,Auto-Approved,,Yes
C,Rework (Of Selling),ProActive,Direct,True,False,Starting Point,0,90.0,Auto-Approved,Jo (Non-library for a C/D customer),Yes
C,Rework (Of Selling),ProActive,Direct,True,False,Starting Point,1,90.002,Auto-Approved,Jo (Non-library for a C/D customer),Yes
C,Rework (Of Selling),ProActive,Direct,True,False,Starting Point,1000,92.0,Auto-Approved,Jo (Non-library for a C/D customer),Yes
C,Rework (Of Selling),ProActive,Direct,True,False,Starting Point,30000,150.0,Auto-Approved,Jo (Non-library for a C/D customer),Yes
C,Rework (Of Selling),ProActive,Direct,True,False,Starting Point,35000,160.0,Auto-Approved,Jo (Non-library for a C/D customer),Yes
C,Rework (Of Selling),ProActive,Direct,True,False,Starting Point,100000,290.0,Auto-Approved,Jo (Non-library for a C/D customer),Yes
C,Rework (Of Selling),ProActive,Direct,True,False,Starting Point,115000,320.0,Auto-Approved,Jo (Non-library for a C/D customer),Yes
C,Rework (Of Selling),ProActive,Direct,True,False,Starting Point,200000,490.0,Auto-Approved,Jo (Non-library for a C/D customer),Yes
C,Rework (Of Selling),ProActive,Direct,True,False,Starting Point,1000000,2090.0,Auto-Approved,Jo (Non-library for a C/D customer),Yes
C,Rework (Of Selling),ProActive,Direct,True,False,Creation/Unknown,0,25.0,Auto-Approved,,Yes
C,Rework (Of Selling),ProActive,Direct,True,False,Creation/Unknown,1,25.002,Auto-Approved,,Yes
C,Rework (Of Selling),ProActive,Direct,True,False,Creation/Unknown,1000,27.0,Auto-Approved,,Yes
C,Rework (Of Selling),ProActive,Direct,True,False,Creation/Unknown,30000,85.0,Auto-Approved,,Yes
C,Rework (Of Selling),ProActive,Direct,True,False,Creation/Unknown,35000,95.0,Auto-Approved,,Yes
C,Rework (Of Selling),ProActive,Direct,True,False,Creation/Unknown,100000,225.0,Auto-Approved,,Yes
C,Rework (Of Selling),ProActive,Direct,True,False,Creation/Unknown,115000,255.0,Auto-Approved,,Yes
C,Rework (Of Selling),ProActive,Direct,True,False,Creation/Unknown,200000,425.0,Auto-Approved,,Yes
C,Rework (Of Selling),ProActive,Direct,True,False,Creation/Unknown,1000000,2025.0,Auto-Approved,,Yes
C,Rework (Of Selling),ProActive,Direct,True,True,Library Only,0,225.0,Auto-Approved,,Yes
C,Rework (Of Selling),ProActive,Direct,True,True,Library Only,1,225.002,Auto-Approved,,Yes
C,Rework (Of Selling),ProActive,Direct,True,True,Library Only,1000,227.0,Auto-Approved,,Yes
C,Rework (Of Selling),ProActive,Direct,True,True,Library Only,30000,285.0,Auto-Approved,,Yes
C,Rework (Of Selling),ProActive,Direct,True,True,Library Only,35000,295.0,Auto-Approved,,Yes
C,Rework (Of Selling),ProActive,Direct,True,True,Library Only,100000,425.0,Auto-Approved,,Yes
C,Rework (Of Selling),ProActive,Direct,True,True,Library Only,115000,455.0,Auto-Approved,,Yes
C,Rework (Of Selling),ProActive,Direct,True,True,Library Only,200000,625.0,Auto-Approved,,Yes
C,Rework (Of Selling),ProActive,Direct,True,True,Library Only,1000000,2225.0,Auto-Approved,,Yes
C,Rework (Of Selling),ProActive,Direct,True,True,Starting Point,0,190.0,Auto-Approved,Jo (Non-library for a C/D customer),Yes
C,Rework (Of Selling),ProActive,Direct,True,True,Starting Point,1,190.002,Auto-Approved,Jo (Non-library for a C/D customer),Yes
C,Rework (Of Selling),ProActive,Direct,True,True,Starting Point,1000,192.0,Auto-Approved,Jo (Non-library for a C/D customer),Yes
C,Rework (Of Selling),ProActive,Direct,True,True,Starting Point,30000,250.0,Auto-Approved,Jo (Non-library for a C/D customer),Yes
C,Rework (Of Selling),ProActive,Direct,True,True,Starting Point,35000,260.0,Auto-Approved,Jo (Non-library for a C/D customer),Yes
C,Rework (Of Selling),ProActive,Direct,True,True,Starting Point,100000,390.0,Auto-Approved,Jo (Non-library for a C/D customer),Yes
C,Rework (Of Selling),ProActive,Direct,True,True,Starting Point,115000,420.0,Auto-Approved,Jo (Non-library for a C/D customer),Yes
C,Rework (Of Selling),ProActive,Direct,True,True,Starting Point,200000,590.0,Auto-Approved,Jo (Non-library for a C/D customer),Yes
C,Rework (Of Selling),ProActive,Direct,True,True,Starting Point,1000000,2190.0,Auto-Approved,Jo (Non-library for a C/D customer),Yes
C,Rework (Of Selling),ProActive,Direct,True,True,Creation/Unknown,0,125.0,Auto-Approved,,Yes
C,Rework (Of Selling),ProActive,Direct,True,True,Creation/Unknown,1,125.002,Auto-Approved,,Yes
C,Rework (Of Selling),ProActive,Direct,True,True,Creation/Unknown,1000,127.0,Auto-Approved,,Yes
C,Rework (Of Selling),ProActive,Direct,True,True,Creation/Unknown,30000,185.0,Auto-Approved,,Yes
C,Rework (Of Selling),ProActive,Direct,True,True,Creation/Unknown,35000,195.0,Auto-Approved,,Yes
C,Rework (Of Selling),ProActive,Direct,True,True,Creation/Unknown,100000,325.0,Auto-Approved,,Yes
C,Rework (Of Selling),ProActive,Direct,True,True,Creation/Unknown,115000,355.0,Auto-Approved,,Yes
C,Rework (Of Selling),ProActive,Direct,True,True,Creation/Unknown,200000,525.0,Auto-Approved,,Yes
C,Rework (Of Selling),ProActive,Direct,True,True,Creation/Unknown,1000000,2125.0,Auto-Approved,,Yes
C,Rework (Of Selling),ProActive,Deferred/Unknown,False,False,Library Only,0,125.0,Auto-Approved,,Yes
C,Rework (Of Selling),ProActive,Deferred/Unknown,False,False,Library Only,1,125.0015,Auto-Approved,,Yes
C,Rework (Of Selling),ProActive,Deferred/Unknown,False,False,Library Only,1000,126.5,Auto-Approved,,Yes
C,Rework (Of Selling),ProActive,Deferred/Unknown,False,False,Library Only,30000,170.0,Auto-Approved,,Yes
C,Rework (Of Selling),ProActive,Deferred/Unknown,False,False,Library Only,35000,177.5,Auto-Approved,,Yes
C,Rework (Of Selling),ProActive,Deferred/Unknown,False,False,Library Only,100000,275.0,Auto-Approved,,Yes
C,Rework (Of Selling),ProActive,Deferred/Unknown,False,False,Library Only,115000,297.5,Auto-Approved,,Yes
C,Rework (Of Selling),ProActive,Deferred/Unknown,False,False,Library Only,200000,425.0,Auto-Approved,,Yes
C,Rework (Of Selling),ProActive,Deferred/Unknown,False,False,Library Only,1000000,1625.0,Auto-Approved,,Yes
C,Rework (Of Selling),ProActive,Deferred/Unknown,False,False,Starting Point,0,90.0,Auto-Approved,Jo (Non-library for a C/D customer),Yes
C,Rework (Of Selling),ProActive,Deferred/Unknown,False,False,Starting Point,1,90.0015,Auto-Approved,Jo (Non-library for a C/D customer),Yes
C,Rework (Of Selling),ProActive,Deferred/Unknown,False,False,Starting Point,1000,91.5,Auto-Approved,Jo (Non-library for a C/D customer),Yes
C,Rework (Of Selling),ProActive,Deferred/Unknown,False,False,Starting Point,30000,135.0,Auto-Approved,Jo (Non-library for a C/D customer),Yes
C,Rework (Of Selling),ProActive,Deferred/Unknown,False,False,Starting Point,35000,142.5,Auto-Approved,Jo (Non-library for a C/D customer),Yes
C,Rework (Of Selling),ProActive,Deferred/Unknown,False,False,Starting Point,100000,240.0,Auto-Approved,Jo (Non-library for a C/D customer),Yes
C,Rework (Of Selling),ProActive,Deferred/Unknown,False,False,Starting Point,115000,262.5,Auto-Approved,Jo (Non-library for a C/D customer),Yes
C,Rework (Of Selling),ProActive,Deferred/Unknown,False,False,Starting Point,200000,390.0,Auto-Approved,Jo (Non-library for a C/D customer),Yes
C,Rework (Of Selling),ProActive,Deferred/Unknown,False,False,Starting Point,1000000,1590.0,Auto-Approved,Jo (Non-library for a C/D customer),Yes
C,Rework (Of Selling),ProActive,Deferred/Unknown,False,False,Creation/Unknown,0,25.0,Auto-Approved,,Yes
C,Rework (Of Selling),ProActive,Deferred/Unknown,False,False,Creation/Unknown,1,25.0015,Auto-Approved,,Yes
C,Rework (Of Selling),ProActive,Deferred/Unknown,False,False,Creation/Unknown,1000,26.5,Auto-Approved,,Yes
C,Rework (Of Selling),ProActive,Deferred/Unknown,False,False,Creation/Unknown,30000,70.0,Auto-Approved,,Yes
C,Rework (Of Selling),ProActive,Deferred/Unknown,False,False,Creation/Unknown,35000,77.5,Auto-Approved,,Yes
C,Rework (Of Selling),ProActive,Deferred/Unknown,False,False,Creation/Unknown,100000,175.0,Auto-Approved,,Yes
C,Rework (Of Selling),ProActive,Deferred/Unknown,False,False,Creation/Unknown,115000,197.5,Auto-Approved,,Yes
C,Rework (Of Selling),ProActive,Deferred/Unknown,False,False,Creation/Unknown,200000,325.0,Auto-Approved,,Yes
C,Rework (Of Selling),ProActive,Deferred/Unknown,False,False,Creation/Unknown,1000000,1525.0,Auto-Approved,,Yes
C,Rework (Of Selling),ProActive,Deferred/Unknown,False,True,Library Only,0,225.0,Auto-Approved,,Yes
C,Rework (Of Selling),ProActive,Deferred/Unknown,False,True,Library Only,1,225.0015,Auto-Approved,,Yes
C,Rework (Of Selling),ProActive,Deferred/Unknown,False,True,Library Only,1000,226.5,Auto-Approved,,Yes
C,Rework (Of Selling),ProActive,Deferred/Unknown,False,True,Library Only,30000,270.0,Auto-Approved,,Yes
C,Rework (Of Selling),ProActive,Deferred/Unknown,False,True,Library Only,35000,277.5,Auto-Approved,,Yes
C,Rework (Of Selling),ProActive,Deferred/Unknown,False,True,Library Only,100000,375.0,Auto-Approved,,Yes
C,Rework (Of Selling),ProActive,Deferred/Unknown,False,True,Library Only,115000,397.5,Auto-Approved,,Yes
C,Rework (Of Selling),ProActive,Deferred/Unknown,False,True,Library Only,200000,525.0,Auto-Approved,,Yes
C,Rework (Of Selling),ProActive,Deferred/Unknown,False,True,Library Only,1000000,1725.0,Auto-Approved,,Yes
C,Rework (Of Selling),ProActive,Deferred/Unknown,False,True,Starting Point,0,190.0,Auto-Approved,Jo (Non-library for a C/D customer),Yes
C,Rework (Of Selling),ProActive,Deferred/Unknown,False,True,Starting Point,1,190.0015,Auto-Approved,Jo (Non-library for a C/D customer),Yes
C,Rework (Of Selling),ProActive,Deferred/Unknown,False,True,Starting Point,1000,191.5,Auto-Approved,Jo (Non-library for a C/D customer),Yes
C,Rework (Of Selling),ProActive,Deferred/Unknown,False,True,Starting Point,30000,235.0,Auto-Approved,Jo (Non-library for a C/D customer),Yes
C,Rework (Of Selling),ProActive,Deferred/Unknown,False,True,Starting Point,35000,242.5,Auto-Approved,Jo (Non-library for a C/D customer),Yes
C,Rework (Of Selling),ProActive,Deferred/Unknown,False,True,Starting Point,100000,340.0,Auto-Approved,Jo (Non-library for a C/D customer),Yes
C,Rework (Of Selling),ProActive,Deferred/Unknown,False,True,Starting Point,115000,362.5,Auto-Approved,Jo (Non-library for a C/D customer),Yes
C,Rework (Of Selling),ProActive,Deferred/Unknown,False,True,Starting Point,200000,490.0,Auto-Approved,Jo (Non-library for a C/D customer),Yes
C,Rework (Of Selling),ProActive,Deferred/Unknown,False,True,Starting Point,1000000,1690.0,Auto-Approved,Jo (Non-library for a C/D customer),Yes
C,Rework (Of Selling),ProActive,Deferred/Unknown,False,True,Creation/Unknown,0,125.0,Auto-Approved,,Yes
C,Rework (Of Selling),ProActive,Deferred/Unknown,False,True,Creation/Unknown,1,125.0015,Auto-Approved,,Yes
C,Rework (Of Selling),ProActive,Deferred/Unknown,False,True,Creation/Unknown,1000,126.5,Auto-Approved,,Yes
C,Rework (Of Selling),ProActive,Deferred/Unknown,False,True,Creation/Unknown,30000,170.0,Auto-Approved,,Yes
C,Rework (Of Selling),ProActive,Deferred/Unknown,False,True,Creation/Unknown,35000,177.5,Auto-Approved,,Yes
C,Rework (Of Selling),ProActive,Deferred/Unknown,False,True,Creation/Unknown,100000,275.0,Auto-Approved,,Yes
C,Rework (Of Selling),ProActive,Deferred/Unknown,False,True,Creation/Unknown,115000,297.5,Auto-Approved,,Yes
C,Rework (Of Selling),ProActive,Deferred/Unknown,False,True,Creation/Unknown,200000,425.0,Auto-Approved,,Yes
C,Rework (Of Selling),ProActive,Deferred/Unknown,False,True,Creation/Unknown,1000000,1625.0,Auto-Approved,,Yes
C,Rework (Of Selling),ProActive,Deferred/Unknown,True,False,Library Only,0,125.0,Auto-Approved,,Yes
C,Rework (Of Selling),ProActive,Deferred/Unknown,True,False,Library Only,1,125.0015,Auto-Approved,,Yes
C,Rework (Of Selling),ProActive,Deferred/Unknown,True,False,Library Only,1000,126.5,Auto-Approved,,Yes
C,Rework (Of Selling),ProActive,Deferred/Unknown,True,False,Library Only,30000,170.0,Auto-Approved,,Yes
C,Rework (Of Selling),ProActive,Deferred/Unknown,True,False,Library Only,35000,177.5,Auto-Approved,,Yes
C,Rework (Of Selling),ProActive,Deferred/Unknown,True,False,Library Only,100000,275.0,Auto-Approved,,Yes
C,Rework (Of Selling),ProActive,Deferred/Unknown,True,False,Library Only,115000,297.5,Auto-Approved,,Yes
C,Rework (Of Selling),ProActive,Deferred/Unknown,True,False,Library Only,200000,425.0,Auto-Approved,,Yes
C,Rework (Of Selling),ProActive,Deferred/Unknown,True,False,Library Only,1000000,1625.0,Auto-Approved,,Yes
C,Rework (Of Selling),ProActive,Deferred/Unknown,True,False,Starting Point,0,90.0,Auto-Approved,Jo (Non-library for a C/D customer),Yes
C,Rework (Of Selling),ProActive,Deferred/Unknown,True,False,Starting Point,1,90.0015,Auto-Approved,Jo (Non-library for a C/D customer),Yes
C,Rework (Of Selling),ProActive,Deferred/Unknown,True,False,Starting Point,1000,91.5,Auto-Approved,Jo (Non-library for a C/D customer),Yes
C,Rework (Of Selling),ProActive,Deferred/Unknown,True,False,Starting Point,30000,135.0,Auto-Approved,Jo (Non-library for a C/D customer),Yes
C,Rework (Of Selling),ProActive,Deferred/Unknown,True,False,Starting Point,35000,142.5,Auto-Approved,Jo (Non-library for a C/D customer),Yes
C,Rework (Of Selling),ProActive,Deferred/Unknown,True,False,Starting Point,100000,240.0,Auto-Approved,Jo (Non-library for a C/D customer),Yes
C,Rework (Of Selling),ProActive,Deferred/Unknown,True,False,Starting Point,115000,262.5,Auto-Approved,Jo (Non-library for a C/D customer),Yes
C,Rework (Of Selling),ProActive,Deferred/Unknown,True,False,Starting Point,200000,390.0,Auto-Approved,Jo (Non-library for a C/D customer),Yes
C,Rework (Of Selling),ProActive,Deferred/Unknown,True,False,Starting Point,1000000,1590.0,Auto-Approved,Jo (Non-library for a C/D customer),Yes
C,Rework (Of Selling),ProActive,Deferred/Unknown,True,False,Creation/Unknown,0,25.0,Auto-Approved,,Yes
C,Rework (Of Selling),ProActive,Deferred/Unknown,True,False,Creation/Unknown,1,25.0015,Auto-Approved,,Yes
C,Rework (Of Selling),ProActive,Deferred/Unknown,True,False,Creation/Unknown,1000,26.5,Auto-Approved,,Yes
C,Rework (Of Selling),ProActive,Deferred/Unknown,True,False,Creation/Unknown,30000,70.0,Auto-Approved,,Yes
C,Rework (Of Selling),ProActive,Deferred/Unknown,True,False,Creation/Unknown,35000,77.5,Auto-Approved,,Yes
C,Rework (Of Selling),ProActive,Deferred/Unknown,True,False,Creation/Unknown,100000,175.0,Auto-Approved,,Yes
C,Rework (Of Selling),ProActive,Deferred/Unknown,True,False,Creation/Unknown,115000,197.5,Auto-Approved,,Yes
C,Rework (Of Selling),ProActive,Deferred/Unknown,True,False,Creation/Unknown,200000,325.0,Auto-Approved,,Yes
C,Rework (Of Selling),ProActive,Deferred/Unknown,True,False,Creation/Unknown,1000000,1525.0,Auto-Approved,,Yes
C,Rework (Of Selling),ProActive,Deferred/Unknown,True,True,Library Only,0,225.0,Auto-Approved,,Yes
C,Rework (Of Selling),ProActive,Deferred/Unknown,True,True,Library Only,1,225.0015,Auto-Approved,,Yes
C,Rework (Of Selling),ProActive,Deferred/Unknown,True,True,Library Only,1000,226.5,Auto-Approved,,Yes
C,Rework (Of Selling),ProActive,Deferred/Unknown,True,True,Library Only,30000,270.0,Auto-Approved,,Yes
C,Rework (Of Selling),ProActive,Deferred/Unknown,True,True,Library Only,35000,277.5,Auto-Approved,,Yes
C,Rework (Of Selling),ProActive,Deferred/Unknown,True,True,Library Only,100000,375.0,Auto-Approved,,Yes
C,Rework (Of Selling),ProActive,Deferred/Unknown,True,True,Library Only,115000,397.5,Auto-Approved,,Yes
C,Rework (Of Selling),ProActive,Deferred/Unknown,True,True,Library Only,200000,525.0,Auto-Approved,,Yes
C,Rework (Of Selling),ProActive,Deferred/Unknown,True,True,Library Only,1000000,1725.0,Auto-Approved,,Yes
C,Rework (Of Selling),ProActive,Deferred/Unknown,True,True,Starting Point,0,190.0,Auto-Approved,Jo (Non-library for a C/D customer),Yes
C,Rework (Of Selling),ProActive,Deferred/Unknown,True,True,Starting Point,1,190.0015,Auto-Approved,Jo (Non-library for a C/D customer),Yes
C,Rework (Of Selling),ProActive,Deferred/Unknown,True,True,Starting Point,1000,191.5,Auto-Approved,Jo (Non-library for a C/D customer),Yes
C,Rework (Of Selling),ProActive,Deferred/Unknown,True,True,Starting Point,30000,235.0,Auto-Approved,Jo (Non-library for a C/D customer),Yes
C,Rework (Of Selling),ProActive,Deferred/Unknown,True,True,Starting Point,35000,242.5,Auto-Approved,Jo (Non-library for a C/D customer),Yes
C,Rework (Of Selling),ProActive,Deferred/Unknown,True,True,Starting Point,100000,340.0,Auto-Approved,Jo (Non-library for a C/D customer),Yes
C,Rework (Of Selling),ProActive,Deferred/Unknown,True,True,Starting Point,115000,362.5,Auto-Approved,Jo (Non-library for a C/D customer),Yes
C,Rework (Of Selling),ProActive,Deferred/Unknown,True,True,Starting Point,200000,490.0,Auto-Approved,Jo (Non-library for a C/D customer),Yes
C,Rework (Of Selling),ProActive,Deferred/Unknown,True,True,Starting Point,1000000,1690.0,Auto-Approved,Jo (Non-library for a C/D customer),Yes
C,Rework (Of Selling),ProActive,Deferred/Unknown,True,True,Creation/Unknown,0,125.0,Auto-Approved,,Yes
C,Rework (Of Selling),ProActive,Deferred/Unknown,True,True,Creation/Unknown,1,125.0015,Auto-Approved,,Yes
C,Rework (Of Selling),ProActive,Deferred/Unknown,True,True,Creation/Unknown,1000,126.5,Auto-Approved,,Yes
C,Rework (Of Selling),ProActive,Deferred/Unknown,True,True,Creation/Unknown,30000,170.0,Auto-Approved,,Yes
C,Rework (Of Selling),ProActive,Deferred/Unknown,True,True,Creation/Unknown,35000,177.5,Auto-Approved,,Yes
C,Rework (Of Selling),ProActive,Deferred/Unknown,True,True,Creation/Unknown,100000,275.0,Auto-Approved,,Yes
C,Rework (Of Selling),ProActive,Deferred/Unknown,True,True,Creation/Unknown,115000,297.5,Auto-Approved,,Yes
C,Rework (Of Selling),ProActive,Deferred/Unknown,True,True,Creation/Unknown,200000,425.0,Auto-Approved,,Yes
C,Rework (Of Selling),ProActive,Deferred/Unknown,True,True,Creation/Unknown,1000000,1625.0,Auto-Approved,,Yes
C,Rework (Non-Selling),Exclusive,Direct,False,False,Library Only,0,125.0,Auto-Approved,,No
C,Rework (Non-Selling),Exclusive,Direct,False,False,Library Only,1,125.0025,Auto-Approved,,No
C,Rework (Non-Selling),Exclusive,Direct,False,False,Library Only,1000,127.5,Auto-Approved,,No
C,Rework (Non-Selling),Exclusive,Direct,False,False,Library Only,30000,200.0,Auto-Approved,,No
C,Rework (Non-Selling),Exclusive,Direct,False,False,Library Only,35000,212.5,Auto-Approved,,No
C,Rework (Non-Selling),Exclusive,Direct,False,False,Library Only,100000,375.0,Auto-Approved,,No
C,Rework (Non-Selling),Exclusive,Direct,False,False,Library Only,115000,412.5,Auto-Approved,,No
C,Rework (Non-Selling),Exclusive,Direct,False,False,Library Only,200000,625.0,Auto-Approved,,No
C,Rework (Non-Selling),Exclusive,Direct,False,False,Library Only,1000000,2625.0,Auto-Approved,,No
C,Rework (Non-Selling),Exclusive,Direct,False,False,Starting Point,0,90.0,Pending Approval,Jo (Non-library for a C/D customer),No
C,Rework (Non-Selling),Exclusive,Direct,False,False,Starting Point,1,90.0025,Pending Approval,Jo (Non-library for a C/D customer),No
C,Rework (Non-Selling),Exclusive,Direct,False,False,Starting Point,1000,92.5,Pending Approval,Jo (Non-library for a C/D customer),No
C,Rework (Non-Selling),Exclusive,Direct,False,False,Starting Point,30000,165.0,Pending Approval,Jo (Non-library for a C/D customer),No
C,Rework (Non-Selling),Exclusive,Direct,False,False,Starting Point,35000,177.5,Pending Approval,Jo (Non-library for a C/D customer),No
C,Rework (Non-Selling),Exclusive,Direct,False,False,Starting Point,100000,340.0,Pending Approval,Jo (Non-library for a C/D customer),No
C,Rework (Non-Selling),Exclusive,Direct,False,False,Starting Point,115000,377.5,Pending Approval,Jo (Non-library for a C/D customer),No
C,Rework (Non-Selling),Exclusive,Direct,False,False,Starting Point,200000,590.0,Pending Approval,Jo (Non-library for a C/D customer),No
C,Rework (Non-Selling),Exclusive,Direct,False,False,Starting Point,1000000,2590.0,Pending Approval,Jo (Non-library for a C/D customer),No
C,Rework (Non-Selling),Exclusive,Direct,False,False,Creation/Unknown,0,25.0,Declined,,No
C,Rework (Non-Selling),Exclusive,Direct,False,False,Creation/Unknown,1,25.002499999999998,Declined,,No
C,Rework (Non-Selling),Exclusive,Direct,False,False,Creation/Unknown,1000,27.5,Declined,,No
C,Rework (Non-Selling),Exclusive,Direct,False,False,Creation/Unknown,30000,100.0,Pending Approval,,No
C,Rework (Non-Selling),Exclusive,Direct,False,False,Creation/Unknown,35000,112.5,Pending Approval,,No
C,Rework (Non-Selling),Exclusive,Direct,False,False,Creation/Unknown,100000,275.0,Auto-Approved,,No
C,Rework (Non-Selling),Exclusive,Direct,False,False,Creation/Unknown,115000,312.5,Auto-Approved,,No
C,Rework (Non-Selling),Exclusive,Direct,False,False,Creation/Unknown,200000,525.0,Auto-Approved,,No
C,Rework (Non-Selling),Exclusive,Direct,False,False,Creation/Unknown,1000000,2525.0,Auto-Approved,,No
C,Rework (Non-Selling),Exclusive,Direct,False,True,Library Only,0,225.0,Auto-Approved,,No
C,Rework (Non-Selling),Exclusive,Direct,False,True,Library Only,1,225.0025,Auto-Approved,,No
C,Rework (Non-Selling),Exclusive,Direct,False,True,Library Only,1000,227.5,Auto-Approved,,No
C,Rework (Non-Selling),Exclusive,Direct,False,True,Library Only,30000,300.0,Auto-Approved,,No
C,Rework (Non-Selling),Exclusive,Direct,False,True,Library Only,35000,312.5,Auto-Approved,,No
C,Rework (Non-Selling),Exclusive,Direct,False,True,Library Only,100000,475.0,Auto-Approved,,No
C,Rework (Non-Selling),Exclusive,Direct,False,True,Library Only,115000,512.5,Auto-Approved,,No
C,Rework (Non-Selling),Exclusive,Direct,False,True,Library Only,200000,725.0,Auto-Approved,,No
C,Rework (Non-Selling),Exclusive,Direct,False,True,Library Only,1000000,2725.0,Auto-Approved,,No
C,Rework (Non-Selling),Exclusive,Direct,False,True,Starting Point,0,190.0,Pending Approval,Jo (Non-library for a C/D customer),No
C,Rework (Non-Selling),Exclusive,Direct,False,True,Starting Point,1,190.0025,Pending Approval,Jo (Non-library for a C/D customer),No
C,Rework (Non-Selling),Exclusive,Direct,False,True,Starting Point,1000,192.5,Pending Approval,Jo (Non-library for a C/D customer),No
C,Rework (Non-Selling),Exclusive,Direct,False,True,Starting Point,30000,265.0,Pending Approval,Jo (Non-library for a C/D customer),No
C,Rework (Non-Selling),Exclusive,Direct,False,True,Starting Point,35000,277.5,Pending Approval,Jo (Non-library for a C/D customer),No
C,Rework (Non-Selling),Exclusive,Direct,False,True,Starting Point,100000,440.0,Pending Approval,Jo (Non-library for a C/D customer),No
C,Rework (Non-Selling),Exclusive,Direct,False,True,Starting Point,115000,477.5,Pending Approval,Jo (Non-library for a C/D customer),No
C,Rework (Non-Selling),Exclusive,Direct,False,True,Starting Point,200000,690.0,Pending Approval,Jo (Non-library for a C/D customer),No
C,Rework (Non-Selling),Exclusive,Direct,False,True,Starting Point,1000000,2690.0,Pending Approval,Jo (Non-library for a C/D customer),No
C,Rework (Non-Selling),Exclusive,Direct,False,True,Creation/Unknown,0,125.0,Auto-Approved,,No
C,Rework (Non-Selling),Exclusive,Direct,False,True,Creation/Unknown,1,125.0025,Auto-Approved,,No
C,Rework (Non-Selling),Exclusive,Direct,False,True,Creation/Unknown,1000,127.5,Auto-Approved,,No
C,Rework (Non-Selling),Exclusive,Direct,False,True,Creation/Unknown,30000,200.0,Auto-Approved,,No
C,Rework (Non-Selling),Exclusive,Direct,False,True,Creation/Unknown,35000,212.5,Auto-Approved,,No
C,Rework (Non-Selling),Exclusive,Direct,False,True,Creation/Unknown,100000,375.0,Auto-Approved,,No
C,Rework (Non-Selling),Exclusive,Direct,False,True,Creation/Unknown,115000,412.5,Auto-Approved,,No
C,Rework (Non-Selling),Exclusive,Direct,False,True,Creation/Unknown,200000,625.0,Auto-Approved,,No
C,Rework (Non-Selling),Exclusive,Direct,False,True,Creation/Unknown,1000000,2625.0,Auto-Approved,,No
C,Rework (Non-Selling),Exclusive,Direct,True,False,Library Only,0,125.0,Auto-Approved,,Yes
C,Rework (Non-Selling),Exclusive,Direct,True,False,Library Only,1,125.0025,Auto-Approved,,Yes
C,Rework (Non-Selling),Exclusive,Direct,True,False,Library Only,1000,127.5,Auto-Approved,,Yes
C,Rework (Non-Selling),Exclusive,Direct,True,False,Library Only,30000,200.0,Auto-Approved,,Yes
C,Rework (Non-Selling),Exclusive,Direct,True,False,Library Only,35000,212.5,Auto-Approved,,Yes
C,Rework (Non-Selling),Exclusive,Direct,True,False,Library Only,100000,375.0,Auto-Approved,,Yes
C,Rework (Non-Selling),Exclusive,Direct,True,False,Library Only,115000,412.5,Auto-Approved,,Yes
C,Rework (Non-Selling),Exclusive,Direct,True,False,Library Only,200000,625.0,Auto-Approved,,Yes
C,Rework (Non-Selling),Exclusive,Direct,True,False,Library Only,1000000,2625.0,Auto-Approved,,Yes
C,Rework (Non-Selling),Exclusive,Direct,True,False,Starting Point,0,90.0,Auto-Approved,Jo (Non-library for a C/D customer),Yes
C,Rework (Non-Selling),Exclusive,Direct,True,False,Starting Point,1,90.0025,Auto-Approved,Jo (Non-library for a C/D customer),Yes
C,Rework (Non-Selling),Exclusive,Direct,True,False,Starting Point,1000,92.5,Auto-Approved,Jo (Non-library for a C/D customer),Yes
C,Rework (Non-Selling),Exclusive,Direct,True,False,Starting Point,30000,165.0,Auto-Approved,Jo (Non-library for a C/D customer),Yes
C,Rework (Non-Selling),Exclusive,Direct,True,False,Starting Point,35000,177.5,Auto-Approved,Jo (Non-library for a C/D customer),Yes
C,Rework (Non-Selling),Exclusive,Direct,True,False,Starting Point,100000,340.0,Auto-Approved,Jo (Non-library for a C/D customer),Yes
C,Rework (Non-Selling),Exclusive,Direct,True,False,Starting Point,115000,377.5,Auto-Approved,Jo (Non-library for a C/D customer),Yes
C,Rework (Non-Selling),Exclusive,Direct,True,False,Starting Point,200000,590.0,Auto-Approved,Jo (Non-library for a C/D customer),Yes
C,Rework (Non-Selling),Exclusive,Direct,True,False,Starting Point,1000000,2590.0,Auto-Approved,Jo (Non-library for a C/D customer),Yes
C,Rework (Non-Selling),Exclusive,Direct,True,False,Creation/Unknown,0,25.0,Auto-Approved,,Yes
C,Rework (Non-Selling),Exclusive,Direct,True,False,Creation/Unknown,1,25.002499999999998,Auto-Approved,,Yes
C,Rework (Non-Selling),Exclusive,Direct,True,False,Creation/Unknown,1000,27.5,Auto-Approved,,Yes
C,Rework (Non-Selling),Exclusive,Direct,True,False,Creation/Unknown,30000,100.0,Auto-Approved,,Yes
C,Rework (Non-Selling),Exclusive,Direct,True,False,Creation/Unknown,35000,112.5,Auto-Approved,,Yes
C,Rework (Non-Selling),Exclusive,Direct,True,False,Creation/Unknown,100000,275.0,Auto-Approved,,Yes
C,Rework (Non-Selling),Exclusive,Direct,True,False,Creation/Unknown,115000,312.5,Auto-Approved,,Yes
C,Rework (Non-Selling),Exclusive,Direct,True,False,Creation/Unknown,200000,525.0,Auto-Approved,,Yes
C,Rework (Non-Selling),Exclusive,Direct,True,False,Creation/Unknown,1000000,2525.0,Auto-Approved,,Yes
C,Rework (Non-Selling),Exclusive,Direct,True,True,Library Only,0,225.0,Auto-Approved,,Yes
C,Rework (Non-Selling),Exclusive,Direct,True,True,Library Only,1,225.0025,Auto-Approved,,Yes
C,Rework (Non-Selling),Exclusive,Direct,True,True,Library Only,1000,227.5,Auto-Approved,,Yes
C,Rework (Non-Selling),Exclusive,Direct,True,True,Library Only,30000,300.0,Auto-Approved,,Yes
C,Rework (Non-Selling),Exclusive,Direct,True,True,Library Only,35000,312.5,Auto-Approved,,Yes
C,Rework (Non-Selling),Exclusive,Direct,True,True,Library Only,100000,475.0,Auto-Approved,,Yes
C,Rework (Non-Selling),Exclusive,Direct,True,True,Library Only,115000,512.5,Auto-Approved,,Yes
C,Rework (Non-Selling),Exclusive,Direct,True,True,Library Only,200000,725.0,Auto-Approved,,Yes
C,Rework (Non-Selling),Exclusive,Direct,True,True,Library Only,1000000,2725.0,Auto-Approved,,Yes
C,Rework (Non-Selling),Exclusive,Direct,True,True,Starting Point,0,190.0,Auto-Approved,Jo (Non-library for a C/D customer),Yes
C,Rework (Non-Selling),Exclusive,Direct,True,True,Starting Point,1,190.0025,Auto-Approved,Jo (Non-library for a C/D customer),Yes
C,Rework (Non-Selling),Exclusive,Direct,True,True,Starting Point,1000,192.5,Auto-Approved,Jo (Non-library for a C/D customer),Yes
C,Rework (Non-Selling),Exclusive,Direct,True,True,Starting Point,30000,265.0,Auto-Approved,Jo (Non-library for a C/D customer),Yes
C,Rework (Non-Selling),Exclusive,Direct,True,True,Starting Point,35000,277.5,Auto-Approved,Jo (Non-library for a C/D customer),Yes
C,Rework (Non-Selling),Exclusive,Direct,True,True,Starting Point,100000,440.0,Auto-Approved,Jo (Non-library for a C/D customer),Yes
C,Rework (Non-Selling),Exclusive,Direct,True,True,Starting Point,115000,477.5,Auto-Approved,Jo (Non-library for a C/D customer),Yes
C,Rework (Non-Selling),Exclusive,Direct,True,True,Starting Point,200000,690.0,Auto-Approved,Jo (Non-library for a C/D customer),Yes
C,Rework (Non-Selling),Exclusive,Direct,True,True,Starting Point,1000000,2690.0,Auto-Approved,Jo (Non-library for a C/D customer),Yes
C,Rework (Non-Selling),Exclusive,Direct,True,True,Creation/Unknown,0,125.0,Auto-Approved,,Yes
C,Rework (Non-Selling),Exclusive,Direct,True,True,Creation/Unknown,1,125.0025,Auto-Approved,,Yes
C,Rework (Non-Selling),Exclusive,Direct,True,True,Creation/Unknown,1000,127.5,Auto-Approved,,Yes
C,Rework (Non-Selling),Exclusive,Direct,True,True,Creation/Unknown,30000,200.0,Auto-Approved,,Yes
C,Rework (Non-Selling),Exclusive,Direct,True,True,Creation/Unknown,35000,212.5,Auto-Approved,,Yes
C,Rework (Non-Selling),Exclusive,Direct,True,True,Creation/Unknown,100000,375.0,Auto-Approved,,Yes
C,Rework (Non-Selling),Exclusive,Direct,True,True,Creation/Unknown,115000,412.5,Auto-Approved,,Yes
C,Rework (Non-Selling),Exclusive,Direct,True,True,Creation/Unknown,200000,625.0,Auto-Approved,,Yes
C,Rework (Non-Selling),Exclusive,Direct,True,True,Creation/Unknown,1000000,2625.0,Auto-Approved,,Yes
C,Rework (Non-Selling),Exclusive,Deferred/Unknown,False,False,Library Only,0,125.0,Auto-Approved,,No
C,Rework (Non-Selling),Exclusive,Deferred/Unknown,False,False,Library Only,1,125.002,Auto-Approved,,No
C,Rework (Non-Selling),Exclusive,Deferred/Unknown,False,False,Library Only,1000,127.0,Auto-Approved,,No
C,Rework (Non-Selling),Exclusive,Deferred/Unknown,False,False,Library Only,30000,185.0,Auto-Approved,,No
C,Rework (Non-Selling),Exclusive,Deferred/Unknown,False,False,Library Only,35000,195.0,Auto-Approved,,No
C,Rework (Non-Selling),Exclusive,Deferred/Unknown,False,False,Library Only,100000,325.0,Auto-Approved,,No
C,Rework (Non-Selling),Exclusive,Deferred/Unknown,False,False,Library Only,115000,355.0,Auto-Approved,,No
C,Rework (Non-Selling),Exclusive,Deferred/Unknown,False,False,Library Only,200000,525.0,Auto-Approved,,No
C,Rework (Non-Selling),Exclusive,Deferred/Unknown,False,False,Library Only,1000000,2125.0,Auto-Approved,,No
C,Rework (Non-Selling),Exclusive,Deferred/Unknown,False,False,Starting Point,0,90.0,Pending Approval,Jo (Non-library for a C/D customer),No
C,Rework (Non-Selling),Exclusive,Deferred/Unknown,False,False,Starting Point,1,90.002,Pending Approval,Jo (Non-library for a C/D customer),No
C,Rework (Non-Selling),Exclusive,Deferred/Unknown,False,False,Starting Point,1000,92.0,Pending Approval,Jo (Non-library for a C/D customer),No
C,Rework (Non-Selling),Exclusive,Deferred/Unknown,False,False,Starting Point,30000,150.0,Pending Approval,Jo (Non-library for a C/D customer),No
C,Rework (Non-Selling),Exclusive,Deferred/Unknown,False,False,Starting Point,35000,160.0,Pending Approval,Jo (Non-library for a C/D customer),No
C,Rework (Non-Selling),Exclusive,Deferred/Unknown,False,False,Starting Point,100000,290.0,Pending Approval,Jo (Non-library for a C/D customer),No
C,Rework (Non-Selling),Exclusive,Deferred/Unknown,False,False,Starting Point,115000,320.0,Pending Approval,Jo (Non-library for a C/D customer),No
C,Rework (Non-Selling),Exclusive,Deferred/Unknown,False,False,Starting Point,200000,490.0,Pending Approval,Jo (Non-library for a C/D customer),No
C,Rework (Non-Selling),Exclusive,Deferred/Unknown,False,False,Starting Point,1000000,2090.0,Pending Approval,Jo (Non-library for a C/D customer),No
C,Rework (Non-Selling),Exclusive,Deferred/Unknown,False,False,Creation/Unknown,0,25.0,Declined,,No
C,Rework (Non-Selling),Exclusive,Deferred/Unknown,False,False,Creation/Unknown,1,25.002000000000002,Declined,,No
C,Rework (Non-Selling),Exclusive,Deferred/Unknown,False,False,Creation/Unknown,1000,27.0,Declined,,No
C,Rework (Non-Selling),Exclusive,Deferred/Unknown,False,False,Creation/Unknown,30000,85.0,Pending Approval,,No
C,Rework (Non-Selling),Exclusive,Deferred/Unknown,False,False,Creation/Unknown,35000,95.0,Pending Approval,,No
C,Rework (Non-Selling),Exclusive,Deferred/Unknown,False,False,Creation/Unknown,100000,225.0,Auto-Approved,,No
C,Rework (Non-Selling),Exclusive,Deferred/Unknown,False,False,Creation/Unknown,115000,255.0,Auto-Approved,,No
C,Rework (Non-Selling),Exclusive,Deferred/Unknown,False,False,Creation/Unknown,200000,425.0,Auto-Approved,,No
C,Rework (Non-Selling),Exclusive,Deferred/Unknown,False,False,Creation/Unknown,1000000,2025.0,Auto-Approved,,No
C,Rework (Non-Selling),Exclusive,Deferred/Unknown,False,True,Library Only,0,225.0,Auto-Approved,,No
C,Rework (Non-Selling),Exclusive,Deferred/Unknown,False,True,Library Only,1,225.002,Auto-Approved,,No
C,Rework (Non-Selling),Exclusive,Deferred/Unknown,False,True,Library Only,1000,227.0,Auto-Approved,,No
C,Rework (Non-Selling),Exclusive,Deferred/Unknown,False,True,Library Only,30000,285.0,Auto-Approved,,No
C,Rework (Non-Selling),Exclusive,Deferred/Unknown,False,True,Library Only,35000,295.0,Auto-Approved,,No
C,Rework (Non-Selling),Exclusive,Deferred/Unknown,False,True,Library Only,100000,425.0,Auto-Approved,,No
C,Rework (Non-Selling),Exclusive,Deferred/Unknown,False,True,Library Only,115000,455.0,Auto-Approved,,No
C,Rework (Non-Selling),Exclusive,Deferred/Unknown,False,True,Library Only,200000,625.0,Auto-Approved,,No
C,Rework (Non-Selling),Exclusive,Deferred/Unknown,False,True,Library Only,1000000,2225.0,Auto-Approved,,No
C,Rework (Non-Selling),Exclusive,Deferred/Unknown,False,True,Starting Point,0,190.0,Pending Approval,Jo (Non-library for a C/D customer),No
C,Rework (Non-Selling),Exclusive,Deferred/Unknown,False,True,Starting Point,1,190.002,Pending Approval,Jo (Non-library for a C/D customer),No
C,Rework (Non-Selling),Exclusive,Deferred/Unknown,False,True,Starting Point,1000,192.0,Pending Approval,Jo (Non-library for a C/D customer),No
C,Rework (Non-Selling),Exclusive,Deferred/Unknown,False,True,Starting Point,30000,250.0,Pending Approval,Jo (Non-library for a C/D customer),No
C,Rework (Non-Selling),Exclusive,Deferred/Unknown,False,True,Starting Point,35000,260.0,Pending Approval,Jo (Non-library for a C/D customer),No
C,Rework (Non-Selling),Exclusive,Deferred/Unknown,False,True,Starting Point,100000,390.0,Pending Approval,Jo (Non-library for a C/D customer),No
C,Rework (Non-Selling),Exclusive,Deferred/Unknown,False,True,Starting Point,115000,420.0,Pending Approval,Jo (Non-library for a C/D customer),No
C,Rework (Non-Selling),Exclusive,Deferred/Unknown,False,True,Starting Point,200000,590.0,Pending Approval,Jo (Non-library for a C/D customer),No
C,Rework (Non-Selling),Exclusive,Deferred/Unknown,False,True,Starting Point,1000000,2190.0,Pending Approval,Jo (Non-library for a C/D customer),No
C,Rework (Non-Selling),Exclusive,Deferred/Unknown,False,True,Creation/Unknown,0,125.0,Auto-Approved,,No
C,Rework (Non-Selling),Exclusive,Deferred/Unknown,False,True,Creation/Unknown,1,125.002,Auto-Approved,,No
C,Rework (Non-Selling),Exclusive,Deferred/Unknown,False,True,Creation/Unknown,1000,127.0,Auto-Approved,,No
C,Rework (Non-Selling),Exclusive,Deferred/Unknown,False,True,Creation/Unknown,30000,185.0,Auto-Approved,,No
C,Rework (Non-Selling),Exclusive,Deferred/Unknown,False,True,Creation/Unknown,35000,195.0,Auto-Approved,,No
C,Rework (Non-Selling),Exclusive,Deferred/Unknown,False,True,Creation/Unknown,100000,325.0,Auto-Approved,,No
C,Rework (Non-Selling),Exclusive,Deferred/Unknown,False,True,Creation/Unknown,115000,355.0,Auto-Approved,,No
C,Rework (Non-Selling),Exclusive,Deferred/Unknown,False,True,Creation/Unknown,200000,525.0,Auto-Approved,,No
C,Rework (Non-Selling),Exclusive,Deferred/Unknown,False,True,Creation/Unknown,1000000,2125.0,Auto-Approved,,No
C,Rework (Non-Selling),Exclusive,Deferred/Unknown,True,False,Library Only,0,125.0,Auto-Approved,,Yes
C,Rework (Non-Selling),Exclusive,Deferred/Unknown,True,False,Library Only,1,125.002,Auto-Approved,,Yes
C,Rework (Non-Selling),Exclusive,Deferred/Unknown,True,False,Library Only,1000,127.0,Auto-Approved,,Yes
C,Rework (Non-Selling),Exclusive,Deferred/Unknown,True,False,Library Only,30000,185.0,Auto-Approved,,Yes
C,Rework (Non-Selling),Exclusive,Deferred/Unknown,True,False,Library Only,35000,195.0,Auto-Approved,,Yes
C,Rework (Non-Selling),Exclusive,Deferred/Unknown,True,False,Library Only,100000,325.0,Auto-Approved,,Yes
C,Rework (Non-Selling),Exclusive,Deferred/Unknown,True,False,Library Only,115000,355.0,Auto-Approved,,Yes
C,Rework (Non-Selling),Exclusive,Deferred/Unknown,True,False,Library Only,200000,525.0,Auto-Approved,,Yes
C,Rework (Non-Selling),Exclusive,Deferred/Unknown,True,False,Library Only,1000000,2125.0,Auto-Approved,,Yes
C,Rework (Non-Selling),Exclusive,Deferred/Unknown,True,False,Starting Point,0,90.0,Auto-Approved,Jo (Non-library for a C/D customer),Yes
C,Rework (Non-Selling),Exclusive,Deferred/Unknown,True,False,Starting Point,1,90.002,Auto-Approved,Jo (Non-library for a C/D customer),Yes
C,Rework (Non-Selling),Exclusive,Deferred/Unknown,True,False,Starting Point,1000,92.0,Auto-Approved,Jo (Non-library for a C/D customer),Yes
C,Rework (Non-Selling),Exclusive,Deferred/Unknown,True,False,Starting Point,30000,150.0,Auto-Approved,Jo (Non-library for a C/D customer),Yes
C,Rework (Non-Selling),Exclusive,Deferred/Unknown,True,False,Starting Point,35000,160.0,Auto-Approved,Jo (Non-library for a C/D customer),Yes
C,Rework (Non-Selling),Exclusive,Deferred/Unknown,True,False,Starting Point,100000,290.0,Auto-Approved,Jo (Non-library for a C/D customer),Yes
C,Rework (Non-Selling),Exclusive,Deferred/Unknown,True,False,Starting Point,115000,320.0,Auto-Approved,Jo (Non-library for a C/D customer),Yes
C,Rework (Non-Selling),Exclusive,Deferred/Unknown,True,False,Starting Point,200000,490.0,Auto-Approved,Jo (Non-library for a C/D customer),Yes
C,Rework (Non-Selling),Exclusive,Deferred/Unknown,True,False,Starting Point,1000000,2090.0,Auto-Approved,Jo (Non-library for a C/D customer),Yes
C,Rework (Non-Selling),Exclusive,Deferred/Unknown,True,False,Creation/Unknown,0,25.0,Auto-Approved,,Yes
C,Rework (Non-Selling),Exclusive,Deferred/Unknown,True,False,Creation/Unknown,1,25.002000000000002,Auto-Approved,,Yes
C,Rework (Non-Selling),Exclusive,Deferred/Unknown,True,False,Creation/Unknown,1000,27.0,Auto-Approved,,Yes
C,Rework (Non-Selling),Exclusive,Deferred/Unknown,True,False,Creation/Unknown,30000,85.0,Auto-Approved,,Yes
C,Rework (Non-Selling),Exclusive,Deferred/Unknown,True,False,Creation/Unknown,35000,95.0,Auto-Approved,,Yes
C,Rework (Non-Selling),Exclusive,Deferred/Unknown,True,False,Creation/Unknown,100000,225.0,Auto-Approved,,Yes
C,Rework (Non-Selling),Exclusive,Deferred/Unknown,True,False,Creation/Unknown,115000,255.0,Auto-Approved,,Yes
C,Rework (Non-Selling),Exclusive,Deferred/Unknown,True,False,Creation/Unknown,200000,425.0,Auto-Approved,,Yes
C,Rework (Non-Selling),Exclusive,Deferred/Unknown,True,False,Creation/Unknown,1000000,2025.0,Auto-Approved,,Yes
C,Rework (Non-Selling),Exclusive,Deferred/Unknown,True,True,Library Only,0,225.0,Auto-Approved,,Yes
C,Rework (Non-Selling),Exclusive,Deferred/Unknown,True,True,Library Only,1,225.002,Auto-Approved,,Yes
C,Rework (Non-Selling),Exclusive,Deferred/Unknown,True,True,Library Only,1000,227.0,Auto-Approved,,Yes
C,Rework (Non-Selling),Exclusive,Deferred/Unknown,True,True,Library Only,30000,285.0,Auto-Approved,,Yes
C,Rework (Non-Selling),Exclusive,Deferred/Unknown,True,True,Library Only,35000,295.0,Auto-Approved,,Yes
C,Rework (Non-Selling),Exclusive,Deferred/Unknown,True,True,Library Only,100000,425.0,Auto-Approved,,Yes
C,Rework (Non-Selling),Exclusive,Deferred/Unknown,True,True,Library Only,115000,455.0,Auto-Approved,,Yes
C,Rework (Non-Selling),Exclusive,Deferred/Unknown,True,True,Library Only,200000,625.0,Auto-Approved,,Yes
C,Rework (Non-Selling),Exclusive,Deferred/Unknown,True,True,Library Only,1000000,2225.0,Auto-Approved,,Yes
C,Rework (Non-Selling),Exclusive,Deferred/Unknown,True,True,Starting Point,0,190.0,Auto-Approved,Jo (Non-library for a C/D customer),Yes
C,Rework (Non-Selling),Exclusive,Deferred/Unknown,True,True,Starting Point,1,190.002,Auto-Approved,Jo (Non-library for a C/D customer),Yes
C,Rework (Non-Selling),Exclusive,Deferred/Unknown,True,True,Starting Point,1000,192.0,Auto-Approved,Jo (Non-library for a C/D customer),Yes
C,Rework (Non-Selling),Exclusive,Deferred/Unknown,True,True,Starting Point,30000,250.0,Auto-Approved,Jo (Non-library for a C/D customer),Yes
C,Rework (Non-Selling),Exclusive,Deferred/Unknown,True,True,Starting Point,35000,260.0,Auto-Approved,Jo (Non-library for a C/D customer),Yes
C,Rework (Non-Selling),Exclusive,Deferred/Unknown,True,True,Starting Point,100000,390.0,Auto-Approved,Jo (Non-library for a C/D customer),Yes
C,Rework (Non-Selling),Exclusive,Deferred/Unknown,True,True,Starting Point,115000,420.0,Auto-Approved,Jo (Non-library for a C/D customer),Yes
C,Rework (Non-Selling),Exclusive,Deferred/Unknown,True,True,Starting Point,200000,590.0,Auto-Approved,Jo (Non-library for a C/D customer),Yes
C,Rework (Non-Selling),Exclusive,Deferred/Unknown,True,True,Starting Point,1000000,2190.0,Auto-Approved,Jo (Non-library for a C/D customer),Yes
C,Rework (Non-Selling),Exclusive,Deferred/Unknown,True,True,Creation/Unknown,0,125.0,Auto-Approved,,Yes
C,Rework (Non-Selling),Exclusive,Deferred/Unknown,True,True,Creation/Unknown,1,125.002,Auto-Approved,,Yes
C,Rework (Non-Selling),Exclusive,Deferred/Unknown,True,True,Creation/Unknown,1000,127.0,Auto-Approved,,Yes
C,Rework (Non-Selling),Exclusive,Deferred/Unknown,True,True,Creation/Unknown,30000,185.0,Auto-Approved,,Yes
C,Rework (Non-Selling),Exclusive,Deferred/Unknown,True,True,Creation/Unknown,35000,195.0,Auto-Approved,,Yes
C,Rework (Non-Selling),Exclusive,Deferred/Unknown,True,True,Creation/Unknown,100000,325.0,Auto-Approved,,Yes
C,Rework (Non-Selling),Exclusive,Deferred/Unknown,True,True,Creation/Unknown,115000,355.0,Auto-Approved,,Yes
C,Rework (Non-Selling),Exclusive,Deferred/Unknown,True,True,Creation/Unknown,200000,525.0,Auto-Approved,,Yes
C,Rework (Non-Selling),Exclusive,Deferred/Unknown,True,True,Creation/Unknown,1000000,2125.0,Auto-Approved,,Yes
C,Rework (Non-Selling),Competitive,Direct,False,False,Library Only,0,125.0,Auto-Approved,,No
C,Rework (Non-Selling),Competitive,Direct,False,False,Library Only,1,125.0015,Auto-Approved,,No
C,Rework (Non-Selling),Competitive,Direct,False,False,Library Only,1000,126.5,Auto-Approved,,No
C,Rework (Non-Selling),Competitive,Direct,False,False,Library Only,30000,170.0,Auto-Approved,,No
C,Rework (Non-Selling),Competitive,Direct,False,False,Library Only,35000,177.5,Auto-Approved,,No
C,Rework (Non-Selling),Competitive,Direct,False,False,Library Only,100000,275.0,Auto-Approved,,No
C,Rework (Non-Selling),Competitive,Direct,False,False,Library Only,115000,297.5,Auto-Approved,,No
C,Rework (Non-Selling),Competitive,Direct,False,False,Library Only,200000,425.0,Auto-Approved,,No
C,Rework (Non-Selling),Competitive,Direct,False,False,Library Only,1000000,1625.0,Auto-Approved,,No
C,Rework (Non-Selling),Competitive,Direct,False,False,Starting Point,0,90.0,Pending Approval,Jo (Non-library for a C/D customer),No
C,Rework (Non-Selling),Competitive,Direct,False,False,Starting Point,1,90.0015,Pending Approval,Jo (Non-library for a C/D customer),No
C,Rework (Non-Selling),Competitive,Direct,False,False,Starting Point,1000,91.5,Pending Approval,Jo (Non-library for a C/D customer),No
C,Rework (Non-Selling),Competitive,Direct,False,False,Starting Point,30000,135.0,Pending Approval,Jo (Non-library for a C/D customer),No
C,Rework (Non-Selling),Competitive,Direct,False,False,Starting Point,35000,142.5,Pending Approval,Jo (Non-library for a C/D customer),No
C,Rework (Non-Selling),Competitive,Direct,False,False,Starting Point,100000,240.0,Pending Approval,Jo (Non-library for a C/D customer),No
C,Rework (Non-Selling),Competitive,Direct,False,False,Starting Point,115000,262.5,Pending Approval,Jo (Non-library for a C/D customer),No
C,Rework (Non-Selling),Competitive,Direct,False,False,Starting Point,200000,390.0,Pending Approval,Jo (Non-library for a C/D customer),No
C,Rework (Non-Selling),Competitive,Direct,False,False,Starting Point,1000000,1590.0,Pending Approval,Jo (Non-library for a C/D customer),No
C,Rework (Non-Selling),Competitive,Direct,False,False,Creation/Unknown,0,25.0,Declined,,No
C,Rework (Non-Selling),Competitive,Direct,False,False,Creation/Unknown,1,25.0015,Declined,,No
C,Rework (Non-Selling),Competitive,Direct,False,False,Creation/Unknown,1000,26.5,Declined,,No
C,Rework (Non-Selling),Competitive,Direct,False,False,Creation/Unknown,30000,70.0,Pending Approval,,No
C,Rework (Non-Selling),Competitive,Direct,False,False,Creation/Unknown,35000,77.5,Pending Approval,,No
C,Rework (Non-Selling),Competitive,Direct,False,False,Creation/Unknown,100000,175.0,Auto-Approved,,No
C,Rework (Non-Selling),Competitive,Direct,False,False,Creation/Unknown,115000,197.5,Auto-Approved,,No
C,Rework (Non-Selling),Competitive,Direct,False,False,Creation/Unknown,200000,325.0,Auto-Approved,,No
C,Rework (Non-Selling),Competitive,Direct,False,False,Creation/Unknown,1000000,1525.0,Auto-Approved,,No
C,Rework (Non-Selling),Competitive,Direct,False,True,Library Only,0,225.0,Auto-Approved,,No
C,Rework (Non-Selling),Competitive,Direct,False,True,Library Only,1,225.0015,Auto-Approved,,No
C,Rework (Non-Selling),Competitive,Direct,False,True,Library Only,1000,226.5,Auto-Approved,,No
C,Rework (Non-Selling),Competitive,Direct,False,True,Library Only,30000,270.0,Auto-Approved,,No
C,Rework (Non-Selling),Competitive,Direct,False,True,Library Only,35000,277.5,Auto-Approved,,No
C,Rework (Non-Selling),Competitive,Direct,False,True,Library Only,100000,375.0,Auto-Approved,,No
C,Rework (Non-Selling),Competitive,Direct,False,True,Library Only,115000,397.5,Auto-Approved,,No
C,Rework (Non-Selling),Competitive,Direct,False,True,Library Only,200000,525.0,Auto-Approved,,No
C,Rework (Non-Selling),Competitive,Direct,False,True,Library Only,1000000,1725.0,Auto-Approved,,No
C,Rework (Non-Selling),Competitive,Direct,False,True,Starting Point,0,190.0,Pending Approval,Jo (Non-library for a C/D customer),No
C,Rework (Non-Selling),Competitive,Direct,False,True,Starting Point,1,190.0015,Pending Approval,Jo (Non-library for a C/D customer),No
C,Rework (Non-Selling),Competitive,Direct,False,True,Starting Point,1000,191.5,Pending Approval,Jo (Non-library for a C/D customer),No
C,Rework (Non-Selling),Competitive,Direct,False,True,Starting Point,30000,235.0,Pending Approval,Jo (Non-library for a C/D customer),No
C,Rework (Non-Selling),Competitive,Direct,False,True,Starting Point,35000,242.5,Pending Approval,Jo (Non-library for a C/D customer),No
C,Rework (Non-Selling),Competitive,Direct,False,True,Starting Point,100000,340.0,Pending Approval,Jo (Non-library for a C/D customer),No
C,Rework (Non-Selling),Competitive,Direct,False,True,Starting Point,115000,362.5,Pending Approval,Jo (Non-library for a C/D customer),No
C,Rework (Non-Selling),Competitive,Direct,False,True,Starting Point,200000,490.0,Pending Approval,Jo (Non-library for a C/D customer),No
C,Rework (Non-Selling),Competitive,Direct,False,True,Starting Point,1000000,1690.0,Pending Approval,Jo (Non-library for a C/D customer),No
C,Rework (Non-Selling),Competitive,Direct,False,True,Creation/Unknown,0,125.0,Auto-Approved,,No
C,Rework (Non-Selling),Competitive,Direct,False,True,Creation/Unknown,1,125.0015,Auto-Approved,,No
C,Rework (Non-Selling),Competitive,Direct,False,True,Creation/Unknown,1000,126.5,Auto-Approved,,No
C,Rework (Non-Selling),Competitive,Direct,False,True,Creation/Unknown,30000,170.0,Auto-Approved,,No
C,Rework (Non-Selling),Competitive,Direct,False,True,Creation/Unknown,35000,177.5,Auto-Approved,,No
C,Rework (Non-Selling),Competitive,Direct,False,True,Creation/Unknown,100000,275.0,Auto-Approved,,No
C,Rework (Non-Selling),Competitive,Direct,False,True,Creation/Unknown,115000,297.5,Auto-Approved,,No
C,Rework (Non-Selling),Competitive,Direct,False,True,Creation/Unknown,200000,425.0,Auto-Approved,,No
C,Rework (Non-Selling),Competitive,Direct,False,True,Creation/Unknown,1000000,1625.0,Auto-Approved,,No
C,Rework (Non-Selling),Competitive,Direct,True,False,Library Only,0,125.0,Auto-Approved,,Yes
C,Rework (Non-Selling),Competitive,Direct,True,False,Library Only,1,125.0015,Auto-Approved,,Yes
C,Rework (Non-Selling),Competitive,Direct,True,False,Library Only,1000,126.5,Auto-Approved,,Yes
C,Rework (Non-Selling),Competitive,Direct,True,False,Library Only,30000,170.0,Auto-Approved,,Yes
C,Rework (Non-Selling),Competitive,Direct,True,False,Library Only,35000,177.5,Auto-Approved,,Yes
C,Rework (Non-Selling),Competitive,Direct,True,False,Library Only,100000,275.0,Auto-Approved,,Yes
C,Rework (Non-Selling),Competitive,Direct,True,False,Library Only,115000,297.5,Auto-Approved,,Yes
C,Rework (Non-Selling),Competitive,Direct,True,False,Library Only,200000,425.0,Auto-Approved,,Yes
C,Rework (Non-Selling),Competitive,Direct,True,False,Library Only,1000000,1625.0,Auto-Approved,,Yes
C,Rework (Non-Selling),Competitive,Direct,True,False,Starting Point,0,90.0,Auto-Approved,Jo (Non-library for a C/D customer),Yes
C,Rework (Non-Selling),Competitive,Direct,True,False,Starting Point,1,90.0015,Auto-Approved,Jo (Non-library for a C/D customer),Yes
C,Rework (Non-Selling),Competitive,Direct,True,False,Starting Point,1000,91.5,Auto-Approved,Jo (Non-library for a C/D customer),Yes
C,Rework (Non-Selling),Competitive,Direct,True,False,Starting Point,30000,135.0,Auto-Approved,Jo (Non-library for a C/D customer),Yes
C,Rework (Non-Selling),Competitive,Direct,True,False,Starting Point,35000,142.5,Auto-Approved,Jo (Non-library for a C/D customer),Yes
C,Rework (Non-Selling),Competitive,Direct,True,False,Starting Point,100000,240.0,Auto-Approved,Jo (Non-library for a C/D customer),Yes
C,Rework (Non-Selling),Competitive,Direct,True,False,Starting Point,115000,262.5,Auto-Approved,Jo (Non-library for a C/D customer),Yes
C,Rework (Non-Selling),Competitive,Direct,True,False,Starting Point,200000,390.0,Auto-Approved,Jo (Non-library for a C/D customer),Yes
C,Rework (Non-Selling),Competitive,Direct,True,False,Starting Point,1000000,1590.0,Auto-Approved,Jo (Non-library for a C/D customer),Yes
C,Rework (Non-Selling),Competitive,Direct,True,False,Creation/Unknown,0,25.0,Auto-Approved,,Yes
C,Rework (Non-Selling),Competitive,Direct,True,False,Creation/Unknown,1,25.0015,Auto-Approved,,Yes
C,Rework (Non-Selling),Competitive,Direct,True,False,Creation/Unknown,1000,26.5,Auto-Approved,,Yes
C,Rework (Non-Selling),Competitive,Direct,True,False,Creation/Unknown,30000,70.0,Auto-Approved,,Yes
C,Rework (Non-Selling),Competitive,Direct,True,False,Creation/Unknown,35000,77.5,Auto-Approved,,Yes
C,Rework (Non-Selling),Competitive,Direct,True,False,Creation/Unknown,100000,175.0,Auto-Approved,,Yes
C,Rework (Non-Selling),Competitive,Direct,True,False,Creation/Unknown,115000,197.5,Auto-Approved,,Yes
C,Rework (Non-Selling),Competitive,Direct,True,False,Creation/Unknown,200000,325.0,Auto-Approved,,Yes
C,Rework (Non-Selling),Competitive,Direct,True,False,Creation/Unknown,1000000,1525.0,Auto-Approved,,Yes
C,Rework (Non-Selling),Competitive,Direct,True,True,Library Only,0,225.0,Auto-Approved,,Yes
C,Rework (Non-Selling),Competitive,Direct,True,True,Library Only,1,225.0015,Auto-Approved,,Yes
C,Rework (Non-Selling),Competitive,Direct,True,True,Library Only,1000,226.5,Auto-Approved,,Yes
C,Rework (Non-Selling),Competitive,Direct,True,True,Library Only,30000,270.0,Auto-Approved,,Yes
C,Rework (Non-Selling),Competitive,Direct,True,True,Library Only,35000,277.5,Auto-Approved,,Yes
C,Rework (Non-Selling),Competitive,Direct,True,True,Library Only,100000,375.0,Auto-Approved,,Yes
C,Rework (Non-Selling),Competitive,Direct,True,True,Library Only,115000,397.5,Auto-Approved,,Yes
C,Rework (Non-Selling),Competitive,Direct,True,True,Library Only,200000,525.0,Auto-Approved,,Yes
C,Rework (Non-Selling),Competitive,Direct,True,True,Library Only,1000000,1725.0,Auto-Approved,,Yes
C,Rework (Non-Selling),Competitive,Direct,True,True,Starting Point,0,190.0,Auto-Approved,Jo (Non-library for a C/D customer),Yes
C,Rework (Non-Selling),Competitive,Direct,True,True,Starting Point,1,190.0015,Auto-Approved,Jo (Non-library for a C/D customer),Yes
C,Rework (Non-Selling),Competitive,Direct,True,True,Starting Point,1000,191.5,Auto-Approved,Jo (Non-library for a C/D customer),Yes
C,Rework (Non-Selling),Competitive,Direct,True,True,Starting Point,30000,235.0,Auto-Approved,Jo (Non-library for a C/D customer),Yes
C,Rework (Non-Selling),Competitive,Direct,True,True,Starting Point,35000,242.5,Auto-Approved,Jo (Non-library for a C/D customer),Yes
C,Rework (Non-Selling),Competitive,Direct,True,True,Starting Point,100000,340.0,Auto-Approved,Jo (Non-library for a C/D customer),Yes
C,Rework (Non-Selling),Competitive,Direct,True,True,Starting Point,115000,362.5,Auto-Approved,Jo (Non-library for a C/D customer),Yes
C,Rework (Non-Selling),Competitive,Direct,True,True,Starting Point,200000,490.0,Auto-Approved,Jo (Non-library for a C/D customer),Yes
C,Rework (Non-Selling),Competitive,Direct,True,True,Starting Point,1000000,1690.0,Auto-Approved,Jo (Non-library for a C/D customer),Yes
C,Rework (Non-Selling),Competitive,Direct,True,True,Creation/Unknown,0,125.0,Auto-Approved,,Yes
C,Rework (Non-Selling),Competitive,Direct,True,True,Creation/Unknown,1,125.0015,Auto-Approved,,Yes
C,Rework (Non-Selling),Competitive,Direct,True,True,Creation/Unknown,1000,126.5,Auto-Approved,,Yes
C,Rework (Non-Selling),Competitive,Direct,True,True,Creation/Unknown,30000,170.0,Auto-Approved,,Yes
C,Rework (Non-Selling),Competitive,Direct,True,True,Creation/Unknown,35000,177.5,Auto-Approved,,Yes
C,Rework (Non-Selling),Competitive,Direct,True,True,Creation/Unknown,100000,275.0,Auto-Approved,,Yes
C,Rework (Non-Selling),Competitive,Direct,True,True,Creation/Unknown,115000,297.5,Auto-Approved,,Yes
C,Rework (Non-Selling),Competitive,Direct,True,True,Creation/Unknown,200000,425.0,Auto-Approved,,Yes
C,Rework (Non-Selling),Competitive,Direct,True,True,Creation/Unknown,1000000,1625.0,Auto-Approved,,Yes
C,Rework (Non-Selling),Competitive,Deferred/Unknown,False,False,Library Only,0,125.0,Auto-Approved,,No
C,Rework (Non-Selling),Competitive,Deferred/Unknown,False,False,Library Only,1,125.001,Auto-Approved,,No
C,Rework (Non-Selling),Competitive,Deferred/Unknown,False,False,Library Only,1000,126.0,Auto-Approved,,No
C,Rework (Non-Selling),Competitive,Deferred/Unknown,False,False,Library Only,30000,155.0,Auto-Approved,,No
C,Rework (Non-Selling),Competitive,Deferred/Unknown,False,False,Library Only,35000,160.0,Auto-Approved,,No
C,Rework (Non-Selling),Competitive,Deferred/Unknown,False,False,Library Only,100000,225.0,Auto-Approved,,No
C,Rework (Non-Selling),Competitive,Deferred/Unknown,False,False,Library Only,115000,240.0,Auto-Approved,,No
C,Rework (Non-Selling),Competitive,Deferred/Unknown,False,False,Library Only,200000,325.0,Auto-Approved,,No
C,Rework (Non-Selling),Competitive,Deferred/Unknown,False,False,Library Only,1000000,1125.0,Auto-Approved,,No
C,Rework (Non-Selling),Competitive,Deferred/Unknown,False,False,Starting Point,0,90.0,Pending Approval,Jo (Non-library for a C/D customer),No
C,Rework (Non-Selling),Competitive,Deferred/Unknown,False,False,Starting Point,1,90.001,Pending Approval,Jo (Non-library for a C/D customer),No
C,Rework (Non-Selling),Competitive,Deferred/Unknown,False,False,Starting Point,1000,91.0,Pending Approval,Jo (Non-library for a C/D customer),No
C,Rework (Non-Selling),Competitive,Deferred/Unknown,False,False,Starting Point,30000,120.0,Pending Approval,Jo (Non-library for a C/D customer),No
C,Rework (Non-Selling),Competitive,Deferred/Unknown,False,False,Starting Point,35000,125.0,Pending Approval,Jo (Non-library for a C/D customer),No
C,Rework (Non-Selling),Competitive,Deferred/Unknown,False,False,Starting Point,100000,190.0,Pending Approval,Jo (Non-library for a C/D customer),No
C,Rework (Non-Selling),Competitive,Deferred/Unknown,False,False,Starting Point,115000,205.0,Pending Approval,Jo (Non-library for a C/D customer),No
C,Rework (Non-Selling),Competitive,Deferred/Unknown,False,False,Starting Point,200000,290.0,Pending Approval,Jo (Non-library for a C/D customer),No
C,Rework (Non-Selling),Competitive,Deferred/Unknown,False,False,Starting Point,1000000,1090.0,Pending Approval,Jo (Non-library for a C/D customer),No
C,Rework (Non-Selling),Competitive,Deferred/Unknown,False,False,Creation/Unknown,0,25.0,Declined,,No
C,Rework (Non-Selling),Competitive,Deferred/Unknown,False,False,Creation/Unknown,1,25.001,Declined,,No
C,Rework (Non-Selling),Competitive,Deferred/Unknown,False,False,Creation/Unknown,1000,26.0,Declined,,No
C,Rework (Non-Selling),Competitive,Deferred/Unknown,False,False,Creation/Unknown,30000,55.0,Pending Approval,,No
C,Rework (Non-Selling),Competitive,Deferred/Unknown,False,False,Creation/Unknown,35000,60.0,Pending Approval,,No
C,Rework (Non-Selling),Competitive,Deferred/Unknown,False,False,Creation/Unknown,100000,125.0,Auto-Approved,,No
C,Rework (Non-Selling),Competitive,Deferred/Unknown,False,False,Creation/Unknown,115000,140.0,Auto-Approved,,No
C,Rework (Non-Selling),Competitive,Deferred/Unknown,False,False,Creation/Unknown,200000,225.0,Auto-Approved,,No
C,Rework (Non-Selling),Competitive,Deferred/Unknown,False,False,Creation/Unknown,1000000,1025.0,Auto-Approved,,No
C,Rework (Non-Selling),Competitive,Deferred/Unknown,False,True,Library Only,0,225.0,Auto-Approved,,No
C,Rework (Non-Selling),Competitive,Deferred/Unknown,False,True,Library Only,1,225.001,Auto-Approved,,No
C,Rework (Non-Selling),Competitive,Deferred/Unknown,False,True,Library Only,1000,226.0,Auto-Approved,,No
C,Rework (Non-Selling),Competitive,Deferred/Unknown,False,True,Library Only,30000,255.0,Auto-Approved,,No
C,Rework (Non-Selling),Competitive,Deferred/Unknown,False,True,Library Only,35000,260.0,Auto-Approved,,No
C,Rework (Non-Selling),Competitive,Deferred/Unknown,False,True,Library Only,100000,325.0,Auto-Approved,,No
C,Rework (Non-Selling),Competitive,Deferred/Unknown,False,True,Library Only,115000,340.0,Auto-Approved,,No
C,Rework (Non-Selling),Competitive,Deferred/Unknown,False,True,Library Only,200000,425.0,Auto-Approved,,No
C,Rework (Non-Selling),Competitive,Deferred/Unknown,False,True,Library Only,1000000,1225.0,Auto-Approved,,No
C,Rework (Non-Selling),Competitive,Deferred/Unknown,False,True,Starting Point,0,190.0,Pending Approval,Jo (Non-library for a C/D customer),No
C,Rework (Non-Selling),Competitive,Deferred/Unknown,False,True,Starting Point,1,190.001,Pending Approval,Jo (Non-library for a C/D customer),No
C,Rework (Non-Selling),Competitive,Deferred/Unknown,False,True,Starting Point,1000,191.0,Pending Approval,Jo (Non-library for a C/D customer),No
C,Rework (Non-Selling),Competitive,Deferred/Unknown,False,True,Starting Point,30000,220.0,Pending Approval,Jo (Non-library for a C/D customer),No
C,Rework (Non-Selling),Competitive,Deferred/Unknown,False,True,Starting Point,35000,225.0,Pending Approval,Jo (Non-library for a C/D customer),No
C,Rework (Non-Selling),Competitive,Deferred/Unknown,False,True,Starting Point,100000,290.0,Pending Approval,Jo (Non-library for a C/D customer),No
C,Rework (Non-Selling),Competitive,Deferred/Unknown,False,True,Starting Point,115000,305.0,Pending Approval,Jo (Non-library for a C/D customer),No
C,Rework (Non-Selling),Competitive,Deferred/Unknown,False,True,Starting Point,200000,390.0,Pending Approval,Jo (Non-library for a C/D customer),No
C,Rework (Non-Selling),Competitive,Deferred/Unknown,False,True,Starting Point,1000000,1190.0,Pending Approval,Jo (Non-library for a C/D customer),No
C,Rework (Non-Selling),Competitive,Deferred/Unknown,False,True,Creation/Unknown,0,125.0,Auto-Approved,,No
C,Rework (Non-Selling),Competitive,Deferred/Unknown,False,True,Creation/Unknown,1,125.001,Auto-Approved,,No
C,Rework (Non-Selling),Competitive,Deferred/Unknown,False,True,Creation/Unknown,1000,126.0,Auto-Approved,,No
C,Rework (Non-Selling),Competitive,Deferred/Unknown,False,True,Creation/Unknown,30000,155.0,Auto-Approved,,No
C,Rework (Non-Selling),Competitive,Deferred/Unknown,False,True,Creation/Unknown,35000,160.0,Auto-Approved,,No
C,Rework (Non-Selling),Competitive,Deferred/Unknown,False,True,Creation/Unknown,100000,225.0,Auto-Approved,,No
C,Rework (Non-Selling),Competitive,Deferred/Unknown,False,True,Creation/Unknown,115000,240.0,Auto-Approved,,No
C,Rework (Non-Selling),Competitive,Deferred/Unknown,False,True,Creation/Unknown,200000,325.0,Auto-Approved,,No
C,Rework (Non-Selling),Competitive,Deferred/Unknown,False,True,Creation/Unknown,1000000,1125.0,Auto-Approved,,No
C,Rework (Non-Selling),Competitive,Deferred/Unknown,True,False,Library Only,0,125.0,Auto-Approved,,Yes
C,Rework (Non-Selling),Competitive,Deferred/Unknown,True,False,Library Only,1,125.001,Auto-Approved,,Yes
C,Rework (Non-Selling),Competitive,Deferred/Unknown,True,False,Library Only,1000,126.0,Auto-Approved,,Yes
C,Rework (Non-Selling),Competitive,Deferred/Unknown,True,False,Library Only,30000,155.0,Auto-Approved,,Yes
C,Rework (Non-Selling),Competitive,Deferred/Unknown,True,False,Library Only,35000,160.0,Auto-Approved,,Yes
C,Rework (Non-Selling),Competitive,Deferred/Unknown,True,False,Library Only,100000,225.0,Auto-Approved,,Yes
C,Rework (Non-Selling),Competitive,Deferred/Unknown,True,False,Library Only,115000,240.0,Auto-Approved,,Yes
C,Rework (Non-Selling),Competitive,Deferred/Unknown,True,False,Library Only,200000,325.0,Auto-Approved,,Yes
C,Rework (Non-Selling),Competitive,Deferred/Unknown,True,False,Library Only,1000000,1125.0,Auto-Approved,,Yes
C,Rework (Non-Selling),Competitive,Deferred/Unknown,True,False,Starting Point,0,90.0,Auto-Approved,Jo (Non-library for a C/D customer),Yes
C,Rework (Non-Selling),Competitive,Deferred/Unknown,True,False,Starting Point,1,90.001,Auto-Approved,Jo (Non-library for a C/D customer),Yes
C,Rework (Non-Selling),Competitive,Deferred/Unknown,True,False,Starting Point,1000,91.0,Auto-Approved,Jo (Non-library for a C/D customer),Yes
C,Rework (Non-Selling),Competitive,Deferred/Unknown,True,False,Starting Point,30000,120.0,Auto-Approved,Jo (Non-library for a C/D customer),Yes
C,Rework (Non-Selling),Competitive,Deferred/Unknown,True,False,Starting Point,35000,125.0,Auto-Approved,Jo (Non-library for a C/D customer),Yes
C,Rework (Non-Selling),Competitive,Deferred/Unknown,True,False,Starting Point,100000,190.0,Auto-Approved,Jo (Non-library for a C/D customer),Yes
C,Rework (Non-Selling),Competitive,Deferred/Unknown,True,False,Starting Point,115000,205.0,Auto-Approved,Jo (Non-library for a C/D customer),Yes
C,Rework (Non-Selling),Competitive,Deferred/Unknown,True,False,Starting Point,200000,290.0,Auto-Approved,Jo (Non-library for a C/D customer),Yes
C,Rework (Non-Selling),Competitive,Deferred/Unknown,True,False,Starting Point,1000000,1090.0,Auto-Approved,Jo (Non-library for a C/D customer),Yes
C,Rework (Non-Selling),Competitive,Deferred/Unknown,True,False,Creation/Unknown,0,25.0,Auto-Approved,,Yes
C,Rework (Non-Selling),Competitive,Deferred/Unknown,True,False,Creation/Unknown,1,25.001,Auto-Approved,,Yes
C,Rework (Non-Selling),Competitive,Deferred/Unknown,True,False,Creation/Unknown,1000,26.0,Auto-Approved,,Yes
C,Rework (Non-Selling),Competitive,Deferred/Unknown,True,False,Creation/Unknown,30000,55.0,Auto-Approved,,Yes
C,Rework (Non-Selling),Competitive,Deferred/Unknown,True,False,Creation/Unknown,35000,60.0,Auto-Approved,,Yes
C,Rework (Non-Selling),Competitive,Deferred/Unknown,True,False,Creation/Unknown,100000,125.0,Auto-Approved,,Yes
C,Rework (Non-Selling),Competitive,Deferred/Unknown,True,False,Creation/Unknown,115000,140.0,Auto-Approved,,Yes
C,Rework (Non-Selling),Competitive,Deferred/Unknown,True,False,Creation/Unknown,200000,225.0,Auto-Approved,,Yes
C,Rework (Non-Selling),Competitive,Deferred/Unknown,True,False,Creation/Unknown,1000000,1025.0,Auto-Approved,,Yes
C,Rework (Non-Selling),Competitive,Deferred/Unknown,True,True,Library Only,0,225.0,Auto-Approved,,Yes
C,Rework (Non-Selling),Competitive,Deferred/Unknown,True,True,Library Only,1,225.001,Auto-Approved,,Yes
C,Rework (Non-Selling),Competitive,Deferred/Unknown,True,True,Library Only,1000,226.0,Auto-Approved,,Yes
C,Rework (Non-Selling),Competitive,Deferred/Unknown,True,True,Library Only,30000,255.0,Auto-Approved,,Yes
C,Rework (Non-Selling),Competitive,Deferred/Unknown,True,True,Library Only,35000,260.0,Auto-Approved,,Yes
C,Rework (Non-Selling),Competitive,Deferred/Unknown,True,True,Library Only,100000,325.0,Auto-Approved,,Yes
C,Rework (Non-Selling),Competitive,Deferred/Unknown,True,True,Library Only,115000,340.0,Auto-Approved,,Yes
C,Rework (Non-Selling),Competitive,Deferred/Unknown,True,True,Library Only,200000,425.0,Auto-Approved,,Yes
C,Rework (Non-Selling),Competitive,Deferred/Unknown,True,True,Library Only,1000000,1225.0,Auto-Approved,,Yes
C,Rework (Non-Selling),Competitive,Deferred/Unknown,True,True,Starting Point,0,190.0,Auto-Approved,Jo (Non-library for a C/D customer),Yes
C,Rework (Non-Selling),Competitive,Deferred/Unknown,True,True,Starting Point,1,190.001,Auto-Approved,Jo (Non-library for a C/D customer),Yes
C,Rework (Non-Selling),Competitive,Deferred/Unknown,True,True,Starting Point,1000,191.0,Auto-Approved,Jo (Non-library for a C/D customer),Yes
C,Rework (Non-Selling),Competitive,Deferred/Unknown,True,True,Starting Point,30000,220.0,Auto-Approved,Jo (Non-library for a C/D customer),Yes
C,Rework (Non-Selling),Competitive,Deferred/Unknown,True,True,Starting Point,35000,225.0,Auto-Approved,Jo (Non-library for a C/D customer),Yes
C,Rework (Non-Selling),Competitive,Deferred/Unknown,True,True,Starting Point,100000,290.0,Auto-Approved,Jo (Non-library for a C/D customer),Yes
C,Rework (Non-Selling),Competitive,Deferred/Unknown,True,True,Starting Point,115000,305.0,Auto-Approved,Jo (Non-library for a C/D customer),Yes
C,Rework (Non-Selling),Competitive,Deferred/Unknown,True,True,Starting Point,200000,390.0,Auto-Approved,Jo (Non-library for a C/D customer),Yes
C,Rework (Non-Selling),Competitive,Deferred/Unknown,True,True,Starting Point,1000000,1190.0,Auto-Approved,Jo (Non-library for a C/D customer),Yes
C,Rework (Non-Selling),Competitive,Deferred/Unknown,True,True,Creation/Unknown,0,125.0,Auto-Approved,,Yes
C,Rework (Non-Selling),Competitive,Deferred/Unknown,True,True,Creation/Unknown,1,125.001,Auto-Approved,,Yes
C,Rework (Non-Selling),Competitive,Deferred/Unknown,True,True,Creation/Unknown,1000,126.0,Auto-Approved,,Yes
C,Rework (Non-Selling),Competitive,Deferred/Unknown,True,True,Creation/Unknown,30000,155.0,Auto-Approved,,Yes
C,Rework (Non-Selling),Competitive,Deferred/Unknown,True,True,Creation/Unknown,35000,160.0,Auto-Approved,,Yes
C,Rework (Non-Selling),Competitive,Deferred/Unknown,True,True,Creation/Unknown,100000,225.0,Auto-Approved,,Yes
C,Rework (Non-Selling),Competitive,Deferred/Unknown,True,True,Creation/Unknown,115000,240.0,Auto-Approved,,Yes
C,Rework (Non-Selling),Competitive,Deferred/Unknown,True,True,Creation/Unknown,200000,325.0,Auto-Approved,,Yes
C,Rework (Non-Selling),Competitive,Deferred/Unknown,True,True,Creation/Unknown,1000000,1125.0,Auto-Approved,,Yes
C,Rework (Non-Selling),ProActive,Direct,False,False,Library Only,0,125.0,Auto-Approved,,No
C,Rework (Non-Selling),ProActive,Direct,False,False,Library Only,1,125.001,Auto-Approved,,No
C,Rework (Non-Selling),ProActive,Direct,False,False,Library Only,1000,126.0,Auto-Approved,,No
C,Rework (Non-Selling),ProActive,Direct,False,False,Library Only,30000,155.0,Auto-Approved,,No
C,Rework (Non-Selling),ProActive,Direct,False,False,Library Only,35000,160.0,Auto-Approved,,No
C,Rework (Non-Selling),ProActive,Direct,False,False,Library Only,100000,225.0,Auto-Approved,,No
C,Rework (Non-Selling),ProActive,Direct,False,False,Library Only,115000,240.0,Auto-Approved,,No
C,Rework (Non-Selling),ProActive,Direct,False,False,Library Only,200000,325.0,Auto-Approved,,No
C,Rework (Non-Selling),ProActive,Direct,False,False,Library Only,1000000,1125.0,Auto-Approved,,No
C,Rework (Non-Selling),ProActive,Direct,False,False,Starting Point,0,90.0,Pending Approval,Jo (Non-library for a C/D customer),No
C,Rework (Non-Selling),ProActive,Direct,False,False,Starting Point,1,90.001,Pending Approval,Jo (Non-library for a C/D customer),No
C,Rework (Non-Selling),ProActive,Direct,False,False,Starting Point,1000,91.0,Pending Approval,Jo (Non-library for a C/D customer),No
C,Rework (Non-Selling),ProActive,Direct,False,False,Starting Point,30000,120.0,Pending Approval,Jo (Non-library for a C/D customer),No
C,Rework (Non-Selling),ProActive,Direct,False,False,Starting Point,35000,125.0,Pending Approval,Jo (Non-library for a C/D customer),No
C,Rework (Non-Selling),ProActive,Direct,False,False,Starting Point,100000,190.0,Pending Approval,Jo (Non-library for a C/D customer),No
C,Rework (Non-Selling),ProActive,Direct,False,False,Starting Point,115000,205.0,Pending Approval,Jo (Non-library for a C/D customer),No
C,Rework (Non-Selling),ProActive,Direct,False,False,Starting Point,200000,290.0,Pending Approval,Jo (Non-library for a C/D customer),No
C,Rework (Non-Selling),ProActive,Direct,False,False,Starting Point,1000000,1090.0,Pending Approval,Jo (Non-library for a C/D customer),No
C,Rework (Non-Selling),ProActive,Direct,False,False,Creation/Unknown,0,25.0,Declined,,No
C,Rework (Non-Selling),ProActive,Direct,False,False,Creation/Unknown,1,25.000999999999998,Declined,,No
C,Rework (Non-Selling),ProActive,Direct,False,False,Creation/Unknown,1000,26.0,Declined,,No
C,Rework (Non-Selling),ProActive,Direct,False,False,Creation/Unknown,30000,55.0,Pending Approval,,No
C,Rework (Non-Selling),ProActive,Direct,False,False,Creation/Unknown,35000,60.0,Pending Approval,,No
C,Rework (Non-Selling),ProActive,Direct,False,False,Creation/Unknown,100000,125.0,Auto-Approved,,No
C,Rework (Non-Selling),ProActive,Direct,False,False,Creation/Unknown,115000,140.0,Auto-Approved,,No
C,Rework (Non-Selling),ProActive,Direct,False,False,Creation/Unknown,200000,225.0,Auto-Approved,,No
C,Rework (Non-Selling),ProActive,Direct,False,False,Creation/Unknown,1000000,1025.0,Auto-Approved,,No
C,Rework (Non-Selling),ProActive,Direct,False,True,Library Only,0,225.0,Auto-Approved,,No
C,Rework (Non-Selling),ProActive,Direct,False,True,Library Only,1,225.001,Auto-Approved,,No
C,Rework (Non-Selling),ProActive,Direct,False,True,Library Only,1000,226.0,Auto-Approved,,No
C,Rework (Non-Selling),ProActive,Direct,False,True,Library Only,30000,255.0,Auto-Approved,,No
C,Rework (Non-Selling),ProActive,Direct,False,True,Library Only,35000,260.0,Auto-Approved,,No
C,Rework (Non-Selling),ProActive,Direct,False,True,Library Only,100000,325.0,Auto-Approved,,No
C,Rework (Non-Selling),ProActive,Direct,False,True,Library Only,115000,340.0,Auto-Approved,,No
C,Rework (Non-Selling),ProActive,Direct,False,True,Library Only,200000,425.0,Auto-Approved,,No
C,Rework (Non-Selling),ProActive,Direct,False,True,Library Only,1000000,1225.0,Auto-Approved,,No
C,Rework (Non-Selling),ProActive,Direct,False,True,Starting Point,0,190.0,Pending Approval,Jo (Non-library for a C/D customer),No
C,Rework (Non-Selling),ProActive,Direct,False,True,Starting Point,1,190.001,Pending Approval,Jo (Non-library for a C/D customer),No
C,Rework (Non-Selling),ProActive,Direct,False,True,Starting Point,1000,191.0,Pending Approval,Jo (Non-library for a C/D customer),No
C,Rework (Non-Selling),ProActive,Direct,False,True,Starting Point,30000,220.0,Pending Approval,Jo (Non-library for a C/D customer),No
C,Rework (Non-Selling),ProActive,Direct,False,True,Starting Point,35000,225.0,Pending Approval,Jo (Non-library for a C/D customer),No
C,Rework (Non-Selling),ProActive,Direct,False,True,Starting Point,100000,290.0,Pending Approval,Jo (Non-library for a C/D customer),No
C,Rework (Non-Selling),ProActive,Direct,False,True,Starting Point,115000,305.0,Pending Approval,Jo (Non-library for a C/D customer),No
C,Rework (Non-Selling),ProActive,Direct,False,True,Starting Point,200000,390.0,Pending Approval,Jo (Non-library for a C/D customer),No
C,Rework (Non-Selling),ProActive,Direct,False,True,Starting Point,1000000,1190.0,Pending Approval,Jo (Non-library for a C/D customer),No
C,Rework (Non-Selling),ProActive,Direct,False,True,Creation/Unknown,0,125.0,Auto-Approved,,No
C,Rework (Non-Selling),ProActive,Direct,False,True,Creation/Unknown,1,125.001,Auto-Approved,,No
C,Rework (Non-Selling),ProActive,Direct,False,True,Creation/Unknown,1000,126.0,Auto-Approved,,No
C,Rework (Non-Selling),ProActive,Direct,False,True,Creation/Unknown,30000,155.0,Auto-Approved,,No
C,Rework (Non-Selling),ProActive,Direct,False,True,Creation/Unknown,35000,160.0,Auto-Approved,,No
C,Rework (Non-Selling),ProActive,Direct,False,True,Creation/Unknown,100000,225.0,Auto-Approved,,No
C,Rework (Non-Selling),ProActive,Direct,False,True,Creation/Unknown,115000,240.0,Auto-Approved,,No
C,Rework (Non-Selling),ProActive,Direct,False,True,Creation/Unknown,200000,325.0,Auto-Approved,,No
C,Rework (Non-Selling),ProActive,Direct,False,True,Creation/Unknown,1000000,1125.0,Auto-Approved,,No
C,Rework (Non-Selling),ProActive,Direct,True,False,Library Only,0,125.0,Auto-Approved,,Yes
C,Rework (Non-Selling),ProActive,Direct,True,False,Library Only,1,125.001,Auto-Approved,,Yes
C,Rework (Non-Selling),ProActive,Direct,True,False,Library Only,1000,126.0,Auto-Approved,,Yes
C,Rework (Non-Selling),ProActive,Direct,True,False,Library Only,30000,155.0,Auto-Approved,,Yes
C,Rework (Non-Selling),ProActive,Direct,True,False,Library Only,35000,160.0,Auto-Approved,,Yes
C,Rework (Non-Selling),ProActive,Direct,True,False,Library Only,100000,225.0,Auto-Approved,,Yes
C,Rework (Non-Selling),ProActive,Direct,True,False,Library Only,115000,240.0,Auto-Approved,,Yes
C,Rework (Non-Selling),ProActive,Direct,True,False,Library Only,200000,325.0,Auto-Approved,,Yes
C,Rework (Non-Selling),ProActive,Direct,True,False,Library Only,1000000,1125.0,Auto-Approved,,Yes
C,Rework (Non-Selling),ProActive,Direct,True,False,Starting Point,0,90.0,Auto-Approved,Jo (Non-library for a C/D customer),Yes
C,Rework (Non-Selling),ProActive,Direct,True,False,Starting Point,1,90.001,Auto-Approved,Jo (Non-library for a C/D customer),Yes
C,Rework (Non-Selling),ProActive,Direct,True,False,Starting Point,1000,91.0,Auto-Approved,Jo (Non-library for a C/D customer),Yes
C,Rework (Non-Selling),ProActive,Direct,True,False,Starting Point,30000,120.0,Auto-Approved,Jo (Non-library for a C/D customer),Yes
C,Rework (Non-Selling),ProActive,Direct,True,False,Starting Point,35000,125.0,Auto-Approved,Jo (Non-library for a C/D customer),Yes
C,Rework (Non-Selling),ProActive,Direct,True,False,Starting Point,100000,190.0,Auto-Approved,Jo (Non-library for a C/D customer),Yes
C,Rework (Non-Selling),ProActive,Direct,True,False,Starting Point,115000,205.0,Auto-Approved,Jo (Non-library for a C/D customer),Yes
C,Rework (Non-Selling),ProActive,Direct,True,False,Starting Point,200000,290.0,Auto-Approved,Jo (Non-library for a C/D customer),Yes
C,Rework (Non-Selling),ProActive,Direct,True,False,Starting Point,1000000,1090.0,Auto-Approved,Jo (Non-library for a C/D customer),Yes
C,Rework (Non-Selling),ProActive,Direct,True,False,Creation/Unknown,0,25.0,Auto-Approved,,Yes
C,Rework (Non-Selling),ProActive,Direct,True,False,Creation/Unknown,1,25.000999999999998,Auto-Approved,,Yes
C,Rework (Non-Selling),ProActive,Direct,True,False,Creation/Unknown,1000,26.0,Auto-Approved,,Yes
C,Rework (Non-Selling),ProActive,Direct,True,False,Creation/Unknown,30000,55.0,Auto-Approved,,Yes
C,Rework (Non-Selling),ProActive,Direct,True,False,Creation/Unknown,35000,60.0,Auto-Approved,,Yes
C,Rework (Non-Selling),ProActive,Direct,True,False,Creation/Unknown,100000,125.0,Auto-Approved,,Yes
C,Rework (Non-Selling),ProActive,Direct,True,False,Creation/Unknown,115000,140.0,Auto-Approved,,Yes
C,Rework (Non-Selling),ProActive,Direct,True,False,Creation/Unknown,200000,225.0,Auto-Approved,,Yes
C,Rework (Non-Selling),ProActive,Direct,True,False,Creation/Unknown,1000000,1025.0,Auto-Approved,,Yes
C,Rework (Non-Selling),ProActive,Direct,True,True,Library Only,0,225.0,Auto-Approved,,Yes
C,Rework (Non-Selling),ProActive,Direct,True,True,Library Only,1,225.001,Auto-Approved,,Yes
C,Rework (Non-Selling),ProActive,Direct,True,True,Library Only,1000,226.0,Auto-Approved,,Yes
C,Rework (Non-Selling),ProActive,Direct,True,True,Library Only,30000,255.0,Auto-Approved,,Yes
C,Rework (Non-Selling),ProActive,Direct,True,True,Library Only,35000,260.0,Auto-Approved,,Yes
C,Rework (Non-Selling),ProActive,Direct,True,True,Library Only,100000,325.0,Auto-Approved,,Yes
C,Rework (Non-Selling),ProActive,Direct,True,True,Library Only,115000,340.0,Auto-Approved,,Yes
C,Rework (Non-Selling),ProActive,Direct,True,True,Library Only,200000,425.0,Auto-Approved,,Yes
C,Rework (Non-Selling),ProActive,Direct,True,True,Library Only,1000000,1225.0,Auto-Approved,,Yes
C,Rework (Non-Selling),ProActive,Direct,True,True,Starting Point,0,190.0,Auto-Approved,Jo (Non-library for a C/D customer),Yes
C,Rework (Non-Selling),ProActive,Direct,True,True,Starting Point,1,190.001,Auto-Approved,Jo (Non-library for a C/D customer),Yes
C,Rework (Non-Selling),ProActive,Direct,True,True,Starting Point,1000,191.0,Auto-Approved,Jo (Non-library for a C/D customer),Yes
C,Rework (Non-Selling),ProActive,Direct,True,True,Starting Point,30000,220.0,Auto-Approved,Jo (Non-library for a C/D customer),Yes
C,Rework (Non-Selling),ProActive,Direct,True,True,Starting Point,35000,225.0,Auto-Approved,Jo (Non-library for a C/D customer),Yes
C,Rework (Non-Selling),ProActive,Direct,True,True,Starting Point,100000,290.0,Auto-Approved,Jo (Non-library for a C/D customer),Yes
C,Rework (Non-Selling),ProActive,Direct,True,True,Starting Point,115000,305.0,Auto-Approved,Jo (Non-library for a C/D customer),Yes
C,Rework (Non-Selling),ProActive,Direct,True,True,Starting Point,200000,390.0,Auto-Approved,Jo (Non-library for a C/D customer),Yes
C,Rework (Non-Selling),ProActive,Direct,True,True,Starting Point,1000000,1190.0,Auto-Approved,Jo (Non-library for a C/D customer),Yes
C,Rework (Non-Selling),ProActive,Direct,True,True,Creation/Unknown,0,125.0,Auto-Approved,,Yes
C,Rework (Non-Selling),ProActive,Direct,True,True,Creation/Unknown,1,125.001,Auto-Approved,,Yes
C,Rework (Non-Selling),ProActive,Direct,True,True,Creation/Unknown,1000,126.0,Auto-Approved,,Yes
C,Rework (Non-Selling),ProActive,Direct,True,True,Creation/Unknown,30000,155.0,Auto-Approved,,Yes
C,Rework (Non-Selling),ProActive,Direct,True,True,Creation/Unknown,35000,160.0,Auto-Approved,,Yes
C,Rework (Non-Selling),ProActive,Direct,True,True,Creation/Unknown,100000,225.0,Auto-Approved,,Yes
C,Rework (Non-Selling),ProActive,Direct,True,True,Creation/Unknown,115000,240.0,Auto-Approved,,Yes
C,Rework (Non-Selling),ProActive,Direct,True,True,Creation/Unknown,200000,325.0,Auto-Approved,,Yes
C,Rework (Non-Selling),ProActive,Direct,True,True,Creation/Unknown,1000000,1125.0,Auto-Approved,,Yes
C,Rework (Non-Selling),ProActive,Deferred/Unknown,False,False,Library Only,0,125.0,Auto-Approved,,No
C,Rework (Non-Selling),ProActive,Deferred/Unknown,False,False,Library Only,1,125.0005,Auto-Approved,,No
C,Rework (Non-Selling),ProActive,Deferred/Unknown,False,False,Library Only,1000,125.5,Auto-Approved,,No
C,Rework (Non-Selling),ProActive,Deferred/Unknown,False,False,Library Only,30000,140.0,Auto-Approved,,No
C,Rework (Non-Selling),ProActive,Deferred/Unknown,False,False,Library Only,35000,142.5,Auto-Approved,,No
C,Rework (Non-Selling),ProActive,Deferred/Unknown,False,False,Library Only,100000,175.0,Auto-Approved,,No
C,Rework (Non-Selling),ProActive,Deferred/Unknown,False,False,Library Only,115000,182.5,Auto-Approved,,No
C,Rework (Non-Selling),ProActive,Deferred/Unknown,False,False,Library Only,200000,225.0,Auto-Approved,,No
C,Rework (Non-Selling),ProActive,Deferred/Unknown,False,False,Library Only,1000000,625.0,Auto-Approved,,No
C,Rework (Non-Selling),ProActive,Deferred/Unknown,False,False,Starting Point,0,90.0,Pending Approval,Jo (Non-library for a C/D customer),No
C,Rework (Non-Selling),ProActive,Deferred/Unknown,False,False,Starting Point,1,90.0005,Pending Approval,Jo (Non-library for a C/D customer),No
C,Rework (Non-Selling),ProActive,Deferred/Unknown,False,False,Starting Point,1000,90.5,Pending Approval,Jo (Non-library for a C/D customer),No
C,Rework (Non-Selling),ProActive,Deferred/Unknown,False,False,Starting Point,30000,105.0,Pending Approval,Jo (Non-library for a C/D customer),No
C,Rework (Non-Selling),ProActive,Deferred/Unknown,False,False,Starting Point,35000,107.5,Pending Approval,Jo (Non-library for a C/D customer),No
C,Rework (Non-Selling),ProActive,Deferred/Unknown,False,False,Starting Point,100000,140.0,Pending Approval,Jo (Non-library for a C/D customer),No
C,Rework (Non-Selling),ProActive,Deferred/Unknown,False,False,Starting Point,115000,147.5,Pending Approval,Jo (Non-library for a C/D customer),No
C,Rework (Non-Selling),ProActive,Deferred/Unknown,False,False,Starting Point,200000,190.0,Pending Approval,Jo (Non-library for a C/D customer),No
C,Rework (Non-Selling),ProActive,Deferred/Unknown,False,False,Starting Point,1000000,590.0,Pending Approval,Jo (Non-library for a C/D customer),No
C,Rework (Non-Selling),ProActive,Deferred/Unknown,False,False,Creation/Unknown,0,25.0,Declined,,No
C,Rework (Non-Selling),ProActive,Deferred/Unknown,False,False,Creation/Unknown,1,25.000500000000002,Declined,,No
C,Rework (Non-Selling),ProActive,Deferred/Unknown,False,False,Creation/Unknown,1000,25.5,Declined,,No
C,Rework (Non-Selling),ProActive,Deferred/Unknown,False,False,Creation/Unknown,30000,40.0,Pending Approval,,No
C,Rework (Non-Selling),ProActive,Deferred/Unknown,False,False,Creation/Unknown,35000,42.5,Pending Approval,,No
C,Rework (Non-Selling),ProActive,Deferred/Unknown,False,False,Creation/Unknown,100000,75.0,Pending Approval,,No
C,Rework (Non-Selling),ProActive,Deferred/Unknown,False,False,Creation/Unknown,115000,82.5,Pending Approval,,No
C,Rework (Non-Selling),ProActive,Deferred/Unknown,False,False,Creation/Unknown,200000,125.0,Auto-Approved,,No
C,Rework (Non-Selling),ProActive,Deferred/Unknown,False,False,Creation/Unknown,1000000,525.0,Auto-Approved,,No
C,Rework (Non-Selling),ProActive,Deferred/Unknown,False,True,Library Only,0,225.0,Auto-Approved,,No
C,Rework (Non-Selling),ProActive,Deferred/Unknown,False,True,Library Only,1,225.0005,Auto-Approved,,No
C,Rework (Non-Selling),ProActive,Deferred/Unknown,False,True,Library Only,1000,225.5,Auto-Approved,,No
C,Rework (Non-Selling),ProActive,Deferred/Unknown,False,True,Library Only,30000,240.0,Auto-Approved,,No
C,Rework (Non-Selling),ProActive,Deferred/Unknown,False,True,Library Only,35000,242.5,Auto-Approved,,No
C,Rework (Non-Selling),ProActive,Deferred/Unknown,False,True,Library Only,100000,275.0,Auto-Approved,,No
C,Rework (Non-Selling),ProActive,Deferred/Unknown,False,True,Library Only,115000,282.5,Auto-Approved,,No
C,Rework (Non-Selling),ProActive,Deferred/Unknown,False,True,Library Only,200000,325.0,Auto-Approved,,No
C,Rework (Non-Selling),ProActive,Deferred/Unknown,False,True,Library Only,1000000,725.0,Auto-Approved,,No
C,Rework (Non-Selling),ProActive,Deferred/Unknown,False,True,Starting Point,0,190.0,Pending Approval,Jo (Non-library for a C/D customer),No
C,Rework (Non-Selling),ProActive,Deferred/Unknown,False,True,Starting Point,1,190.0005,Pending Approval,Jo (Non-library for a C/D customer),No
C,Rework (Non-Selling),ProActive,Deferred/Unknown,False,True,Starting Point,1000,190.5,Pending Approval,Jo (Non-library for a C/D customer),No
C,Rework (Non-Selling),ProActive,Deferred/Unknown,False,True,Starting Point,30000,205.0,Pending Approval,Jo (Non-library for a C/D customer),No
C,Rework (Non-Selling),ProActive,Deferred/Unknown,False,True,Starting Point,35000,207.5,Pending Approval,Jo (Non-library for a C/D customer),No
C,Rework (Non-Selling),ProActive,Deferred/Unknown,False,True,Starting Point,100000,240.0,Pending Approval,Jo (Non-library for a C/D customer),No
C,Rework (Non-Selling),ProActive,Deferred/Unknown,False,True,Starting Point,115000,247.5,Pending Approval,Jo (Non-library for a C/D customer),No
C,Rework (Non-Selling),ProActive,Deferred/Unknown,False,True,Starting Point,200000,290.0,Pending Approval,Jo (Non-library for a C/D customer),No
C,Rework (Non-Selling),ProActive,Deferred/Unknown,False,True,Starting Point,1000000,690.0,Pending Approval,Jo (Non-library for a C/D customer),No
C,Rework (Non-Selling),ProActive,Deferred/Unknown,False,True,Creation/Unknown,0,125.0,Auto-Approved,,No
C,Rework (Non-Selling),ProActive,Deferred/Unknown,False,True,Creation/Unknown,1,125.0005,Auto-Approved,,No
C,Rework (Non-Selling),ProActive,Deferred/Unknown,False,True,Creation/Unknown,1000,125.5,Auto-Approved,,No
C,Rework (Non-Selling),ProActive,Deferred/Unknown,False,True,Creation/Unknown,30000,140.0,Auto-Approved,,No
C,Rework (Non-Selling),ProActive,Deferred/Unknown,False,True,Creation/Unknown,35000,142.5,Auto-Approved,,No
C,Rework (Non-Selling),ProActive,Deferred/Unknown,False,True,Creation/Unknown,100000,175.0,Auto-Approved,,No
C,Rework (Non-Selling),ProActive,Deferred/Unknown,False,True,Creation/Unknown,115000,182.5,Auto-Approved,,No
C,Rework (Non-Selling),ProActive,Deferred/Unknown,False,True,Creation/Unknown,200000,225.0,Auto-Approved,,No
C,Rework (Non-Selling),ProActive,Deferred/Unknown,False,True,Creation/Unknown,1000000,625.0,Auto-Approved,,No
C,Rework (Non-Selling),ProActive,Deferred/Unknown,True,False,Library Only,0,125.0,Auto-Approved,,Yes
C,Rework (Non-Selling),ProActive,Deferred/Unknown,True,False,Library Only,1,125.0005,Auto-Approved,,Yes
C,Rework (Non-Selling),ProActive,Deferred/Unknown,True,False,Library Only,1000,125.5,Auto-Approved,,Yes
C,Rework (Non-Selling),ProActive,Deferred/Unknown,True,False,Library Only,30000,140.0,Auto-Approved,,Yes
C,Rework (Non-Selling),ProActive,Deferred/Unknown,True,False,Library Only,35000,142.5,Auto-Approved,,Yes
C,Rework (Non-Selling),ProActive,Deferred/Unknown,True,False,Library Only,100000,175.0,Auto-Approved,,Yes
C,Rework (Non-Selling),ProActive,Deferred/Unknown,True,False,Library Only,115000,182.5,Auto-Approved,,Yes
C,Rework (Non-Selling),ProActive,Deferred/Unknown,True,False,Library Only,200000,225.0,Auto-Approved,,Yes
C,Rework (Non-Selling),ProActive,Deferred/Unknown,True,False,Library Only,1000000,625.0,Auto-Approved,,Yes
C,Rework (Non-Selling),ProActive,Deferred/Unknown,True,False,Starting Point,0,90.0,Auto-Approved,Jo (Non-library for a C/D customer),Yes
C,Rework (Non-Selling),ProActive,Deferred/Unknown,True,False,Starting Point,1,90.0005,Auto-Approved,Jo (Non-library for a C/D customer),Yes
C,Rework (Non-Selling),ProActive,Deferred/Unknown,True,False,Starting Point,1000,90.5,Auto-Approved,Jo (Non-library for a C/D customer),Yes
C,Rework (Non-Selling),ProActive,Deferred/Unknown,True,False,Starting Point,30000,105.0,Auto-Approved,Jo (Non-library for a C/D customer),Yes
C,Rework (Non-Selling),ProActive,Deferred/Unknown,True,False,Starting Point,35000,107.5,Auto-Approved,Jo (Non-library for a C/D customer),Yes
C,Rework (Non-Selling),ProActive,Deferred/Unknown,True,False,Starting Point,100000,140.0,Auto-Approved,Jo (Non-library for a C/D customer),Yes
C,Rework (Non-Selling),ProActive,Deferred/Unknown,True,False,Starting Point,115000,147.5,Auto-Approved,Jo (Non-library for a C/D customer),Yes
C,Rework (Non-Selling),ProActive,Deferred/Unknown,True,False,Starting Point,200000,190.0,Auto-Approved,Jo (Non-library for a C/D customer),Yes
C,Rework (Non-Selling),ProActive,Deferred/Unknown,True,False,Starting Point,1000000,590.0,Auto-Approved,Jo (Non-library for a C/D customer),Yes
C,Rework (Non-Selling),ProActive,Deferred/Unknown,True,False,Creation/Unknown,0,25.0,Auto-Approved,,Yes
C,Rework (Non-Selling),ProActive,Deferred/Unknown,True,False,Creation/Unknown,1,25.000500000000002,Auto-Approved,,Yes
C,Rework (Non-Selling),ProActive,Deferred/Unknown,True,False,Creation/Unknown,1000,25.5,Auto-Approved,,Yes
C,Rework (Non-Selling),ProActive,Deferred/Unknown,True,False,Creation/Unknown,30000,40.0,Auto-Approved,,Yes
C,Rework (Non-Selling),ProActive,Deferred/Unknown,True,False,Creation/Unknown,35000,42.5,Auto-Approved,,Yes
C,Rework (Non-Selling),ProActive,Deferred/Unknown,True,False,Creation/Unknown,100000,75.0,Auto-Approved,,Yes
C,Rework (Non-Selling),ProActive,Deferred/Unknown,True,False,Creation/Unknown,115000,82.5,Auto-Approved,,Yes
C,Rework (Non-Selling),ProActive,Deferred/Unknown,True,False,Creation/Unknown,200000,125.0,Auto-Approved,,Yes
C,Rework (Non-Selling),ProActive,Deferred/Unknown,True,False,Creation/Unknown,1000000,525.0,Auto-Approved,,Yes
C,Rework (Non-Selling),ProActive,Deferred/Unknown,True,True,Library Only,0,225.0,Auto-Approved,,Yes
C,Rework (Non-Selling),ProActive,Deferred/Unknown,True,True,Library Only,1,225.0005,Auto-Approved,,Yes
C,Rework (Non-Selling),ProActive,Deferred/Unknown,True,True,Library Only,1000,225.5,Auto-Approved,,Yes
C,Rework (Non-Selling),ProActive,Deferred/Unknown,True,True,Library Only,30000,240.0,Auto-Approved,,Yes
C,Rework (Non-Selling),ProActive,Deferred/Unknown,True,True,Library Only,35000,242.5,Auto-Approved,,Yes
C,Rework (Non-Selling),ProActive,Deferred/Unknown,True,True,Library Only,100000,275.0,Auto-Approved,,Yes
C,Rework (Non-Selling),ProActive,Deferred/Unknown,True,True,Library Only,115000,282.5,Auto-Approved,,Yes
C,Rework (Non-Selling),ProActive,Deferred/Unknown,True,True,Library Only,200000,325.0,Auto-Approved,,Yes
C,Rework (Non-Selling),ProActive,Deferred/Unknown,True,True,Library Only,1000000,725.0,Auto-Approved,,Yes
C,Rework (Non-Selling),ProActive,Deferred/Unknown,True,True,Starting Point,0,190.0,Auto-Approved,Jo (Non-library for a C/D customer),Yes
C,Rework (Non-Selling),ProActive,Deferred/Unknown,True,True,Starting Point,1,190.0005,Auto-Approved,Jo (Non-library for a C/D customer),Yes
C,Rework (Non-Selling),ProActive,Deferred/Unknown,True,True,Starting Point,1000,190.5,Auto-Approved,Jo (Non-library for a C/D customer),Yes
C,Rework (Non-Selling),ProActive,Deferred/Unknown,True,True,Starting Point,30000,205.0,Auto-Approved,Jo (Non-library for a C/D customer),Yes
C,Rework (Non-Selling),ProActive,Deferred/Unknown,True,True,Starting Point,35000,207.5,Auto-Approved,Jo (Non-library for a C/D customer),Yes
C,Rework (Non-Selling),ProActive,Deferred/Unknown,True,True,Starting Point,100000,240.0,Auto-Approved,Jo (Non-library for a C/D customer),Yes
C,Rework (Non-Selling),ProActive,Deferred/Unknown,True,True,Starting Point,115000,247.5,Auto-Approved,Jo (Non-library for a C/D customer),Yes
C,Rework (Non-Selling),ProActive,Deferred/Unknown,True,True,Starting Point,200000,290.0,Auto-Approved,Jo (Non-library for a C/D customer),Yes
C,Rework (Non-Selling),ProActive,Deferred/Unknown,True,True,Starting Point,1000000,690.0,Auto-Approved,Jo (Non-library for a C/D customer),Yes
C,Rework (Non-Selling),ProActive,Deferred/Unknown,True,True,Creation/Unknown,0,125.0,Auto-Approved,,Yes
C,Rework (Non-Selling),ProActive,Deferred/Unknown,True,True,Creation/Unknown,1,125.0005,Auto-Approved,,Yes
C,Rework (Non-Selling),ProActive,Deferred/Unknown,True,True,Creation/Unknown,1000,125.5,Auto-Approved,,Yes
C,Rework (Non-Selling),ProActive,Deferred/Unknown,True,True,Creation/Unknown,30000,140.0,Auto-Approved,,Yes
C,Rework (Non-Selling),ProActive,Deferred/Unknown,True,True,Creation/Unknown,35000,142.5,Auto-Approved,,Yes
C,Rework (Non-Selling),ProActive,Deferred/Unknown,True,True,Creation/Unknown,100000,175.0,Auto-Approved,,Yes
C,Rework (Non-Selling),ProActive,Deferred/Unknown,True,True,Creation/Unknown,115000,182.5,Auto-Approved,,Yes
C,Rework (Non-Selling),ProActive,Deferred/Unknown,True,True,Creation/Unknown,200000,225.0,Auto-Approved,,Yes
C,Rework (Non-Selling),ProActive,Deferred/Unknown,True,True,Creation/Unknown,1000000,625.0,Auto-Approved,,Yes
D,New,Exclusive,Direct,False,False,Library Only,0,110.0,Pending Approval,,No
D,New,Exclusive,Direct,False,False,Library Only,1,110.0035,Pending Approval,,No
D,New,Exclusive,Direct,False,False,Library Only,1000,113.5,Pending Approval,,No
D,New,Exclusive,Direct,False,False,Library Only,30000,215.0,Auto-Approved,,No
D,New,Exclusive,Direct,False,False,Library Only,35000,232.5,Auto-Approved,,No
D,New,Exclusive,Direct,False,False,Library Only,100000,460.0,Auto-Approved,,No
D,New,Exclusive,Direct,False,False,Library Only,115000,512.5,Auto-Approved,,No
D,New,Exclusive,Direct,False,False,Library Only,200000,810.0,Auto-Approved,,No
D,New,Exclusive,Direct,False,False,Library Only,1000000,3610.0,Auto-Approved,,No
D,New,Exclusive,Direct,False,False,Starting Point,0,75.0,Pending Approval,Jo (Non-library for a C/D customer),No
D,New,Exclusive,Direct,False,False,Starting Point,1,75.0035,Pending Approval,Jo (Non-library for a C/D customer),No
D,New,Exclusive,Direct,False,False,Starting Point,1000,78.5,Pending Approval,Jo (Non-library for a C/D customer),No
D,New,Exclusive,Direct,False,False,Starting Point,30000,180.0,Pending Approval,Jo (Non-library for a C/D customer),No
D,New,Exclusive,Direct,False,False,Starting Point,35000,197.5,Pending Approval,Jo (Non-library for a C/D customer),No
D,New,Exclusive,Direct,False,False,Starting Point,100000,425.0,Pending Approval,Jo (Non-library for a C/D customer),No
D,New,Exclusive,Direct,False,False,Starting Point,115000,477.5,Pending Approval,Jo (Non-library for a C/D customer),No
D,New,Exclusive,Direct,False,False,Starting Point,200000,775.0,Pending Approval,Jo (Non-library for a C/D customer),No
D,New,Exclusive,Direct,False,False,Starting Point,1000000,3575.0,Pending Approval,Jo (Non-library for a C/D customer),No
D,New,Exclusive,Direct,False,False,Creation/Unknown,0,10.0,Declined,,No
D,New,Exclusive,Direct,False,False,Creation/Unknown,1,10.0035,Declined,,No
D,New,Exclusive,Direct,False,False,Creation/Unknown,1000,13.5,Declined,,No
D,New,Exclusive,Direct,False,False,Creation/Unknown,30000,115.0,Auto-Approved,,No
D,New,Exclusive,Direct,False,False,Creation/Unknown,35000,132.5,Auto-Approved,,No
D,New,Exclusive,Direct,False,False,Creation/Unknown,100000,360.0,Auto-Approved,,No
D,New,Exclusive,Direct,False,False,Creation/Unknown,115000,412.5,Auto-Approved,,No
D,New,Exclusive,Direct,False,False,Creation/Unknown,200000,710.0,Auto-Approved,,No
D,New,Exclusive,Direct,False,False,Creation/Unknown,1000000,3510.0,Auto-Approved,,No
D,New,Exclusive,Direct,False,True,Library Only,0,210.0,Auto-Approved,,No
D,New,Exclusive,Direct,False,True,Library Only,1,210.0035,Auto-Approved,,No
D,New,Exclusive,Direct,False,True,Library Only,1000,213.5,Auto-Approved,,No
D,New,Exclusive,Direct,False,True,Library Only,30000,315.0,Auto-Approved,,No
D,New,Exclusive,Direct,False,True,Library Only,35000,332.5,Auto-Approved,,No
D,New,Exclusive,Direct,False,True,Library Only,100000,560.0,Auto-Approved,,No
D,New,Exclusive,Direct,False,True,Library Only,115000,612.5,Auto-Approved,,No
D,New,Exclusive,Direct,False,True,Library Only,200000,910.0,Auto-Approved,,No
D,New,Exclusive,Direct,False,True,Library Only,1000000,3710.0,Auto-Approved,,No
D,New,Exclusive,Direct,False,True,Starting Point,0,175.0,Pending Approval,Jo (Non-library for a C/D customer),No
D,New,Exclusive,Direct,False,True,Starting Point,1,175.0035,Pending Approval,Jo (Non-library for a C/D customer),No
D,New,Exclusive,Direct,False,True,Starting Point,1000,178.5,Pending Approval,Jo (Non-library for a C/D customer),No
D,New,Exclusive,Direct,False,True,Starting Point,30000,280.0,Pending Approval,Jo (Non-library for a C/D customer),No
D,New,Exclusive,Direct,False,True,Starting Point,35000,297.5,Pending Approval,Jo (Non-library for a C/D customer),No
D,New,Exclusive,Direct,False,True,Starting Point,100000,525.0,Pending Approval,Jo (Non-library for a C/D customer),No
D,New,Exclusive,Direct,False,True,Starting Point,115000,577.5,Pending Approval,Jo (Non-library for a C/D customer),No
D,New,Exclusive,Direct,False,True,Starting Point,200000,875.0,Pending Approval,Jo (Non-library for a C/D customer),No
D,New,Exclusive,Direct,False,True,Starting Point,1000000,3675.0,Pending Approval,Jo (Non-library for a C/D customer),No
D,New,Exclusive,Direct,False,True,Creation/Unknown,0,110.0,Pending Approval,,No
D,New,Exclusive,Direct,False,True,Creation/Unknown,1,110.0035,Pending Approval,,No
D,New,Exclusive,Direct,False,True,Creation/Unknown,1000,113.5,Pending Approval,,No
D,New,Exclusive,Direct,False,True,Creation/Unknown,30000,215.0,Auto-Approved,,No
D,New,Exclusive,Direct,False,True,Creation/Unknown,35000,232.5,Auto-Approved,,No
D,New,Exclusive,Direct,False,True,Creation/Unknown,100000,460.0,Auto-Approved,,No
D,New,Exclusive,Direct,False,True,Creation/Unknown,115000,512.5,Auto-Approved,,No
D,New,Exclusive,Direct,False,True,Creation/Unknown,200000,810.0,Auto-Approved,,No
D,New,Exclusive,Direct,False,True,Creation/Unknown,1000000,3610.0,Auto-Approved,,No
D,New,Exclusive,Direct,True,False,Library Only,0,110.0,Auto-Approved,,Yes
D,New,Exclusive,Direct,True,False,Library Only,1,110.0035,Auto-Approved,,Yes
D,New,Exclusive,Direct,True,False,Library Only,1000,113.5,Auto-Approved,,Yes
D,New,Exclusive,Direct,True,False,Library Only,30000,215.0,Auto-Approved,,Yes
D,New,Exclusive,Direct,True,False,Library Only,35000,232.5,Auto-Approved,,Yes
D,New,Exclusive,Direct,True,False,Library Only,100000,460.0,Auto-Approved,,Yes
D,New,Exclusive,Direct,True,False,Library Only,115000,512.5,Auto-Approved,,Yes
D,New,Exclusive,Direct,True,False,Library Only,200000,810.0,Auto-Approved,,Yes
D,New,Exclusive,Direct,True,False,Library Only,1000000,3610.0,Auto-Approved,,Yes
D,New,Exclusive,Direct,True,False,Starting Point,0,75.0,Auto-Approved,Jo (Non-library for a C/D customer),Yes
D,New,Exclusive,Direct,True,False,Starting Point,1,75.0035,Auto-Approved,Jo (Non-library for a C/D customer),Yes
D,New,Exclusive,Direct,True,False,Starting Point,1000,78.5,Auto-Approved,Jo (Non-library for a C/D customer),Yes
D,New,Exclusive,Direct,True,False,Starting Point,30000,180.0,Auto-Approved,Jo (Non-library for a C/D customer),Yes
D,New,Exclusive,Direct,True,False,Starting Point,35000,197.5,Auto-Approved,Jo (Non-library for a C/D customer),Yes
D,New,Exclusive,Direct,True,False,Starting Point,100000,425.0,Auto-Approved,Jo (Non-library for a C/D customer),Yes
D,New,Exclusive,Direct,True,False,Starting Point,115000,477.5,Auto-Approved,Jo (Non-library for a C/D customer),Yes
D,New,Exclusive,Direct,True,False,Starting Point,200000,775.0,Auto-Approved,Jo (Non-library for a C/D customer),Yes
D,New,Exclusive,Direct,True,False,Starting Point,1000000,3575.0,Auto-Approved,Jo (Non-library for a C/D customer),Yes
D,New,Exclusive,Direct,True,False,Creation/Unknown,0,10.0,Auto-Approved,,Yes
D,New,Exclusive,Direct,True,False,Creation/Unknown,1,10.0035,Auto-Approved,,Yes
D,New,Exclusive,Direct,True,False,Creation/Unknown,1000,13.5,Auto-Approved,,Yes
D,New,Exclusive,Direct,True,False,Creation/Unknown,30000,115.0,Auto-Approved,,Yes
D,New,Exclusive,Direct,True,False,Creation/Unknown,35000,132.5,Auto-Approved,,Yes
D,New,Exclusive,Direct,True,False,Creation/Unknown,100000,360.0,Auto-Approved,,Yes
D,New,Exclusive,Direct,True,False,Creation/Unknown,115000,412.5,Auto-Approved,,Yes
D,New,Exclusive,Direct,True,False,Creation/Unknown,200000,710.0,Auto-Approved,,Yes
D,New,Exclusive,Direct,True,False,Creation/Unknown,1000000,3510.0,Auto-Approved,,Yes
D,New,Exclusive,Direct,True,True,Library Only,0,210.0,Auto-Approved,,Yes
D,New,Exclusive,Direct,True,True,Library Only,1,210.0035,Auto-Approved,,Yes
D,New,Exclusive,Direct,True,True,Library Only,1000,213.5,Auto-Approved,,Yes
D,New,Exclusive,Direct,True,True,Library Only,30000,315.0,Auto-Approved,,Yes
D,New,Exclusive,Direct,True,True,Library Only,35000,332.5,Auto-Approved,,Yes
D,New,Exclusive,Direct,True,True,Library Only,100000,560.0,Auto-Approved,,Yes
D,New,Exclusive,Direct,True,True,Library Only,115000,612.5,Auto-Approved,,Yes
D,New,Exclusive,Direct,True,True,Library Only,200000,910.0,Auto-Approved,,Yes
D,New,Exclusive,Direct,True,True,Library Only,1000000,3710.0,Auto-Approved,,Yes
D,New,Exclusive,Direct,True,True,Starting Point,0,175.0,Auto-Approved,Jo (Non-library for a C/D customer),Yes
D,New,Exclusive,Direct,True,True,Starting Point,1,175.0035,Auto-Approved,Jo (Non-library for a C/D customer),Yes
D,New,Exclusive,Direct,True,True,Starting Point,1000,178.5,Auto-Approved,Jo (Non-library for a C/D customer),Yes
D,New,Exclusive,Direct,True,True,Starting Point,30000,280.0,Auto-Approved,Jo (Non-library for a C/D customer),Yes
D,New,Exclusive,Direct,True,True,Starting Point,35000,297.5,Auto-Approved,Jo (Non-library for a C/D customer),Yes
D,New,Exclusive,Direct,True,True,Starting Point,100000,525.0,Auto-Approved,Jo (Non-library for a C/D customer),Yes
D,New,Exclusive,Direct,True,True,Starting Point,115000,577.5,Auto-Approved,Jo (Non-library for a C/D customer),Yes
D,New,Exclusive,Direct,True,True,Starting Point,200000,875.0,Auto-Approved,Jo (Non-library for a C/D customer),Yes
D,New,Exclusive,Direct,True,True,Starting Point,1000000,3675.0,Auto-Approved,Jo (Non-library for a C/D customer),Yes
D,New,Exclusive,Direct,True,True,Creation/Unknown,0,110.0,Auto-Approved,,Yes
D,New,Exclusive,Direct,True,True,Creation/Unknown,1,110.0035,Auto-Approved,,Yes
D,New,Exclusive,Direct,True,True,Creation/Unknown,1000,113.5,Auto-Approved,,Yes
D,New,Exclusive,Direct,True,True,Creation/Unknown,30000,215.0,Auto-Approved,,Yes
D,New,Exclusive,Direct,True,True,Creation/Unknown,35000,232.5,Auto-Approved,,Yes
D,New,Exclusive,Direct,True,True,Creation/Unknown,100000,460.0,Auto-Approved,,Yes
D,New,Exclusive,Direct,True,True,Creation/Unknown,115000,512.5,Auto-Approved,,Yes
D,New,Exclusive,Direct,True,True,Creation/Unknown,200000,810.0,Auto-Approved,,Yes
D,New,Exclusive,Direct,True,True,Creation/Unknown,1000000,3610.0,Auto-Approved,,Yes
D,New,Exclusive,Deferred/Unknown,False,False,Library Only,0,110.0,Pending Approval,,No
D,New,Exclusive,Deferred/Unknown,False,False,Library Only,1,110.003,Pending Approval,,No
D,New,Exclusive,Deferred/Unknown,False,False,Library Only,1000,113.0,Pending Approval,,No
D,New,Exclusive,Deferred/Unknown,False,False,Library Only,30000,200.0,Auto-Approved,,No
D,New,Exclusive,Deferred/Unknown,False,False,Library Only,35000,215.0,Auto-Approved,,No
D,New,Exclusive,Deferred/Unknown,False,False,Library Only,100000,410.0,Auto-Approved,,No
D,New,Exclusive,Deferred/Unknown,False,False,Library Only,115000,455.0,Auto-Approved,,No
D,New,Exclusive,Deferred/Unknown,False,False,Library Only,200000,710.0,Auto-Approved,,No
D,New,Exclusive,Deferred/Unknown,False,False,Library Only,1000000,3110.0,Auto-Approved,,No
D,New,Exclusive,Deferred/Unknown,False,False,Starting Point,0,75.0,Pending Approval,Jo (Non-library for a C/D customer),No
D,New,Exclusive,Deferred/Unknown,False,False,Starting Point,1,75.003,Pending Approval,Jo (Non-library for a C/D customer),No
D,New,Exclusive,Deferred/Unknown,False,False,Starting Point,1000,78.0,Pending Approval,Jo (Non-library for a C/D customer),No
D,New,Exclusive,Deferred/Unknown,False,False,Starting Point,30000,165.0,Pending Approval,Jo (Non-library for a C/D customer),No
D,New,Exclusive,Deferred/Unknown,False,False,Starting Point,35000,180.0,Pending Approval,Jo (Non-library for a C/D customer),No
D,New,Exclusive,Deferred/Unknown,False,False,Starting Point,100000,375.0,Pending Approval,Jo (Non-library for a C/D customer),No
D,New,Exclusive,Deferred/Unknown,False,False,Starting Point,115000,420.0,Pending Approval,Jo (Non-library for a C/D customer),No
D,New,Exclusive,Deferred/Unknown,False,False,Starting Point,200000,675.0,Pending Approval,Jo (Non-library for a C/D customer),No
D,New,Exclusive,Deferred/Unknown,False,False,Starting Point,1000000,3075.0,Pending Approval,Jo (Non-library for a C/D customer),No
D,New,Exclusive,Deferred/Unknown,False,False,Creation/Unknown,0,10.0,Declined,,No
D,New,Exclusive,Deferred/Unknown,False,False,Creation/Unknown,1,10.003,Declined,,No
D,New,Exclusive,Deferred/Unknown,False,False,Creation/Unknown,1000,13.0,Declined,,No
D,New,Exclusive,Deferred/Unknown,False,False,Creation/Unknown,30000,100.0,Pending Approval,,No
D,New,Exclusive,Deferred/Unknown,False,False,Creation/Unknown,35000,115.0,Auto-Approved,,No
D,New,Exclusive,Deferred/Unknown,False,False,Creation/Unknown,100000,310.0,Auto-Approved,,No
D,New,Exclusive,Deferred/Unknown,False,False,Creation/Unknown,115000,355.0,Auto-Approved,,No
D,New,Exclusive,Deferred/Unknown,False,False,Creation/Unknown,200000,610.0,Auto-Approved,,No
D,New,Exclusive,Deferred/Unknown,False,False,Creation/Unknown,1000000,3010.0,Auto-Approved,,No
D,New,Exclusive,Deferred/Unknown,False,True,Library Only,0,210.0,Auto-Approved,,No
D,New,Exclusive,Deferred/Unknown,False,True,Library Only,1,210.003,Auto-Approved,,No
D,New,Exclusive,Deferred/Unknown,False,True,Library Only,1000,213.0,Auto-Approved,,No
D,New,Exclusive,Deferred/Unknown,False,True,Library Only,30000,300.0,Auto-Approved,,No
D,New,Exclusive,Deferred/Unknown,False,True,Library Only,35000,315.0,Auto-Approved,,No
D,New,Exclusive,Deferred/Unknown,False,True,Library Only,100000,510.0,Auto-Approved,,No
D,New,Exclusive,Deferred/Unknown,False,True,Library Only,115000,555.0,Auto-Approved,,No
D,New,Exclusive,Deferred/Unknown,False,True,Library Only,200000,810.0,Auto-Approved,,No
D,New,Exclusive,Deferred/Unknown,False,True,Library Only,1000000,3210.0,Auto-Approved,,No
D,New,Exclusive,Deferred/Unknown,False,True,Starting Point,0,175.0,Pending Approval,Jo (Non-library for a C/D customer),No
D,New,Exclusive,Deferred/Unknown,False,True,Starting Point,1,175.003,Pending Approval,Jo (Non-library for a C/D customer),No
D,New,Exclusive,Deferred/Unknown,False,True,Starting Point,1000,178.0,Pending Approval,Jo (Non-library for a C/D customer),No
D,New,Exclusive,Deferred/Unknown,False,True,Starting Point,30000,265.0,Pending Approval,Jo (Non-library for a C/D customer),No
D,New,Exclusive,Deferred/Unknown,False,True,Starting Point,35000,280.0,Pending Approval,Jo (Non-library for a C/D customer),No
D,New,Exclusive,Deferred/Unknown,False,True,Starting Point,100000,475.0,Pending Approval,Jo (Non-library for a C/D customer),No
D,New,Exclusive,Deferred/Unknown,False,True,Starting Point,115000,520.0,Pending Approval,Jo (Non-library for a C/D customer),No
D,New,Exclusive,Deferred/Unknown,False,True,Starting Point,200000,775.0,Pending Approval,Jo (Non-library for a C/D customer),No
D,New,Exclusive,Deferred/Unknown,False,True,Starting Point,1000000,3175.0,Pending Approval,Jo (Non-library for a C/D customer),No
D,New,Exclusive,Deferred/Unknown,False,True,Creation/Unknown,0,110.0,Pending Approval,,No
D,New,Exclusive,Deferred/Unknown,False,True,Creation/Unknown,1,110.003,Pending Approval,,No
D,New,Exclusive,Deferred/Unknown,False,True,Creation/Unknown,1000,113.0,Pending Approval,,No
D,New,Exclusive,Deferred/Unknown,False,True,Creation/Unknown,30000,200.0,Auto-Approved,,No
D,New,Exclusive,Deferred/Unknown,False,True,Creation/Unknown,35000,215.0,Auto-Approved,,No
D,New,Exclusive,Deferred/Unknown,False,True,Creation/Unknown,100000,410.0,Auto-Approved,,No
D,New,Exclusive,Deferred/Unknown,False,True,Creation/Unknown,115000,455.0,Auto-Approved,,No
D,New,Exclusive,Deferred/Unknown,False,True,Creation/Unknown,200000,710.0,Auto-Approved,,No
D,New,Exclusive,Deferred/Unknown,False,True,Creation/Unknown,1000000,3110.0,Auto-Approved,,No
D,New,Exclusive,Deferred/Unknown,True,False,Library Only,0,110.0,Auto-Approved,,Yes
D,New,Exclusive,Deferred/Unknown,True,False,Library Only,1,110.003,Auto-Approved,,Yes
D,New,Exclusive,Deferred/Unknown,True,False,Library Only,1000,113.0,Auto-Approved,,Yes
D,New,Exclusive,Deferred/Unknown,True,False,Library Only,30000,200.0,Auto-Approved,,Yes
D,New,Exclusive,Deferred/Unknown,True,False,Library Only,35000,215.0,Auto-Approved,,Yes
D,New,Exclusive,Deferred/Unknown,True,False,Library Only,100000,410.0,Auto-Approved,,Yes
D,New,Exclusive,Deferred/Unknown,True,False,Library Only,115000,455.0,Auto-Approved,,Yes
D,New,Exclusive,Deferred/Unknown,True,False,Library Only,200000,710.0,Auto-Approved,,Yes
D,New,Exclusive,Deferred/Unknown,True,False,Library Only,1000000,3110.0,Auto-Approved,,Yes
D,New,Exclusive,Deferred/Unknown,True,False,Starting Point,0,75.0,Auto-Approved,Jo (Non-library for a C/D customer),Yes
D,New,Exclusive,Deferred/Unknown,True,False,Starting Point,1,75.003,Auto-Approved,Jo (Non-library for a C/D customer),Yes
D,New,Exclusive,Deferred/Unknown,True,False,Starting Point,1000,78.0,Auto-Approved,Jo (Non-library for a C/D customer),Yes
D,New,Exclusive,Deferred/Unknown,True,False,Starting Point,30000,165.0,Auto-Approved,Jo (Non-library for a C/D customer),Yes
D,New,Exclusive,Deferred/Unknown,True,False,Starting Point,35000,180.0,Auto-Approved,Jo (Non-library for a C/D customer),Yes
D,New,Exclusive,Deferred/Unknown,True,False,Starting Point,100000,375.0,Auto-Approved,Jo (Non-library for a C/D customer),Yes
D,New,Exclusive,Deferred/Unknown,True,False,Starting Point,115000,420.0,Auto-Approved,Jo (Non-library for a C/D customer),Yes
D,New,Exclusive,Deferred/Unknown,True,False,Starting Point,200000,675.0,Auto-Approved,Jo (Non-library for a C/D customer),Yes
D,New,Exclusive,Deferred/Unknown,True,False,Starting Point,1000000,3075.0,Auto-Approved,Jo (Non-library for a C/D customer),Yes
D,New,Exclusive,Deferred/Unknown,True,False,Creation/Unknown,0,10.0,Auto-Approved,,Yes
D,New,Exclusive,Deferred/Unknown,True,False,Creation/Unknown,1,10.003,Auto-Approved,,Yes
D,New,Exclusive,Deferred/Unknown,True,False,Creation/Unknown,1000,13.0,Auto-Approved,,Yes
D,New,Exclusive,Deferred/Unknown,True,False,Creation/Unknown,30000,100.0,Auto-Approved,,Yes
D,New,Exclusive,Deferred/Unknown,True,False,Creation/Unknown,35000,115.0,Auto-Approved,,Yes
D,New,Exclusive,Deferred/Unknown,True,False,Creation/Unknown,100000,310.0,Auto-Approved,,Yes
D,New,Exclusive,Deferred/Unknown,True,False,Creation/Unknown,115000,355.0,Auto-Approved,,Yes
D,New,Exclusive,Deferred/Unknown,True,False,Creation/Unknown,200000,610.0,Auto-Approved,,Yes
D,New,Exclusive,Deferred/Unknown,True,False,Creation/Unknown,1000000,3010.0,Auto-Approved,,Yes
D,New,Exclusive,Deferred/Unknown,True,True,Library Only,0,210.0,Auto-Approved,,Yes
D,New,Exclusive,Deferred/Unknown,True,True,Library Only,1,210.003,Auto-Approved,,Yes
D,New,Exclusive,Deferred/Unknown,True,True,Library Only,1000,213.0,Auto-Approved,,Yes
D,New,Exclusive,Deferred/Unknown,True,True,Library Only,30000,300.0,Auto-Approved,,Yes
D,New,Exclusive,Deferred/Unknown,True,True,Library Only,35000,315.0,Auto-Approved,,Yes
D,New,Exclusive,Deferred/Unknown,True,True,Library Only,100000,510.0,Auto-Approved,,Yes
D,New,Exclusive,Deferred/Unknown,True,True,Library Only,115000,555.0,Auto-Approved,,Yes
D,New,Exclusive,Deferred/Unknown,True,True,Library Only,200000,810.0,Auto-Approved,,Yes
D,New,Exclusive,Deferred/Unknown,True,True,Library Only,1000000,3210.0,Auto-Approved,,Yes
D,New,Exclusive,Deferred/Unknown,True,True,Starting Point,0,175.0,Auto-Approved,Jo (Non-library for a C/D customer),Yes
D,New,Exclusive,Deferred/Unknown,True,True,Starting Point,1,175.003,Auto-Approved,Jo (Non-library for a C/D customer),Yes
D,New,Exclusive,Deferred/Unknown,True,True,Starting Point,1000,178.0,Auto-Approved,Jo (Non-library for a C/D customer),Yes
D,New,Exclusive,Deferred/Unknown,True,True,Starting Point,30000,265.0,Auto-Approved,Jo (Non-library for a C/D customer),Yes
D,New,Exclusive,Deferred/Unknown,True,True,Starting Point,35000,280.0,Auto-Approved,Jo (Non-library for a C/D customer),Yes
D,New,Exclusive,Deferred/Unknown,True,True,Starting Point,100000,475.0,Auto-Approved,Jo (Non-library for a C/D customer),Yes
D,New,Exclusive,Deferred/Unknown,True,True,Starting Point,115000,520.0,Auto-Approved,Jo (Non-library for a C/D customer),Yes
D,New,Exclusive,Deferred/Unknown,True,True,Starting Point,200000,775.0,Auto-Approved,Jo (Non-library for a C/D customer),Yes
D,New,Exclusive,Deferred/Unknown,True,True,Starting Point,1000000,3175.0,Auto-Approved,Jo (Non-library for a C/D customer),Yes
D,New,Exclusive,Deferred/Unknown,True,True,Creation/Unknown,0,110.0,Auto-Approved,,Yes
D,New,Exclusive,Deferred/Unknown,True,True,Creation/Unknown,1,110.003,Auto-Approved,,Yes
D,New,Exclusive,Deferred/Unknown,True,True,Creation/Unknown,1000,113.0,Auto-Approved,,Yes
D,New,Exclusive,Deferred/Unknown,True,True,Creation/Unknown,30000,200.0,Auto-Approved,,Yes
D,New,Exclusive,Deferred/Unknown,True,True,Creation/Unknown,35000,215.0,Auto-Approved,,Yes
D,New,Exclusive,Deferred/Unknown,True,True,Creation/Unknown,100000,410.0,Auto-Approved,,Yes
D,New,Exclusive,Deferred/Unknown,True,True,Creation/Unknown,115000,455.0,Auto-Approved,,Yes
D,New,Exclusive,Deferred/Unknown,True,True,Creation/Unknown,200000,710.0,Auto-Approved,,Yes
D,New,Exclusive,Deferred/Unknown,True,True,Creation/Unknown,1000000,3110.0,Auto-Approved,,Yes
D,New,Competitive,Direct,False,False,Library Only,0,110.0,Pending Approval,,No
D,New,Competitive,Direct,False,False,Library Only,1,110.0025,Pending Approval,,No
D,New,Competitive,Direct,False,False,Library Only,1000,112.5,Pending Approval,,No
D,New,Competitive,Direct,False,False,Library Only,30000,185.0,Auto-Approved,,No
D,New,Competitive,Direct,False,False,Library Only,35000,197.5,Auto-Approved,,No
D,New,Competitive,Direct,False,False,Library Only,100000,360.0,Auto-Approved,,No
D,New,Competitive,Direct,False,False,Library Only,115000,397.5,Auto-Approved,,No
D,New,Competitive,Direct,False,False,Library Only,200000,610.0,Auto-Approved,,No
D,New,Competitive,Direct,False,False,Library Only,1000000,2610.0,Auto-Approved,,No
D,New,Competitive,Direct,False,False,Starting Point,0,75.0,Pending Approval,Jo (Non-library for a C/D customer),No
D,New,Competitive,Direct,False,False,Starting Point,1,75.0025,Pending Approval,Jo (Non-library for a C/D customer),No
D,New,Competitive,Direct,False,False,Starting Point,1000,77.5,Pending Approval,Jo (Non-library for a C/D customer),No
D,New,Competitive,Direct,False,False,Starting Point,30000,150.0,Pending Approval,Jo (Non-library for a C/D customer),No
D,New,Competitive,Direct,False,False,Starting Point,35000,162.5,Pending Approval,Jo (Non-library for a C/D customer),No
D,New,Competitive,Direct,False,False,Starting Point,100000,325.0,Pending Approval,Jo (Non-library for a C/D customer),No
D,New,Competitive,Direct,False,False,Starting Point,115000,362.5,Pending Approval,Jo (Non-library for a C/D customer),No
D,New,Competitive,Direct,False,False,Starting Point,200000,575.0,Pending Approval,Jo (Non-library for a C/D customer),No
D,New,Competitive,Direct,False,False,Starting Point,1000000,2575.0,Pending Approval,Jo (Non-library for a C/D customer),No
D,New,Competitive,Direct,False,False,Creation/Unknown,0,10.0,Declined,,No
D,New,Competitive,Direct,False,False,Creation/Unknown,1,10.002500000000001,Declined,,No
D,New,Competitive,Direct,False,False,Creation/Unknown,1000,12.5,Declined,,No
D,New,Competitive,Direct,False,False,Creation/Unknown,30000,85.0,Pending Approval,,No
D,New,Competitive,Direct,False,False,Creation/Unknown,35000,97.5,Pending Approval,,No
D,New,Competitive,Direct,False,False,Creation/Unknown,100000,260.0,Auto-Approved,,No
D,New,Competitive,Direct,False,False,Creation/Unknown,115000,297.5,Auto-Approved,,No
D,New,Competitive,Direct,False,False,Creation/Unknown,200000,510.0,Auto-Approved,,No
D,New,Competitive,Direct,False,False,Creation/Unknown,1000000,2510.0,Auto-Approved,,No
D,New,Competitive,Direct,False,True,Library Only,0,210.0,Auto-Approved,,No
D,New,Competitive,Direct,False,True,Library Only,1,210.0025,Auto-Approved,,No
D,New,Competitive,Direct,False,True,Library Only,1000,212.5,Auto-Approved,,No
D,New,Competitive,Direct,False,True,Library Only,30000,285.0,Auto-Approved,,No
D,New,Competitive,Direct,False,True,Library Only,35000,297.5,Auto-Approved,,No
D,New,Competitive,Direct,False,True,Library Only,100000,460.0,Auto-Approved,,No
D,New,Competitive,Direct,False,True,Library Only,115000,497.5,Auto-Approved,,No
D,New,Competitive,Direct,False,True,Library Only,200000,710.0,Auto-Approved,,No
D,New,Competitive,Direct,False,True,Library Only,1000000,2710.0,Auto-Approved,,No
D,New,Competitive,Direct,False,True,Starting Point,0,175.0,Pending Approval,Jo (Non-library for a C/D customer),No
D,New,Competitive,Direct,False,True,Starting Point,1,175.0025,Pending Approval,Jo (Non-library for a C/D customer),No
D,New,Competitive,Direct,False,True,Starting Point,1000,177.5,Pending Approval,Jo (Non-library for a C/D customer),No
D,New,Competitive,Direct,False,True,Starting Point,30000,250.0,Pending Approval,Jo (Non-library for a C/D customer),No
D,New,Competitive,Direct,False,True,Starting Point,35000,262.5,Pending Approval,Jo (Non-library for a C/D customer),No
D,New,Competitive,Direct,False,True,Starting Point,100000,425.0,Pending Approval,Jo (Non-library for a C/D customer),No
D,New,Competitive,Direct,False,True,Starting Point,115000,462.5,Pending Approval,Jo (Non-library for a C/D customer),No
D,New,Competitive,Direct,False,True,Starting Point,200000,675.0,Pending Approval,Jo (Non-library for a C/D customer),No
D,New,Competitive,Direct,False,True,Starting Point,1000000,2675.0,Pending Approval,Jo (Non-library for a C/D customer),No
D,New,Competitive,Direct,False,True,Creation/Unknown,0,110.0,Pending Approval,,No
D,New,Competitive,Direct,False,True,Creation/Unknown,1,110.0025,Pending Approval,,No
D,New,Competitive,Direct,False,True,Creation/Unknown,1000,112.5,Pending Approval,,No
D,New,Competitive,Direct,False,True,Creation/Unknown,30000,185.0,Auto-Approved,,No
D,New,Competitive,Direct,False,True,Creation/Unknown,35000,197.5,Auto-Approved,,No
D,New,Competitive,Direct,False,True,Creation/Unknown,100000,360.0,Auto-Approved,,No
D,New,Competitive,Direct,False,True,Creation/Unknown,115000,397.5,Auto-Approved,,No
D,New,Competitive,Direct,False,True,Creation/Unknown,200000,610.0,Auto-Approved,,No
D,New,Competitive,Direct,False,True,Creation/Unknown,1000000,2610.0,Auto-Approved,,No
D,New,Competitive,Direct,True,False,Library Only,0,110.0,Auto-Approved,,Yes
D,New,Competitive,Direct,True,False,Library Only,1,110.0025,Auto-Approved,,Yes
D,New,Competitive,Direct,True,False,Library Only,1000,112.5,Auto-Approved,,Yes
D,New,Competitive,Direct,True,False,Library Only,30000,185.0,Auto-Approved,,Yes
D,New,Competitive,Direct,True,False,Library Only,35000,197.5,Auto-Approved,,Yes
D,New,Competitive,Direct,True,False,Library Only,100000,360.0,Auto-Approved,,Yes
D,New,Competitive,Direct,True,False,Library Only,115000,397.5,Auto-Approved,,Yes
D,New,Competitive,Direct,True,False,Library Only,200000,610.0,Auto-Approved,,Yes
D,New,Competitive,Direct,True,False,Library Only,1000000,2610.0,Auto-Approved,,Yes
D,New,Competitive,Direct,True,False,Starting Point,0,75.0,Auto-Approved,Jo (Non-library for a C/D customer),Yes
D,New,Competitive,Direct,True,False,Starting Point,1,75.0025,Auto-Approved,Jo (Non-library for a C/D customer),Yes
D,New,Competitive,Direct,True,False,Starting Point,1000,77.5,Auto-Approved,Jo (Non-library for a C/D customer),Yes
D,New,Competitive,Direct,True,False,Starting Point,30000,150.0,Auto-Approved,Jo (Non-library for a C/D customer),Yes
D,New,Competitive,Direct,True,False,Starting Point,35000,162.5,Auto-Approved,Jo (Non-library for a C/D customer),Yes
D,New,Competitive,Direct,True,False,Starting Point,100000,325.0,Auto-Approved,Jo (Non-library for a C/D customer),Yes
D,New,Competitive,Direct,True,False,Starting Point,115000,362.5,Auto-Approved,Jo (Non-library for a C/D customer),Yes
D,New,Competitive,Direct,True,False,Starting Point,200000,575.0,Auto-Approved,Jo (Non-library for a C/D customer),Yes
D,New,Competitive,Direct,True,False,Starting Point,1000000,2575.0,Auto-Approved,Jo (Non-library for a C/D customer),Yes
D,New,Competitive,Direct,True,False,Creation/Unknown,0,10.0,Auto-Approved,,Yes
D,New,Competitive,Direct,True,False,Creation/Unknown,1,10.002500000000001,Auto-Approved,,Yes
D,New,Competitive,Direct,True,False,Creation/Unknown,1000,12.5,Auto-Approved,,Yes
D,New,Competitive,Direct,True,False,Creation/Unknown,30000,85.0,Auto-Approved,,Yes
D,New,Competitive,Direct,True,False,Creation/Unknown,35000,97.5,Auto-Approved,,Yes
D,New,Competitive,Direct,True,False,Creation/Unknown,100000,260.0,Auto-Approved,,Yes
D,New,Competitive,Direct,True,False,Creation/Unknown,115000,297.5,Auto-Approved,,Yes
D,New,Competitive,Direct,True,False,Creation/Unknown,200000,510.0,Auto-Approved,,Yes
D,New,Competitive,Direct,True,False,Creation/Unknown,1000000,2510.0,Auto-Approved,,Yes
D,New,Competitive,Direct,True,True,Library Only,0,210.0,Auto-Approved,,Yes
D,New,Competitive,Direct,True,True,Library Only,1,210.0025,Auto-Approved,,Yes
D,New,Competitive,Direct,True,True,Library Only,1000,212.5,Auto-Approved,,Yes
D,New,Competitive,Direct,True,True,Library Only,30000,285.0,Auto-Approved,,Yes
D,New,Competitive,Direct,True,True,Library Only,35000,297.5,Auto-Approved,,Yes
D,New,Competitive,Direct,True,True,Library Only,100000,460.0,Auto-Approved,,Yes
D,New,Competitive,Direct,True,True,Library Only,115000,497.5,Auto-Approved,,Yes
D,New,Competitive,Direct,True,True,Library Only,200000,710.0,Auto-Approved,,Yes
D,New,Competitive,Direct,True,True,Library Only,1000000,2710.0,Auto-Approved,,Yes
D,New,Competitive,Direct,True,True,Starting Point,0,175.0,Auto-Approved,Jo (Non-library for a C/D customer),Yes
D,New,Competitive,Direct,True,True,Starting Point,1,175.0025,Auto-Approved,Jo (Non-library for a C/D customer),Yes
D,New,Competitive,Direct,True,True,Starting Point,1000,177.5,Auto-Approved,Jo (Non-library for a C/D customer),Yes
D,New,Competitive,Direct,True,True,Starting Point,30000,250.0,Auto-Approved,Jo (Non-library for a C/D customer),Yes
D,New,Competitive,Direct,True,True,Starting Point,35000,262.5,Auto-Approved,Jo (Non-library for a C/D customer),Yes
D,New,Competitive,Direct,True,True,Starting Point,100000,425.0,Auto-Approved,Jo (Non-library for a C/D customer),Yes
D,New,Competitive,Direct,True,True,Starting Point,115000,462.5,Auto-Approved,Jo (Non-library for a C/D customer),Yes
D,New,Competitive,Direct,True,True,Starting Point,200000,675.0,Auto-Approved,Jo (Non-library for a C/D customer),Yes
D,New,Competitive,Direct,True,True,Starting Point,1000000,2675.0,Auto-Approved,Jo (Non-library for a C/D customer),Yes
D,New,Competitive,Direct,True,True,Creation/Unknown,0,110.0,Auto-Approved,,Yes
D,New,Competitive,Direct,True,True,Creation/Unknown,1,110.0025,Auto-Approved,,Yes
D,New,Competitive,Direct,True,True,Creation/Unknown,1000,112.5,Auto-Approved,,Yes
D,New,Competitive,Direct,True,True,Creation/Unknown,30000,185.0,Auto-Approved,,Yes
D,New,Competitive,Direct,True,True,Creation/Unknown,35000,197.5,Auto-Approved,,Yes
D,New,Competitive,Direct,True,True,Creation/Unknown,100000,360.0,Auto-Approved,,Yes
D,New,Competitive,Direct,True,True,Creation/Unknown,115000,397.5,Auto-Approved,,Yes
D,New,Competitive,Direct,True,True,Creation/Unknown,200000,610.0,Auto-Approved,,Yes
D,New,Competitive,Direct,True,True,Creation/Unknown,1000000,2610.0,Auto-Approved,,Yes
D,New,Competitive,Deferred/Unknown,False,False,Library Only,0,110.0,Pending Approval,,No
D,New,Competitive,Deferred/Unknown,False,False,Library Only,1,110.002,Pending Approval,,No
D,New,Competitive,Deferred/Unknown,False,False,Library Only,1000,112.0,Pending Approval,,No
D,New,Competitive,Deferred/Unknown,False,False,Library Only,30000,170.0,Auto-Approved,,No
D,New,Competitive,Deferred/Unknown,False,False,Library Only,35000,180.0,Auto-Approved,,No
D,New,Competitive,Deferred/Unknown,False,False,Library Only,100000,310.0,Auto-Approved,,No
D,New,Competitive,Deferred/Unknown,False,False,Library Only,115000,340.0,Auto-Approved,,No
D,New,Competitive,Deferred/Unknown,False,False,Library Only,200000,510.0,Auto-Approved,,No
D,New,Competitive,Deferred/Unknown,False,False,Library Only,1000000,2110.0,Auto-Approved,,No
D,New,Competitive,Deferred/Unknown,False,False,Starting Point,0,75.0,Pending Approval,Jo (Non-library for a C/D customer),No
D,New,Competitive,Deferred/Unknown,False,False,Starting Point,1,75.002,Pending Approval,Jo (Non-library for a C/D customer),No
D,New,Competitive,Deferred/Unknown,False,False,Starting Point,1000,77.0,Pending Approval,Jo (Non-library for a C/D customer),No
D,New,Competitive,Deferred/Unknown,False,False,Starting Point,30000,135.0,Pending Approval,Jo (Non-library for a C/D customer),No
D,New,Competitive,Deferred/Unknown,False,False,Starting Point,35000,145.0,Pending Approval,Jo (Non-library for a C/D customer),No
D,New,Competitive,Deferred/Unknown,False,False,Starting Point,100000,275.0,Pending Approval,Jo (Non-library for a C/D customer),No
D,New,Competitive,Deferred/Unknown,False,False,Starting Point,115000,305.0,Pending Approval,Jo (Non-library for a C/D customer),No
D,New,Competitive,Deferred/Unknown,False,False,Starting Point,200000,475.0,Pending Approval,Jo (Non-library for a C/D customer),No
D,New,Competitive,Deferred/Unknown,False,False,Starting Point,1000000,2075.0,Pending Approval,Jo (Non-library for a C/D customer),No
D,New,Competitive,Deferred/Unknown,False,False,Creation/Unknown,0,10.0,Declined,,No
D,New,Competitive,Deferred/Unknown,False,False,Creation/Unknown,1,10.001999999999999,Declined,,No
D,New,Competitive,Deferred/Unknown,False,False,Creation/Unknown,1000,12.0,Declined,,No
D,New,Competitive,Deferred/Unknown,False,False,Creation/Unknown,30000,70.0,Pending Approval,,No
D,New,Competitive,Deferred/Unknown,False,False,Creation/Unknown,35000,80.0,Pending Approval,,No
D,New,Competitive,Deferred/Unknown,False,False,Creation/Unknown,100000,210.0,Auto-Approved,,No
D,New,Competitive,Deferred/Unknown,False,False,Creation/Unknown,115000,240.0,Auto-Approved,,No
D,New,Competitive,Deferred/Unknown,False,False,Creation/Unknown,200000,410.0,Auto-Approved,,No
D,New,Competitive,Deferred/Unknown,False,False,Creation/Unknown,1000000,2010.0,Auto-Approved,,No
D,New,Competitive,Deferred/Unknown,False,True,Library Only,0,210.0,Auto-Approved,,No
D,New,Competitive,Deferred/Unknown,False,True,Library Only,1,210.002,Auto-Approved,,No
D,New,Competitive,Deferred/Unknown,False,True,Library Only,1000,212.0,Auto-Approved,,No
D,New,Competitive,Deferred/Unknown,False,True,Library Only,30000,270.0,Auto-Approved,,No
D,New,Competitive,Deferred/Unknown,False,True,Library Only,35000,280.0,Auto-Approved,,No
D,New,Competitive,Deferred/Unknown,False,True,Library Only,100000,410.0,Auto-Approved,,No
D,New,Competitive,Deferred/Unknown,False,True,Library Only,115000,440.0,Auto-Approved,,No
D,New,Competitive,Deferred/Unknown,False,True,Library Only,200000,610.0,Auto-Approved,,No
D,New,Competitive,Deferred/Unknown,False,True,Library Only,1000000,2210.0,Auto-Approved,,No
D,New,Competitive,Deferred/Unknown,False,True,Starting Point,0,175.0,Pending Approval,Jo (Non-library for a C/D customer),No
D,New,Competitive,Deferred/Unknown,False,True,Starting Point,1,175.002,Pending Approval,Jo (Non-library for a C/D customer),No
D,New,Competitive,Deferred/Unknown,False,True,Starting Point,1000,177.0,Pending Approval,Jo (Non-library for a C/D customer),No
D,New,Competitive,Deferred/Unknown,False,True,Starting Point,30000,235.0,Pending Approval,Jo (Non-library for a C/D customer),No
D,New,Competitive,Deferred/Unknown,False,True,Starting Point,35000,245.0,Pending Approval,Jo (Non-library for a C/D customer),No
D,New,Competitive,Deferred/Unknown,False,True,Starting Point,100000,375.0,Pending Approval,Jo (Non-library for a C/D customer),No
D,New,Competitive,Deferred/Unknown,False,True,Starting Point,115000,405.0,Pending Approval,Jo (Non-library for a C/D customer),No
D,New,Competitive,Deferred/Unknown,False,True,Starting Point,200000,575.0,Pending Approval,Jo (Non-library for a C/D customer),No
D,New,Competitive,Deferred/Unknown,False,True,Starting Point,1000000,2175.0,Pending Approval,Jo (Non-library for a C/D customer),No
D,New,Competitive,Deferred/Unknown,False,True,Creation/Unknown,0,110.0,Pending Approval,,No
D,New,Competitive,Deferred/Unknown,False,True,Creation/Unknown,1,110.002,Pending Approval,,No
D,New,Competitive,Deferred/Unknown,False,True,Creation/Unknown,1000,112.0,Pending Approval,,No
D,New,Competitive,Deferred/Unknown,False,True,Creation/Unknown,30000,170.0,Auto-Approved,,No
D,New,Competitive,Deferred/Unknown,False,True,Creation/Unknown,35000,180.0,Auto-Approved,,No
D,New,Competitive,Deferred/Unknown,False,True,Creation/Unknown,100000,310.0,Auto-Approved,,No
D,New,Competitive,Deferred/Unknown,False,True,Creation/Unknown,115000,340.0,Auto-Approved,,No
D,New,Competitive,Deferred/Unknown,False,True,Creation/Unknown,200000,510.0,Auto-Approved,,No
D,New,Competitive,Deferred/Unknown,False,True,Creation/Unknown,1000000,2110.0,Auto-Approved,,No
D,New,Competitive,Deferred/Unknown,True,False,Library Only,0,110.0,Auto-Approved,,Yes
D,New,Competitive,Deferred/Unknown,True,False,Library Only,1,110.002,Auto-Approved,,Yes
D,New,Competitive,Deferred/Unknown,True,False,Library Only,1000,112.0,Auto-Approved,,Yes
D,New,Competitive,Deferred/Unknown,True,False,Library Only,30000,170.0,Auto-Approved,,Yes
D,New,Competitive,Deferred/Unknown,True,False,Library Only,35000,180.0,Auto-Approved,,Yes
D,New,Competitive,Deferred/Unknown,True,False,Library Only,100000,310.0,Auto-Approved,,Yes
D,New,Competitive,Deferred/Unknown,True,False,Library Only,115000,340.0,Auto-Approved,,Yes
D,New,Competitive,Deferred/Unknown,True,False,Library Only,200000,510.0,Auto-Approved,,Yes
D,New,Competitive,Deferred/Unknown,True,False,Library Only,1000000,2110.0,Auto-Approved,,Yes
D,New,Competitive,Deferred/Unknown,True,False,Starting Point,0,75.0,Auto-Approved,Jo (Non-library for a C/D customer),Yes
D,New,Competitive,Deferred/Unknown,True,False,Starting Point,1,75.002,Auto-Approved,Jo (Non-library for a C/D customer),Yes
D,New,Competitive,Deferred/Unknown,True,False,Starting Point,1000,77.0,Auto-Approved,Jo (Non-library for a C/D customer),Yes
D,New,Competitive,Deferred/Unknown,True,False,Starting Point,30000,135.0,Auto-Approved,Jo (Non-library for a C/D customer),Yes
D,New,Competitive,Deferred/Unknown,True,False,Starting Point,35000,145.0,Auto-Approved,Jo (Non-library for a C/D customer),Yes
D,New,Competitive,Deferred/Unknown,True,False,Starting Point,100000,275.0,Auto-Approved,Jo (Non-library for a C/D customer),Yes
D,New,Competitive,Deferred/Unknown,True,False,Starting Point,115000,305.0,Auto-Approved,Jo (Non-library for a C/D customer),Yes
D,New,Competitive,Deferred/Unknown,True,False,Starting Point,200000,475.0,Auto-Approved,Jo (Non-library for a C/D customer),Yes
D,New,Competitive,Deferred/Unknown,True,False,Starting Point,1000000,2075.0,Auto-Approved,Jo (Non-library for a C/D customer),Yes
D,New,Competitive,Deferred/Unknown,True,False,Creation/Unknown,0,10.0,Auto-Approved,,Yes
D,New,Competitive,Deferred/Unknown,True,False,Creation/Unknown,1,10.001999999999999,Auto-Approved,,Yes
D,New,Competitive,Deferred/Unknown,True,False,Creation/Unknown,1000,12.0,Auto-Approved,,Yes
D,New,Competitive,Deferred/Unknown,True,False,Creation/Unknown,30000,70.0,Auto-Approved,,Yes
D,New,Competitive,Deferred/Unknown,True,False,Creation/Unknown,35000,80.0,Auto-Approved,,Yes
D,New,Competitive,Deferred/Unknown,True,False,Creation/Unknown,100000,210.0,Auto-Approved,,Yes
D,New,Competitive,Deferred/Unknown,True,False,Creation/Unknown,115000,240.0,Auto-Approved,,Yes
D,New,Competitive,Deferred/Unknown,True,False,Creation/Unknown,200000,410.0,Auto-Approved,,Yes
D,New,Competitive,Deferred/Unknown,True,False,Creation/Unknown,1000000,2010.0,Auto-Approved,,Yes
D,New,Competitive,Deferred/Unknown,True,True,Library Only,0,210.0,Auto-Approved,,Yes
D,New,Competitive,Deferred/Unknown,True,True,Library Only,1,210.002,Auto-Approved,,Yes
D,New,Competitive,Deferred/Unknown,True,True,Library Only,1000,212.0,Auto-Approved,,Yes
D,New,Competitive,Deferred/Unknown,True,True,Library Only,30000,270.0,Auto-Approved,,Yes
D,New,Competitive,Deferred/Unknown,True,True,Library Only,35000,280.0,Auto-Approved,,Yes
D,New,Competitive,Deferred/Unknown,True,True,Library Only,100000,410.0,Auto-Approved,,Yes
D,New,Competitive,Deferred/Unknown,True,True,Library Only,115000,440.0,Auto-Approved,,Yes
D,New,Competitive,Deferred/Unknown,True,True,Library Only,200000,610.0,Auto-Approved,,Yes
D,New,Competitive,Deferred/Unknown,True,True,Library Only,1000000,2210.0,Auto-Approved,,Yes
D,New,Competitive,Deferred/Unknown,True,True,Starting Point,0,175.0,Auto-Approved,Jo (Non-library for a C/D customer),Yes
D,New,Competitive,Deferred/Unknown,True,True,Starting Point,1,175.002,Auto-Approved,Jo (Non-library for a C/D customer),Yes
D,New,Competitive,Deferred/Unknown,True,True,Starting Point,1000,177.0,Auto-Approved,Jo (Non-library for a C/D customer),Yes
D,New,Competitive,Deferred/Unknown,True,True,Starting Point,30000,235.0,Auto-Approved,Jo (Non-library for a C/D customer),Yes
D,New,Competitive,Deferred/Unknown,True,True,Starting Point,35000,245.0,Auto-Approved,Jo (Non-library for a C/D customer),Yes
D,New,Competitive,Deferred/Unknown,True,True,Starting Point,100000,375.0,Auto-Approved,Jo (Non-library for a C/D customer),Yes
D,New,Competitive,Deferred/Unknown,True,True,Starting Point,115000,405.0,Auto-Approved,Jo (Non-library for a C/D customer),Yes
D,New,Competitive,Deferred/Unknown,True,True,Starting Point,200000,575.0,Auto-Approved,Jo (Non-library for a C/D customer),Yes
D,New,Competitive,Deferred/Unknown,True,True,Starting Point,1000000,2175.0,Auto-Approved,Jo (Non-library for a C/D customer),Yes
D,New,Competitive,Deferred/Unknown,True,True,Creation/Unknown,0,110.0,Auto-Approved,,Yes
D,New,Competitive,Deferred/Unknown,True,True,Creation/Unknown,1,110.002,Auto-Approved,,Yes
D,New,Competitive,Deferred/Unknown,True,True,Creation/Unknown,1000,112.0,Auto-Approved,,Yes
D,New,Competitive,Deferred/Unknown,True,True,Creation/Unknown,30000,170.0,Auto-Approved,,Yes
D,New,Competitive,Deferred/Unknown,True,True,Creation/Unknown,35000,180.0,Auto-Approved,,Yes
D,New,Competitive,Deferred/Unknown,True,True,Creation/Unknown,100000,310.0,Auto-Approved,,Yes
D,New,Competitive,Deferred/Unknown,True,True,Creation/Unknown,115000,340.0,Auto-Approved,,Yes
D,New,Competitive,Deferred/Unknown,True,True,Creation/Unknown,200000,510.0,Auto-Approved,,Yes
D,New,Competitive,Deferred/Unknown,True,True,Creation/Unknown,1000000,2110.0,Auto-Approved,,Yes
D,New,ProActive,Direct,False,False,Library Only,0,110.0,Pending Approval,,No
D,New,ProActive,Direct,False,False,Library Only,1,110.002,Pending Approval,,No
D,New,ProActive,Direct,False,False,Library Only,1000,112.0,Pending Approval,,No
D,New,ProActive,Direct,False,False,Library Only,30000,170.0,Auto-Approved,,No
D,New,ProActive,Direct,False,False,Library Only,35000,180.0,Auto-Approved,,No
D,New,ProActive,Direct,False,False,Library Only,100000,310.0,Auto-Approved,,No
D,New,ProActive,Direct,False,False,Library Only,115000,340.0,Auto-Approved,,No
D,New,ProActive,Direct,False,False,Library Only,200000,510.0,Auto-Approved,,No
D,New,ProActive,Direct,False,False,Library Only,1000000,2110.0,Auto-Approved,,No
D,New,ProActive,Direct,False,False,Starting Point,0,75.0,Pending Approval,Jo (Non-library for a C/D customer),No
D,New,ProActive,Direct,False,False,Starting Point,1,75.002,Pending Approval,Jo (Non-library for a C/D customer),No
D,New,ProActive,Direct,False,False,Starting Point,1000,77.0,Pending Approval,Jo (Non-library for a C/D customer),No
D,New,ProActive,Direct,False,False,Starting Point,30000,135.0,Pending Approval,Jo (Non-library for a C/D customer),No
D,New,ProActive,Direct,False,False,Starting Point,35000,145.0,Pending Approval,Jo (Non-library for a C/D customer),No
D,New,ProActive,Direct,False,False,Starting Point,100000,275.0,Pending Approval,Jo (Non-library for a C/D customer),No
D,New,ProActive,Direct,False,False,Starting Point,115000,305.0,Pending Approval,Jo (Non-library for a C/D customer),No
D,New,ProActive,Direct,False,False,Starting Point,200000,475.0,Pending Approval,Jo (Non-library for a C/D customer),No
D,New,ProActive,Direct,False,False,Starting Point,1000000,2075.0,Pending Approval,Jo (Non-library for a C/D customer),No
D,New,ProActive,Direct,False,False,Creation/Unknown,0,10.0,Declined,,No
D,New,ProActive,Direct,False,False,Creation/Unknown,1,10.002,Declined,,No
D,New,ProActive,Direct,False,False,Creation/Unknown,1000,12.0,Declined,,No
D,New,ProActive,Direct,False,False,Creation/Unknown,30000,70.0,Pending Approval,,No
D,New,ProActive,Direct,False,False,Creation/Unknown,35000,80.0,Pending Approval,,No
D,New,ProActive,Direct,False,False,Creation/Unknown,100000,210.0,Auto-Approved,,No
D,New,ProActive,Direct,False,False,Creation/Unknown,115000,240.0,Auto-Approved,,No
D,New,ProActive,Direct,False,False,Creation/Unknown,200000,410.0,Auto-Approved,,No
D,New,ProActive,Direct,False,False,Creation/Unknown,1000000,2010.0,Auto-Approved,,No
D,New,ProActive,Direct,False,True,Library Only,0,210.0,Auto-Approved,,No
D,New,ProActive,Direct,False,True,Library Only,1,210.002,Auto-Approved,,No
D,New,ProActive,Direct,False,True,Library Only,1000,212.0,Auto-Approved,,No
D,New,ProActive,Direct,False,True,Library Only,30000,270.0,Auto-Approved,,No
D,New,ProActive,Direct,False,True,Library Only,35000,280.0,Auto-Approved,,No
D,New,ProActive,Direct,False,True,Library Only,100000,410.0,Auto-Approved,,No
D,New,ProActive,Direct,False,True,Library Only,115000,440.0,Auto-Approved,,No
D,New,ProActive,Direct,False,True,Library Only,200000,610.0,Auto-Approved,,No
D,New,ProActive,Direct,False,True,Library Only,1000000,2210.0,Auto-Approved,,No
D,New,ProActive,Direct,False,True,Starting Point,0,175.0,Pending Approval,Jo (Non-library for a C/D customer),No
D,New,ProActive,Direct,False,True,Starting Point,1,175.002,Pending Approval,Jo (Non-library for a C/D customer),No
D,New,ProActive,Direct,False,True,Starting Point,1000,177.0,Pending Approval,Jo (Non-library for a C/D customer),No
D,New,ProActive,Direct,False,True,Starting Point,30000,235.0,Pending Approval,Jo (Non-library for a C/D customer),No
D,New,ProActive,Direct,False,True,Starting Point,35000,245.0,Pending Approval,Jo (Non-library for a C/D customer),No
D,New,ProActive,Direct,False,True,Starting Point,100000,375.0,Pending Approval,Jo (Non-library for a C/D customer),No
D,New,ProActive,Direct,False,True,Starting Point,115000,405.0,Pending Approval,Jo (Non-library for a C/D customer),No
D,New,ProActive,Direct,False,True,Starting Point,200000,575.0,Pending Approval,Jo (Non-library for a C/D customer),No
D,New,ProActive,Direct,False,True,Starting Point,1000000,2175.0,Pending Approval,Jo (Non-library for a C/D customer),No
D,New,ProActive,Direct,False,True,Creation/Unknown,0,110.0,Pending Approval,,No
D,New,ProActive,Direct,False,True,Creation/Unknown,1,110.002,Pending Approval,,No
D,New,ProActive,Direct,False,True,Creation/Unknown,1000,112.0,Pending Approval,,No
D,New,ProActive,Direct,False,True,Creation/Unknown,30000,170.0,Auto-Approved,,No
D,New,ProActive,Direct,False,True,Creation/Unknown,35000,180.0,Auto-Approved,,No
D,New,ProActive,Direct,False,True,Creation/Unknown,100000,310.0,Auto-Approved,,No
D,New,ProActive,Direct,False,True,Creation/Unknown,115000,340.0,Auto-Approved,,No
D,New,ProActive,Direct,False,True,Creation/Unknown,200000,510.0,Auto-Approved,,No
D,New,ProActive,Direct,False,True,Creation/Unknown,1000000,2110.0,Auto-Approved,,No
D,New,ProActive,Direct,True,False,Library Only,0,110.0,Auto-Approved,,Yes
D,New,ProActive,Direct,True,False,Library Only,1,110.002,Auto-Approved,,Yes
D,New,ProActive,Direct,True,False,Library Only,1000,112.0,Auto-Approved,,Yes
D,New,ProActive,Direct,True,False,Library Only,30000,170.0,Auto-Approved,,Yes
D,New,ProActive,Direct,True,False,Library Only,35000,180.0,Auto-Approved,,Yes
D,New,ProActive,Direct,True,False,Library Only,100000,310.0,Auto-Approved,,Yes
D,New,ProActive,Direct,True,False,Library Only,115000,340.0,Auto-Approved,,Yes
D,New,ProActive,Direct,True,False,Library Only,200000,510.0,Auto-Approved,,Yes
D,New,ProActive,Direct,True,False,Library Only,1000000,2110.0,Auto-Approved,,Yes
D,New,ProActive,Direct,True,False,Starting Point,0,75.0,Auto-Approved,Jo (Non-library for a C/D customer),Yes
D,New,ProActive,Direct,True,False,Starting Point,1,75.002,Auto-Approved,Jo (Non-library for a C/D customer),Yes
D,New,ProActive,Direct,True,False,Starting Point,1000,77.0,Auto-Approved,Jo (Non-library for a C/D customer),Yes
D,New,ProActive,Direct,True,False,Starting Point,30000,135.0,Auto-Approved,Jo (Non-library for a C/D customer),Yes
D,New,ProActive,Direct,True,False,Starting Point,35000,145.0,Auto-Approved,Jo (Non-library for a C/D customer),Yes
D,New,ProActive,Direct,True,False,Starting Point,100000,275.0,Auto-Approved,Jo (Non-library for a C/D customer),Yes
D,New,ProActive,Direct,True,False,Starting Point,115000,305.0,Auto-Approved,Jo (Non-library for a C/D customer),Yes
D,New,ProActive,Direct,True,False,Starting Point,200000,475.0,Auto-Approved,Jo (Non-library for a C/D customer),Yes
D,New,ProActive,Direct,True,False,Starting Point,1000000,2075.0,Auto-Approved,Jo (Non-library for a C/D customer),Yes
D,New,ProActive,Direct,True,False,Creation/Unknown,0,10.0,Auto-Approved,,Yes
D,New,ProActive,Direct,True,False,Creation/Unknown,1,10.002,Auto-Approved,,Yes
D,New,ProActive,Direct,True,False,Creation/Unknown,1000,12.0,Auto-Approved,,Yes
D,New,ProActive,Direct,True,False,Creation/Unknown,30000,70.0,Auto-Approved,,Yes
D,New,ProActive,Direct,True,False,Creation/Unknown,35000,80.0,Auto-Approved,,Yes
D,New,ProActive,Direct,True,False,Creation/Unknown,100000,210.0,Auto-Approved,,Yes
D,New,ProActive,Direct,True,False,Creation/Unknown,115000,240.0,Auto-Approved,,Yes
D,New,ProActive,Direct,True,False,Creation/Unknown,200000,410.0,Auto-Approved,,Yes
D,New,ProActive,Direct,True,False,Creation/Unknown,1000000,2010.0,Auto-Approved,,Yes
D,New,ProActive,Direct,True,True,Library Only,0,210.0,Auto-Approved,,Yes
D,New,ProActive,Direct,True,True,Library Only,1,210.002,Auto-Approved,,Yes
D,New,ProActive,Direct,True,True,Library Only,1000,212.0,Auto-Approved,,Yes
D,New,ProActive,Direct,True,True,Library Only,30000,270.0,Auto-Approved,,Yes
D,New,ProActive,Direct,True,True,Library Only,35000,280.0,Auto-Approved,,Yes
D,New,ProActive,Direct,True,True,Library Only,100000,410.0,Auto-Approved,,Yes
D,New,ProActive,Direct,True,True,Library Only,115000,440.0,Auto-Approved,,Yes
D,New,ProActive,Direct,True,True,Library Only,200000,610.0,Auto-Approved,,Yes
D,New,ProActive,Direct,True,True,Library Only,1000000,2210.0,Auto-Approved,,Yes
D,New,ProActive,Direct,True,True,Starting Point,0,175.0,Auto-Approved,Jo (Non-library for a C/D customer),Yes
D,New,ProActive,Direct,True,True,Starting Point,1,175.002,Auto-Approved,Jo (Non-library for a C/D customer),Yes
D,New,ProActive,Direct,True,True,Starting Point,1000,177.0,Auto-Approved,Jo (Non-library for a C/D customer),Yes
D,New,ProActive,Direct,True,True,Starting Point,30000,235.0,Auto-Approved,Jo (Non-library for a C/D customer),Yes
D,New,ProActive,Direct,True,True,Starting Point,35000,245.0,Auto-Approved,Jo (Non-library for a C/D customer),Yes
D,New,ProActive,Direct,True,True,Starting Point,100000,375.0,Auto-Approved,Jo (Non-library for a C/D customer),Yes
D,New,ProActive,Direct,True,True,Starting Point,115000,405.0,Auto-Approved,Jo (Non-library for a C/D customer),Yes
D,New,ProActive,Direct,True,True,Starting Point,200000,575.0,Auto-Approved,Jo (Non-library for a C/D customer),Yes
D,New,ProActive,Direct,True,True,Starting Point,1000000,2175.0,Auto-Approved,Jo (Non-library for a C/D customer),Yes
D,New,ProActive,Direct,True,True,Creation/Unknown,0,110.0,Auto-Approved,,Yes
D,New,ProActive,Direct,True,True,Creation/Unknown,1,110.002,Auto-Approved,,Yes
D,New,ProActive,Direct,True,True,Creation/Unknown,1000,112.0,Auto-Approved,,Yes
D,New,ProActive,Direct,True,True,Creation/Unknown,30000,170.0,Auto-Approved,,Yes
D,New,ProActive,Direct,True,True,Creation/Unknown,35000,180.0,Auto-Approved,,Yes
D,New,ProActive,Direct,True,True,Creation/Unknown,100000,310.0,Auto-Approved,,Yes
D,New,ProActive,Direct,True,True,Creation/Unknown,115000,340.0,Auto-Approved,,Yes
D,New,ProActive,Direct,True,True,Creation/Unknown,200000,510.0,Auto-Approved,,Yes
D,New,ProActive,Direct,True,True,Creation/Unknown,1000000,2110.0,Auto-Approved,,Yes
D,New,ProActive,Deferred/Unknown,False,False,Library Only,0,110.0,Pending Approval,,No
D,New,ProActive,Deferred/Unknown,False,False,Library Only,1,110.0015,Pending Approval,,No
D,New,ProActive,Deferred/Unknown,False,False,Library Only,1000,111.5,Pending Approval,,No
D,New,ProActive,Deferred/Unknown,False,False,Library Only,30000,155.0,Auto-Approved,,No
D,New,ProActive,Deferred/Unknown,False,False,Library Only,35000,162.5,Auto-Approved,,No
D,New,ProActive,Deferred/Unknown,False,False,Library Only,100000,260.0,Auto-Approved,,No
D,New,ProActive,Deferred/Unknown,False,False,Library Only,115000,282.5,Auto-Approved,,No
D,New,ProActive,Deferred/Unknown,False,False,Library Only,200000,410.0,Auto-Approved,,No
D,New,ProActive,Deferred/Unknown,False,False,Library Only,1000000,1610.0,Auto-Approved,,No
D,New,ProActive,Deferred/Unknown,False,False,Starting Point,0,75.0,Pending Approval,Jo (Non-library for a C/D customer),No
D,New,ProActive,Deferred/Unknown,False,False,Starting Point,1,75.0015,Pending Approval,Jo (Non-library for a C/D customer),No
D,New,ProActive,Deferred/Unknown,False,False,Starting Point,1000,76.5,Pending Approval,Jo (Non-library for a C/D customer),No
D,New,ProActive,Deferred/Unknown,False,False,Starting Point,30000,120.0,Pending Approval,Jo (Non-library for a C/D customer),No
D,New,ProActive,Deferred/Unknown,False,False,Starting Point,35000,127.5,Pending Approval,Jo (Non-library for a C/D customer),No
D,New,ProActive,Deferred/Unknown,False,False,Starting Point,100000,225.0,Pending Approval,Jo (Non-library for a C/D customer),No
D,New,ProActive,Deferred/Unknown,False,False,Starting Point,115000,247.5,Pending Approval,Jo (Non-library for a C/D customer),No
D,New,ProActive,Deferred/Unknown,False,False,Starting Point,200000,375.0,Pending Approval,Jo (Non-library for a C/D customer),No
D,New,ProActive,Deferred/Unknown,False,False,Starting Point,1000000,1575.0,Pending Approval,Jo (Non-library for a C/D customer),No
D,New,ProActive,Deferred/Unknown,False,False,Creation/Unknown,0,10.0,Declined,,No
D,New,ProActive,Deferred/Unknown,False,False,Creation/Unknown,1,10.0015,Declined,,No
D,New,ProActive,Deferred/Unknown,False,False,Creation/Unknown,1000,11.5,Declined,,No
D,New,ProActive,Deferred/Unknown,False,False,Creation/Unknown,30000,55.0,Pending Approval,,No
D,New,ProActive,Deferred/Unknown,False,False,Creation/Unknown,35000,62.5,Pending Approval,,No
D,New,ProActive,Deferred/Unknown,False,False,Creation/Unknown,100000,160.0,Auto-Approved,,No
D,New,ProActive,Deferred/Unknown,False,False,Creation/Unknown,115000,182.5,Auto-Approved,,No
D,New,ProActive,Deferred/Unknown,False,False,Creation/Unknown,200000,310.0,Auto-Approved,,No
D,New,ProActive,Deferred/Unknown,False,False,Creation/Unknown,1000000,1510.0,Auto-Approved,,No
D,New,ProActive,Deferred/Unknown,False,True,Library Only,0,210.0,Auto-Approved,,No
D,New,ProActive,Deferred/Unknown,False,True,Library Only,1,210.0015,Auto-Approved,,No
D,New,ProActive,Deferred/Unknown,False,True,Library Only,1000,211.5,Auto-Approved,,No
D,New,ProActive,Deferred/Unknown,False,True,Library Only,30000,255.0,Auto-Approved,,No
D,New,ProActive,Deferred/Unknown,False,True,Library Only,35000,262.5,Auto-Approved,,No
D,New,ProActive,Deferred/Unknown,False,True,Library Only,100000,360.0,Auto-Approved,,No
D,New,ProActive,Deferred/Unknown,False,True,Library Only,115000,382.5,Auto-Approved,,No
D,New,ProActive,Deferred/Unknown,False,True,Library Only,200000,510.0,Auto-Approved,,No
D,New,ProActive,Deferred/Unknown,False,True,Library Only,1000000,1710.0,Auto-Approved,,No
D,New,ProActive,Deferred/Unknown,False,True,Starting Point,0,175.0,Pending Approval,Jo (Non-library for a C/D customer),No
D,New,ProActive,Deferred/Unknown,False,True,Starting Point,1,175.0015,Pending Approval,Jo (Non-library for a C/D customer),No
D,New,ProActive,Deferred/Unknown,False,True,Starting Point,1000,176.5,Pending Approval,Jo (Non-library for a C/D customer),No
D,New,ProActive,Deferred/Unknown,False,True,Starting Point,30000,220.0,Pending Approval,Jo (Non-library for a C/D customer),No
D,New,ProActive,Deferred/Unknown,False,True,Starting Point,35000,227.5,Pending Approval,Jo (Non-library for a C/D customer),No
D,New,ProActive,Deferred/Unknown,False,True,Starting Point,100000,325.0,Pending Approval,Jo (Non-library for a C/D customer),No
D,New,ProActive,Deferred/Unknown,False,True,Starting Point,115000,347.5,Pending Approval,Jo (Non-library for a C/D customer),No
D,New,ProActive,Deferred/Unknown,False,True,Starting Point,200000,475.0,Pending Approval,Jo (Non-library for a C/D customer),No
D,New,ProActive,Deferred/Unknown,False,True,Starting Point,1000000,1675.0,Pending Approval,Jo (Non-library for a C/D customer),No
D,New,ProActive,Deferred/Unknown,False,True,Creation/Unknown,0,110.0,Pending Approval,,No
D,New,ProActive,Deferred/Unknown,False,True,Creation/Unknown,1,110.0015,Pending Approval,,No
D,New,ProActive,Deferred/Unknown,False,True,Creation/Unknown,1000,111.5,Pending Approval,,No
D,New,ProActive,Deferred/Unknown,False,True,Creation/Unknown,30000,155.0,Auto-Approved,,No
D,New,ProActive,Deferred/Unknown,False,True,Creation/Unknown,35000,162.5,Auto-Approved,,No
D,New,ProActive,Deferred/Unknown,False,True,Creation/Unknown,100000,260.0,Auto-Approved,,No
D,New,ProActive,Deferred/Unknown,False,True,Creation/Unknown,115000,282.5,Auto-Approved,,No
D,New,ProActive,Deferred/Unknown,False,True,Creation/Unknown,200000,410.0,Auto-Approved,,No
D,New,ProActive,Deferred/Unknown,False,True,Creation/Unknown,1000000,1610.0,Auto-Approved,,No
D,New,ProActive,Deferred/Unknown,True,False,Library Only,0,110.0,Auto-Approved,,Yes
D,New,ProActive,Deferred/Unknown,True,False,Library Only,1,110.0015,Auto-Approved,,Yes
D,New,ProActive,Deferred/Unknown,True,False,Library Only,1000,111.5,Auto-Approved,,Yes
D,New,ProActive,Deferred/Unknown,True,False,Library Only,30000,155.0,Auto-Approved,,Yes
D,New,ProActive,Deferred/Unknown,True,False,Library Only,35000,162.5,Auto-Approved,,Yes
D,New,ProActive,Deferred/Unknown,True,False,Library Only,100000,260.0,Auto-Approved,,Yes
D,New,ProActive,Deferred/Unknown,True,False,Library Only,115000,282.5,Auto-Approved,,Yes
D,New,ProActive,Deferred/Unknown,True,False,Library Only,200000,410.0,Auto-Approved,,Yes
D,New,ProActive,Deferred/Unknown,True,False,Library Only,1000000,1610.0,Auto-Approved,,Yes
D,New,ProActive,Deferred/Unknown,True,False,Starting Point,0,75.0,Auto-Approved,Jo (Non-library for a C/D customer),Yes
D,New,ProActive,Deferred/Unknown,True,False,Starting Point,1,75.0015,Auto-Approved,Jo (Non-library for a C/D customer),Yes
D,New,ProActive,Deferred/Unknown,True,False,Starting Point,1000,76.5,Auto-Approved,Jo (Non-library for a C/D customer),Yes
D,New,ProActive,Deferred/Unknown,True,False,Starting Point,30000,120.0,Auto-Approved,Jo (Non-library for a C/D customer),Yes
D,New,ProActive,Deferred/Unknown,True,False,Starting Point,35000,127.5,Auto-Approved,Jo (Non-library for a C/D customer),Yes
D,New,ProActive,Deferred/Unknown,True,False,Starting Point,100000,225.0,Auto-Approved,Jo (Non-library for a C/D customer),Yes
D,New,ProActive,Deferred/Unknown,True,False,Starting Point,115000,247.5,Auto-Approved,Jo (Non-library for a C/D customer),Yes
D,New,ProActive,Deferred/Unknown,True,False,Starting Point,200000,375.0,Auto-Approved,Jo (Non-library for a C/D customer),Yes
D,New,ProActive,Deferred/Unknown,True,False,Starting Point,1000000,1575.0,Auto-Approved,Jo (Non-library for a C/D customer),Yes
D,New,ProActive,Deferred/Unknown,True,False,Creation/Unknown,0,10.0,Auto-Approved,,Yes
D,New,ProActive,Deferred/Unknown,True,False,Creation/Unknown,1,10.0015,Auto-Approved,,Yes
D,New,ProActive,Deferred/Unknown,True,False,Creation/Unknown,1000,11.5,Auto-Approved,,Yes
D,New,ProActive,Deferred/Unknown,True,False,Creation/Unknown,30000,55.0,Auto-Approved,,Yes
D,New,ProActive,Deferred/Unknown,True,False,Creation/Unknown,35000,62.5,Auto-Approved,,Yes
D,New,ProActive,Deferred/Unknown,True,False,Creation/Unknown,100000,160.0,Auto-Approved,,Yes
D,New,ProActive,Deferred/Unknown,True,False,Creation/Unknown,115000,182.5,Auto-Approved,,Yes
D,New,ProActive,Deferred/Unknown,True,False,Creation/Unknown,200000,310.0,Auto-Approved,,Yes
D,New,ProActive,Deferred/Unknown,True,False,Creation/Unknown,1000000,1510.0,Auto-Approved,,Yes
D,New,ProActive,Deferred/Unknown,True,True,Library Only,0,210.0,Auto-Approved,,Yes
D,New,ProActive,Deferred/Unknown,True,True,Library Only,1,210.0015,Auto-Approved,,Yes
D,New,ProActive,Deferred/Unknown,True,True,Library Only,1000,211.5,Auto-Approved,,Yes
D,New,ProActive,Deferred/Unknown,True,True,Library Only,30000,255.0,Auto-Approved,,Yes
D,New,ProActive,Deferred/Unknown,True,True,Library Only,35000,262.5,Auto-Approved,,Yes
D,New,ProActive,Deferred/Unknown,True,True,Library Only,100000,360.0,Auto-Approved,,Yes
D,New,ProActive,Deferred/Unknown,True,True,Library Only,115000,382.5,Auto-Approved,,Yes
D,New,ProActive,Deferred/Unknown,True,True,Library Only,200000,510.0,Auto-Approved,,Yes
D,New,ProActive,Deferred/Unknown,True,True,Library Only,1000000,1710.0,Auto-Approved,,Yes
D,New,ProActive,Deferred/Unknown,True,True,Starting Point,0,175.0,Auto-Approved,Jo (Non-library for a C/D customer),Yes
D,New,ProActive,Deferred/Unknown,True,True,Starting Point,1,175.0015,Auto-Approved,Jo (Non-library for a C/D customer),Yes
D,New,ProActive,Deferred/Unknown,True,True,Starting Point,1000,176.5,Auto-Approved,Jo (Non-library for a C/D customer),Yes
D,New,ProActive,Deferred/Unknown,True,True,Starting Point,30000,220.0,Auto-Approved,Jo (Non-library for a C/D customer),Yes
D,New,ProActive,Deferred/Unknown,True,True,Starting Point,35000,227.5,Auto-Approved,Jo (Non-library for a C/D customer),Yes
D,New,ProActive,Deferred/Unknown,True,True,Starting Point,100000,325.0,Auto-Approved,Jo (Non-library for a C/D customer),Yes
D,New,ProActive,Deferred/Unknown,True,True,Starting Point,115000,347.5,Auto-Approved,Jo (Non-library for a C/D customer),Yes
D,New,ProActive,Deferred/Unknown,True,True,Starting Point,200000,475.0,Auto-Approved,Jo (Non-library for a C/D customer),Yes
D,New,ProActive,Deferred/Unknown,True,True,Starting Point,1000000,1675.0,Auto-Approved,Jo (Non-library for a C/D customer),Yes
D,New,ProActive,Deferred/Unknown,True,True,Creation/Unknown,0,110.0,Auto-Approved,,Yes
D,New,ProActive,Deferred/Unknown,True,True,Creation/Unknown,1,110.0015,Auto-Approved,,Yes
D,New,ProActive,Deferred/Unknown,True,True,Creation/Unknown,1000,111.5,Auto-Approved,,Yes
D,New,ProActive,Deferred/Unknown,True,True,Creation/Unknown,30000,155.0,Auto-Approved,,Yes
D,New,ProActive,Deferred/Unknown,True,True,Creation/Unknown,35000,162.5,Auto-Approved,,Yes
D,New,ProActive,Deferred/Unknown,True,True,Creation/Unknown,100000,260.0,Auto-Approved,,Yes
D,New,ProActive,Deferred/Unknown,True,True,Creation/Unknown,115000,282.5,Auto-Approved,,Yes
D,New,ProActive,Deferred/Unknown,True,True,Creation/Unknown,200000,410.0,Auto-Approved,,Yes
D,New,ProActive,Deferred/Unknown,True,True,Creation/Unknown,1000000,1610.0,Auto-Approved,,Yes
D,Rework (Of Selling),Exclusive,Direct,False,False,Library Only,0,110.0,Auto-Approved,,Yes
D,Rework (Of Selling),Exclusive,Direct,False,False,Library Only,1,110.0035,Auto-Approved,,Yes
D,Rework (Of Selling),Exclusive,Direct,False,False,Library Only,1000,113.5,Auto-Approved,,Yes
D,Rework (Of Selling),Exclusive,Direct,False,False,Library Only,30000,215.0,Auto-Approved,,Yes
D,Rework (Of Selling),Exclusive,Direct,False,False,Library Only,35000,232.5,Auto-Approved,,Yes
D,Rework (Of Selling),Exclusive,Direct,False,False,Library Only,100000,460.0,Auto-Approved,,Yes
D,Rework (Of Selling),Exclusive,Direct,False,False,Library Only,115000,512.5,Auto-Approved,,Yes
D,Rework (Of Selling),Exclusive,Direct,False,False,Library Only,200000,810.0,Auto-Approved,,Yes
D,Rework (Of Selling),Exclusive,Direct,False,False,Library Only,1000000,3610.0,Auto-Approved,,Yes
D,Rework (Of Selling),Exclusive,Direct,False,False,Starting Point,0,75.0,Auto-Approved,Jo (Non-library for a C/D customer),Yes
D,Rework (Of Selling),Exclusive,Direct,False,False,Starting Point,1,75.0035,Auto-Approved,Jo (Non-library for a C/D customer),Yes
D,Rework (Of Selling),Exclusive,Direct,False,False,Starting Point,1000,78.5,Auto-Approved,Jo (Non-library for a C/D customer),Yes
D,Rework (Of Selling),Exclusive,Direct,False,False,Starting Point,30000,180.0,Auto-Approved,Jo (Non-library for a C/D customer),Yes
D,Rework (Of Selling),Exclusive,Direct,False,False,Starting Point,35000,197.5,Auto-Approved,Jo (Non-library for a C/D customer),Yes
D,Rework (Of Selling),Exclusive,Direct,False,False,Starting Point,100000,425.0,Auto-Approved,Jo (Non-library for a C/D customer),Yes
D,Rework (Of Selling),Exclusive,Direct,False,False,Starting Point,115000,477.5,Auto-Approved,Jo (Non-library for a C/D customer),Yes
D,Rework (Of Selling),Exclusive,Direct,False,False,Starting Point,200000,775.0,Auto-Approved,Jo (Non-library for a C/D customer),Yes
D,Rework (Of Selling),Exclusive,Direct,False,False,Starting Point,1000000,3575.0,Auto-Approved,Jo (Non-library for a C/D customer),Yes
D,Rework (Of Selling),Exclusive,Direct,False,False,Creation/Unknown,0,10.0,Auto-Approved,,Yes
D,Rework (Of Selling),Exclusive,Direct,False,False,Creation/Unknown,1,10.0035,Auto-Approved,,Yes
D,Rework (Of Selling),Exclusive,Direct,False,False,Creation/Unknown,1000,13.5,Auto-Approved,,Yes
D,Rework (Of Selling),Exclusive,Direct,False,False,Creation/Unknown,30000,115.0,Auto-Approved,,Yes
D,Rework (Of Selling),Exclusive,Direct,False,False,Creation/Unknown,35000,132.5,Auto-Approved,,Yes
D,Rework (Of Selling),Exclusive,Direct,False,False,Creation/Unknown,100000,360.0,Auto-Approved,,Yes
D,Rework (Of Selling),Exclusive,Direct,False,False,Creation/Unknown,115000,412.5,Auto-Approved,,Yes
D,Rework (Of Selling),Exclusive,Direct,False,False,Creation/Unknown,200000,710.0,Auto-Approved,,Yes
D,Rework (Of Selling),Exclusive,Direct,False,False,Creation/Unknown,1000000,3510.0,Auto-Approved,,Yes
D,Rework (Of Selling),Exclusive,Direct,False,True,Library Only,0,210.0,Auto-Approved,,Yes
D,Rework (Of Selling),Exclusive,Direct,False,True,Library Only,1,210.0035,Auto-Approved,,Yes
D,Rework (Of Selling),Exclusive,Direct,False,True,Library Only,1000,213.5,Auto-Approved,,Yes
D,Rework (Of Selling),Exclusive,Direct,False,True,Library Only,30000,315.0,Auto-Approved,,Yes
D,Rework (Of Selling),Exclusive,Direct,False,True,Library Only,35000,332.5,Auto-Approved,,Yes
D,Rework (Of Selling),Exclusive,Direct,False,True,Library Only,100000,560.0,Auto-Approved,,Yes
D,Rework (Of Selling),Exclusive,Direct,False,True,Library Only,115000,612.5,Auto-Approved,,Yes
D,Rework (Of Selling),Exclusive,Direct,False,True,Library Only,200000,910.0,Auto-Approved,,Yes
D,Rework (Of Selling),Exclusive,Direct,False,True,Library Only,1000000,3710.0,Auto-Approved,,Yes
D,Rework (Of Selling),Exclusive,Direct,False,True,Starting Point,0,175.0,Auto-Approved,Jo (Non-library for a C/D customer),Yes
D,Rework (Of Selling),Exclusive,Direct,False,True,Starting Point,1,175.0035,Auto-Approved,Jo (Non-library for a C/D customer),Yes
D,Rework (Of Selling),Exclusive,Direct,False,True,Starting Point,1000,178.5,Auto-Approved,Jo (Non-library for a C/D customer),Yes
D,Rework (Of Selling),Exclusive,Direct,False,True,Starting Point,30000,280.0,Auto-Approved,Jo (Non-library for a C/D customer),Yes
D,Rework (Of Selling),Exclusive,Direct,False,True,Starting Point,35000,297.5,Auto-Approved,Jo (Non-library for a C/D customer),Yes
D,Rework (Of Selling),Exclusive,Direct,False,True,Starting Point,100000,525.0,Auto-Approved,Jo (Non-library for a C/D customer),Yes
D,Rework (Of Selling),Exclusive,Direct,False,True,Starting Point,115000,577.5,Auto-Approved,Jo (Non-library for a C/D customer),Yes
D,Rework (Of Selling),Exclusive,Direct,False,True,Starting Point,200000,875.0,Auto-Approved,Jo (Non-library for a C/D customer),Yes
D,Rework (Of Selling),Exclusive,Direct,False,True,Starting Point,1000000,3675.0,Auto-Approved,Jo (Non-library for a C/D customer),Yes
D,Rework (Of Selling),Exclusive,Direct,False,True,Creation/Unknown,0,110.0,Auto-Approved,,Yes
D,Rework (Of Selling),Exclusive,Direct,False,True,Creation/Unknown,1,110.0035,Auto-Approved,,Yes
D,Rework (Of Selling),Exclusive,Direct,False,True,Creation/Unknown,1000,113.5,Auto-Approved,,Yes
D,Rework (Of Selling),Exclusive,Direct,False,True,Creation/Unknown,30000,215.0,Auto-Approved,,Yes
D,Rework (Of Selling),Exclusive,Direct,False,True,Creation/Unknown,35000,232.5,Auto-Approved,,Yes
D,Rework (Of Selling),Exclusive,Direct,False,True,Creation/Unknown,100000,460.0,Auto-Approved,,Yes
D,Rework (Of Selling),Exclusive,Direct,False,True,Creation/Unknown,115000,512.5,Auto-Approved,,Yes
D,Rework (Of Selling),Exclusive,Direct,False,True,Creation/Unknown,200000,810.0,Auto-Approved,,Yes
D,Rework (Of Selling),Exclusive,Direct,False,True,Creation/Unknown,1000000,3610.0,Auto-Approved,,Yes
D,Rework (Of Selling),Exclusive,Direct,True,False,Library Only,0,110.0,Auto-Approved,,Yes
D,Rework (Of Selling),Exclusive,Direct,True,False,Library Only,1,110.0035,Auto-Approved,,Yes
D,Rework (Of Selling),Exclusive,Direct,True,False,Library Only,1000,113.5,Auto-Approved,,Yes
D,Rework (Of Selling),Exclusive,Direct,True,False,Library Only,30000,215.0,Auto-Approved,,Yes
D,Rework (Of Selling),Exclusive,Direct,True,False,Library Only,35000,232.5,Auto-Approved,,Yes
D,Rework (Of Selling),Exclusive,Direct,True,False,Library Only,100000,460.0,Auto-Approved,,Yes
D,Rework (Of Selling),Exclusive,Direct,True,False,Library Only,115000,512.5,Auto-Approved,,Yes
D,Rework (Of Selling),Exclusive,Direct,True,False,Library Only,200000,810.0,Auto-Approved,,Yes
D,Rework (Of Selling),Exclusive,Direct,True,False,Library Only,1000000,3610.0,Auto-Approved,,Yes
D,Rework (Of Selling),Exclusive,Direct,True,False,Starting Point,0,75.0,Auto-Approved,Jo (Non-library for a C/D customer),Yes
D,Rework (Of Selling),Exclusive,Direct,True,False,Starting Point,1,75.0035,Auto-Approved,Jo (Non-library for a C/D customer),Yes
D,Rework (Of Selling),Exclusive,Direct,True,False,Starting Point,1000,78.5,Auto-Approved,Jo (Non-library for a C/D customer),Yes
D,Rework (Of Selling),Exclusive,Direct,True,False,Starting Point,30000,180.0,Auto-Approved,Jo (Non-library for a C/D customer),Yes
D,Rework (Of Selling),Exclusive,Direct,True,False,Starting Point,35000,197.5,Auto-Approved,Jo (Non-library for a C/D customer),Yes
D,Rework (Of Selling),Exclusive,Direct,True,False,Starting Point,100000,425.0,Auto-Approved,Jo (Non-library for a C/D customer),Yes
D,Rework (Of Selling),Exclusive,Direct,True,False,Starting Point,115000,477.5,Auto-Approved,Jo (Non-library for a C/D customer),Yes
D,Rework (Of Selling),Exclusive,Direct,True,False,Starting Point,200000,775.0,Auto-Approved,Jo (Non-library for a C/D customer),Yes
D,Rework (Of Selling),Exclusive,Direct,True,False,Starting Point,1000000,3575.0,Auto-Approved,Jo (Non-library for a C/D customer),Yes
D,Rework (Of Selling),Exclusive,Direct,True,False,Creation/Unknown,0,10.0,Auto-Approved,,Yes
D,Rework (Of Selling),Exclusive,Direct,True,False,Creation/Unknown,1,10.0035,Auto-Approved,,Yes
D,Rework (Of Selling),Exclusive,Direct,True,False,Creation/Unknown,1000,13.5,Auto-Approved,,Yes
D,Rework (Of Selling),Exclusive,Direct,True,False,Creation/Unknown,30000,115.0,Auto-Approved,,Yes
D,Rework (Of Selling),Exclusive,Direct,True,False,Creation/Unknown,35000,132.5,Auto-Approved,,Yes
D,Rework (Of Selling),Exclusive,Direct,True,False,Creation/Unknown,100000,360.0,Auto-Approved,,Yes
D,Rework (Of Selling),Exclusive,Direct,True,False,Creation/Unknown,115000,412.5,Auto-Approved,,Yes
D,Rework (Of Selling),Exclusive,Direct,True,False,Creation/Unknown,200000,710.0,Auto-Approved,,Yes
D,Rework (Of Selling),Exclusive,Direct,True,False,Creation/Unknown,1000000,3510.0,Auto-Approved,,Yes
D,Rework (Of Selling),Exclusive,Direct,True,True,Library Only,0,210.0,Auto-Approved,,Yes
D,Rework (Of Selling),Exclusive,Direct,True,True,Library Only,1,210.0035,Auto-Approved,,Yes
D,Rework (Of Selling),Exclusive,Direct,True,True,Library Only,1000,213.5,Auto-Approved,,Yes
D,Rework (Of Selling),Exclusive,Direct,True,True,Library Only,30000,315.0,Auto-Approved,,Yes
D,Rework (Of Selling),Exclusive,Direct,True,True,Library Only,35000,332.5,Auto-Approved,,Yes
D,Rework (Of Selling),Exclusive,Direct,True,True,Library Only,100000,560.0,Auto-Approved,,Yes
D,Rework (Of Selling),Exclusive,Direct,True,True,Library Only,115000,612.5,Auto-Approved,,Yes
D,Rework (Of Selling),Exclusive,Direct,True,True,Library Only,200000,910.0,Auto-Approved,,Yes
D,Rework (Of Selling),Exclusive,Direct,True,True,Library Only,1000000,3710.0,Auto-Approved,,Yes
D,Rework (Of Selling),Exclusive,Direct,True,True,Starting Point,0,175.0,Auto-Approved,Jo (Non-library for a C/D customer),Yes
D,Rework (Of Selling),Exclusive,Direct,True,True,Starting Point,1,175.0035,Auto-Approved,Jo (Non-library for a C/D customer),Yes
D,Rework (Of Selling),Exclusive,Direct,True,True,Starting Point,1000,178.5,Auto-Approved,Jo (Non-library for a C/D customer),Yes
D,Rework (Of Selling),Exclusive,Direct,True,True,Starting Point,30000,280.0,Auto-Approved,Jo (Non-library for a C/D customer),Yes
D,Rework (Of Selling),Exclusive,Direct,True,True,Starting Point,35000,297.5,Auto-Approved,Jo (Non-library for a C/D customer),Yes
D,Rework (Of Selling),Exclusive,Direct,True,True,Starting Point,100000,525.0,Auto-Approved,Jo (Non-library for a C/D customer),Yes
D,Rework (Of Selling),Exclusive,Direct,True,True,Starting Point,115000,577.5,Auto-Approved,Jo (Non-library for a C/D customer),Yes
D,Rework (Of Selling),Exclusive,Direct,True,True,Starting Point,200000,875.0,Auto-Approved,Jo (Non-library for a C/D customer),Yes
D,Rework (Of Selling),Exclusive,Direct,True,True,Starting Point,1000000,3675.0,Auto-Approved,Jo (Non-library for a C/D customer),Yes
D,Rework (Of Selling),Exclusive,Direct,True,True,Creation/Unknown,0,110.0,Auto-Approved,,Yes
D,Rework (Of Selling),Exclusive,Direct,True,True,Creation/Unknown,1,110.0035,Auto-Approved,,Yes
D,Rework (Of Selling),Exclusive,Direct,True,True,Creation/Unknown,1000,113.5,Auto-Approved,,Yes
D,Rework (Of Selling),Exclusive,Direct,True,True,Creation/Unknown,30000,215.0,Auto-Approved,,Yes
D,Rework (Of Selling),Exclusive,Direct,True,True,Creation/Unknown,35000,232.5,Auto-Approved,,Yes
D,Rework (Of Selling),Exclusive,Direct,True,True,Creation/Unknown,100000,460.0,Auto-Approved,,Yes
D,Rework (Of Selling),Exclusive,Direct,True,True,Creation/Unknown,115000,512.5,Auto-Approved,,Yes
D,Rework (Of Selling),Exclusive,Direct,True,True,Creation/Unknown,200000,810.0,Auto-Approved,,Yes
D,Rework (Of Selling),Exclusive,Direct,True,True,Creation/Unknown,1000000,3610.0,Auto-Approved,,Yes
D,Rework (Of Selling),Exclusive,Deferred/Unknown,False,False,Library Only,0,110.0,Auto-Approved,,Yes
D,Rework (Of Selling),Exclusive,Deferred/Unknown,False,False,Library Only,1,110.003,Auto-Approved,,Yes
D,Rework (Of Selling),Exclusive,Deferred/Unknown,False,False,Library Only,1000,113.0,Auto-Approved,,Yes
D,Rework (Of Selling),Exclusive,Deferred/Unknown,False,False,Library Only,30000,200.0,Auto-Approved,,Yes
D,Rework (Of Selling),Exclusive,Deferred/Unknown,False,False,Library Only,35000,215.0,Auto-Approved,,Yes
D,Rework (Of Selling),Exclusive,Deferred/Unknown,False,False,Library Only,100000,410.0,Auto-Approved,,Yes
D,Rework (Of Selling),Exclusive,Deferred/Unknown,False,False,Library Only,115000,455.0,Auto-Approved,,Yes
D,Rework (Of Selling),Exclusive,Deferred/Unknown,False,False,Library Only,200000,710.0,Auto-Approved,,Yes
D,Rework (Of Selling),Exclusive,Deferred/Unknown,False,False,Library Only,1000000,3110.0,Auto-Approved,,Yes
D,Rework (Of Selling),Exclusive,Deferred/Unknown,False,False,Starting Point,0,75.0,Auto-Approved,Jo (Non-library for a C/D customer),Yes
D,Rework (Of Selling),Exclusive,Deferred/Unknown,False,False,Starting Point,1,75.003,Auto-Approved,Jo (Non-library for a C/D customer),Yes
D,Rework (Of Selling),Exclusive,Deferred/Unknown,False,False,Starting Point,1000,78.0,Auto-Approved,Jo (Non-library for a C/D customer),Yes
D,Rework (Of Selling),Exclusive,Deferred/Unknown,False,False,Starting Point,30000,165.0,Auto-Approved,Jo (Non-library for a C/D customer),Yes
D,Rework (Of Selling),Exclusive,Deferred/Unknown,False,False,Starting Point,35000,180.0,Auto-Approved,Jo (Non-library for a C/D customer),Yes
D,Rework (Of Selling),Exclusive,Deferred/Unknown,False,False,Starting Point,100000,375.0,Auto-Approved,Jo (Non-library for a C/D customer),Yes
D,Rework (Of Selling),Exclusive,Deferred/Unknown,False,False,Starting Point,115000,420.0,Auto-Approved,Jo (Non-library for a C/D customer),Yes
D,Rework (Of Selling),Exclusive,Deferred/Unknown,False,False,Starting Point,200000,675.0,Auto-Approved,Jo (Non-library for a C/D customer),Yes
D,Rework (Of Selling),Exclusive,Deferred/Unknown,False,False,Starting Point,1000000,3075.0,Auto-Approved,Jo (Non-library for a C/D customer),Yes
D,Rework (Of Selling),Exclusive,Deferred/Unknown,False,False,Creation/Unknown,0,10.0,Auto-Approved,,Yes
D,Rework (Of Selling),Exclusive,Deferred/Unknown,False,False,Creation/Unknown,1,10.003,Auto-Approved,,Yes
D,Rework (Of Selling),Exclusive,Deferred/Unknown,False,False,Creation/Unknown,1000,13.0,Auto-Approved,,Yes
D,Rework (Of Selling),Exclusive,Deferred/Unknown,False,False,Creation/Unknown,30000,100.0,Auto-Approved,,Yes
D,Rework (Of Selling),Exclusive,Deferred/Unknown,False,False,Creation/Unknown,35000,115.0,Auto-Approved,,Yes
D,Rework (Of Selling),Exclusive,Deferred/Unknown,False,False,Creation/Unknown,100000,310.0,Auto-Approved,,Yes
D,Rework (Of Selling),Exclusive,Deferred/Unknown,False,False,Creation/Unknown,115000,355.0,Auto-Approved,,Yes
D,Rework (Of Selling),Exclusive,Deferred/Unknown,False,False,Creation/Unknown,200000,610.0,Auto-Approved,,Yes
D,Rework (Of Selling),Exclusive,Deferred/Unknown,False,False,Creation/Unknown,1000000,3010.0,Auto-Approved,,Yes
D,Rework (Of Selling),Exclusive,Deferred/Unknown,False,True,Library Only,0,210.0,Auto-Approved,,Yes
D,Rework (Of Selling),Exclusive,Deferred/Unknown,False,True,Library Only,1,210.003,Auto-Approved,,Yes
D,Rework (Of Selling),Exclusive,Deferred/Unknown,False,True,Library Only,1000,213.0,Auto-Approved,,Yes
D,Rework (Of Selling),Exclusive,Deferred/Unknown,False,True,Library Only,30000,300.0,Auto-Approved,,Yes
D,Rework (Of Selling),Exclusive,Deferred/Unknown,False,True,Library Only,35000,315.0,Auto-Approved,,Yes
D,Rework (Of Selling),Exclusive,Deferred/Unknown,False,True,Library Only,100000,510.0,Auto-Approved,,Yes
D,Rework (Of Selling),Exclusive,Deferred/Unknown,False,True,Library Only,115000,555.0,Auto-Approved,,Yes
D,Rework (Of Selling),Exclusive,Deferred/Unknown,False,True,Library Only,200000,810.0,Auto-Approved,,Yes
D,Rework (Of Selling),Exclusive,Deferred/Unknown,False,True,Library Only,1000000,3210.0,Auto-Approved,,Yes
D,Rework (Of Selling),Exclusive,Deferred/Unknown,False,True,Starting Point,0,175.0,Auto-Approved,Jo (Non-library for a C/D customer),Yes
D,Rework (Of Selling),Exclusive,Deferred/Unknown,False,True,Starting Point,1,175.003,Auto-Approved,Jo (Non-library for a C/D customer),Yes
D,Rework (Of Selling),Exclusive,Deferred/Unknown,False,True,Starting Point,1000,178.0,Auto-Approved,Jo (Non-library for a C/D customer),Yes
D,Rework (Of Selling),Exclusive,Deferred/Unknown,False,True,Starting Point,30000,265.0,Auto-Approved,Jo (Non-library for a C/D customer),Yes
D,Rework (Of Selling),Exclusive,Deferred/Unknown,False,True,Starting Point,35000,280.0,Auto-Approved,Jo (Non-library for a C/D customer),Yes
D,Rework (Of Selling),Exclusive,Deferred/Unknown,False,True,Starting Point,100000,475.0,Auto-Approved,Jo (Non-library for a C/D customer),Yes
D,Rework (Of Selling),Exclusive,Deferred/Unknown,False,True,Starting Point,115000,520.0,Auto-Approved,Jo (Non-library for a C/D customer),Yes
D,Rework (Of Selling),Exclusive,Deferred/Unknown,False,True,Starting Point,200000,775.0,Auto-Approved,Jo (Non-library for a C/D customer),Yes
D,Rework (Of Selling),Exclusive,Deferred/Unknown,False,True,Starting Point,1000000,3175.0,Auto-Approved,Jo (Non-library for a C/D customer),Yes
D,Rework (Of Selling),Exclusive,Deferred/Unknown,False,True,Creation/Unknown,0,110.0,Auto-Approved,,Yes
D,Rework (Of Selling),Exclusive,Deferred/Unknown,False,True,Creation/Unknown,1,110.003,Auto-Approved,,Yes
D,Rework (Of Selling),Exclusive,Deferred/Unknown,False,True,Creation/Unknown,1000,113.0,Auto-Approved,,Yes
D,Rework (Of Selling),Exclusive,Deferred/Unknown,False,True,Creation/Unknown,30000,200.0,Auto-Approved,,Yes
D,Rework (Of Selling),Exclusive,Deferred/Unknown,False,True,Creation/Unknown,35000,215.0,Auto-Approved,,Yes
D,Rework (Of Selling),Exclusive,Deferred/Unknown,False,True,Creation/Unknown,100000,410.0,Auto-Approved,,Yes
D,Rework (Of Selling),Exclusive,Deferred/Unknown,False,True,Creation/Unknown,115000,455.0,Auto-Approved,,Yes
D,Rework (Of Selling),Exclusive,Deferred/Unknown,False,True,Creation/Unknown,200000,710.0,Auto-Approved,,Yes
D,Rework (Of Selling),Exclusive,Deferred/Unknown,False,True,Creation/Unknown,1000000,3110.0,Auto-Approved,,Yes
D,Rework (Of Selling),Exclusive,Deferred/Unknown,True,False,Library Only,0,110.0,Auto-Approved,,Yes
D,Rework (Of Selling),Exclusive,Deferred/Unknown,True,False,Library Only,1,110.003,Auto-Approved,,Yes
D,Rework (Of Selling),Exclusive,Deferred/Unknown,True,False,Library Only,1000,113.0,Auto-Approved,,Yes
D,Rework (Of Selling),Exclusive,Deferred/Unknown,True,False,Library Only,30000,200.0,Auto-Approved,,Yes
D,Rework (Of Selling),Exclusive,Deferred/Unknown,True,False,Library Only,35000,215.0,Auto-Approved,,Yes
D,Rework (Of Selling),Exclusive,Deferred/Unknown,True,False,Library Only,100000,410.0,Auto-Approved,,Yes
D,Rework (Of Selling),Exclusive,Deferred/Unknown,True,False,Library Only,115000,455.0,Auto-Approved,,Yes
D,Rework (Of Selling),Exclusive,Deferred/Unknown,True,False,Library Only,200000,710.0,Auto-Approved,,Yes
D,Rework (Of Selling),Exclusive,Deferred/Unknown,True,False,Library Only,1000000,3110.0,Auto-Approved,,Yes
D,Rework (Of Selling),Exclusive,Deferred/Unknown,True,False,Starting Point,0,75.0,Auto-Approved,Jo (Non-library for a C/D customer),Yes
D,Rework (Of Selling),Exclusive,Deferred/Unknown,True,False,Starting Point,1,75.003,Auto-Approved,Jo (Non-library for a C/D customer),Yes
D,Rework (Of Selling),Exclusive,Deferred/Unknown,True,False,Starting Point,1000,78.0,Auto-Approved,Jo (Non-library for a C/D customer),Yes
D,Rework (Of Selling),Exclusive,Deferred/Unknown,True,False,Starting Point,30000,165.0,Auto-Approved,Jo (Non-library for a C/D customer),Yes
D,Rework (Of Selling),Exclusive,Deferred/Unknown,True,False,Starting Point,35000,180.0,Auto-Approved,Jo (Non-library for a C/D customer),Yes
D,Rework (Of Selling),Exclusive,Deferred/Unknown,True,False,Starting Point,100000,375.0,Auto-Approved,Jo (Non-library for a C/D customer),Yes
D,Rework (Of Selling),Exclusive,Deferred/Unknown,True,False,Starting Point,115000,420.0,Auto-Approved,Jo (Non-library for a C/D customer),Yes
D,Rework (Of Selling),Exclusive,Deferred/Unknown,True,False,Starting Point,200000,675.0,Auto-Approved,Jo (Non-library for a C/D customer),Yes
D,Rework (Of Selling),Exclusive,Deferred/Unknown,True,False,Starting Point,1000000,3075.0,Auto-Approved,Jo (Non-library for a C/D customer),Yes
D,Rework (Of Selling),Exclusive,Deferred/Unknown,True,False,Creation/Unknown,0,10.0,Auto-Approved,,Yes
D,Rework (Of Selling),Exclusive,Deferred/Unknown,True,False,Creation/Unknown,1,10.003,Auto-Approved,,Yes
D,Rework (Of Selling),Exclusive,Deferred/Unknown,True,False,Creation/Unknown,1000,13.0,Auto-Approved,,Yes
D,Rework (Of Selling),Exclusive,Deferred/Unknown,True,False,Creation/Unknown,30000,100.0,Auto-Approved,,Yes
D,Rework (Of Selling),Exclusive,Deferred/Unknown,True,False,Creation/Unknown,35000,115.0,Auto-Approved,,Yes
D,Rework (Of Selling),Exclusive,Deferred/Unknown,True,False,Creation/Unknown,100000,310.0,Auto-Approved,,Yes
D,Rework (Of Selling),Exclusive,Deferred/Unknown,True,False,Creation/Unknown,115000,355.0,Auto-Approved,,Yes
D,Rework (Of Selling),Exclusive,Deferred/Unknown,True,False,Creation/Unknown,200000,610.0,Auto-Approved,,Yes
D,Rework (Of Selling),Exclusive,Deferred/Unknown,True,False,Creation/Unknown,1000000,3010.0,Auto-Approved,,Yes
D,Rework (Of Selling),Exclusive,Deferred/Unknown,True,True,Library Only,0,210.0,Auto-Approved,,Yes
D,Rework (Of Selling),Exclusive,Deferred/Unknown,True,True,Library Only,1,210.003,Auto-Approved,,Yes
D,Rework (Of Selling),Exclusive,Deferred/Unknown,True,True,Library Only,1000,213.0,Auto-Approved,,Yes
D,Rework (Of Selling),Exclusive,Deferred/Unknown,True,True,Library Only,30000,300.0,Auto-Approved,,Yes
D,Rework (Of Selling),Exclusive,Deferred/Unknown,True,True,Library Only,35000,315.0,Auto-Approved,,Yes
D,Rework (Of Selling),Exclusive,Deferred/Unknown,True,True,Library Only,100000,510.0,Auto-Approved,,Yes
D,Rework (Of Selling),Exclusive,Deferred/Unknown,True,True,Library Only,115000,555.0,Auto-Approved,,Yes
D,Rework (Of Selling),Exclusive,Deferred/Unknown,True,True,Library Only,200000,810.0,Auto-Approved,,Yes
D,Rework (Of Selling),Exclusive,Deferred/Unknown,True,True,Library Only,1000000,3210.0,Auto-Approved,,Yes
D,Rework (Of Selling),Exclusive,Deferred/Unknown,True,True,Starting Point,0,175.0,Auto-Approved,Jo (Non-library for a C/D customer),Yes
D,Rework (Of Selling),Exclusive,Deferred/Unknown,True,True,Starting Point,1,175.003,Auto-Approved,Jo (Non-library for a C/D customer),Yes
D,Rework (Of Selling),Exclusive,Deferred/Unknown,True,True,Starting Point,1000,178.0,Auto-Approved,Jo (Non-library for a C/D customer),Yes
D,Rework (Of Selling),Exclusive,Deferred/Unknown,True,True,Starting Point,30000,265.0,Auto-Approved,Jo (Non-library for a C/D customer),Yes
D,Rework (Of Selling),Exclusive,Deferred/Unknown,True,True,Starting Point,35000,280.0,Auto-Approved,Jo (Non-library for a C/D customer),Yes
D,Rework (Of Selling),Exclusive,Deferred/Unknown,True,True,Starting Point,100000,475.0,Auto-Approved,Jo (Non-library for a C/D customer),Yes
D,Rework (Of Selling),Exclusive,Deferred/Unknown,True,True,Starting Point,115000,520.0,Auto-Approved,Jo (Non-library for a C/D customer),Yes
D,Rework (Of Selling),Exclusive,Deferred/Unknown,True,True,Starting Point,200000,775.0,Auto-Approved,Jo (Non-library for a C/D customer),Yes
D,Rework (Of Selling),Exclusive,Deferred/Unknown,True,True,Starting Point,1000000,3175.0,Auto-Approved,Jo (Non-library for a C/D customer),Yes
D,Rework (Of Selling),Exclusive,Deferred/Unknown,True,True,Creation/Unknown,0,110.0,Auto-Approved,,Yes
D,Rework (Of Selling),Exclusive,Deferred/Unknown,True,True,Creation/Unknown,1,110.003,Auto-Approved,,Yes
D,Rework (Of Selling),Exclusive,Deferred/Unknown,True,True,Creation/Unknown,1000,113.0,Auto-Approved,,Yes
D,Rework (Of Selling),Exclusive,Deferred/Unknown,True,True,Creation/Unknown,30000,200.0,Auto-Approved,,Yes
D,Rework (Of Selling),Exclusive,Deferred/Unknown,True,True,Creation/Unknown,35000,215.0,Auto-Approved,,Yes
D,Rework (Of Selling),Exclusive,Deferred/Unknown,True,True,Creation/Unknown,100000,410.0,Auto-Approved,,Yes
D,Rework (Of Selling),Exclusive,Deferred/Unknown,True,True,Creation/Unknown,115000,455.0,Auto-Approved,,Yes
D,Rework (Of Selling),Exclusive,Deferred/Unknown,True,True,Creation/Unknown,200000,710.0,Auto-Approved,,Yes
D,Rework (Of Selling),Exclusive,Deferred/Unknown,True,True,Creation/Unknown,1000000,3110.0,Auto-Approved,,Yes
D,Rework (Of Selling),Competitive,Direct,False,False,Library Only,0,110.0,Auto-Approved,,Yes
D,Rework (Of Selling),Competitive,Direct,False,False,Library Only,1,110.0025,Auto-Approved,,Yes
D,Rework (Of Selling),Competitive,Direct,False,False,Library Only,1000,112.5,Auto-Approved,,Yes
D,Rework (Of Selling),Competitive,Direct,False,False,Library Only,30000,185.0,Auto-Approved,,Yes
D,Rework (Of Selling),Competitive,Direct,False,False,Library Only,35000,197.5,Auto-Approved,,Yes
D,Rework (Of Selling),Competitive,Direct,False,False,Library Only,100000,360.0,Auto-Approved,,Yes
D,Rework (Of Selling),Competitive,Direct,False,False,Library Only,115000,397.5,Auto-Approved,,Yes
D,Rework (Of Selling),Competitive,Direct,False,False,Library Only,200000,610.0,Auto-Approved,,Yes
D,Rework (Of Selling),Competitive,Direct,False,False,Library Only,1000000,2610.0,Auto-Approved,,Yes
D,Rework (Of Selling),Competitive,Direct,False,False,Starting Point,0,75.0,Auto-Approved,Jo (Non-library for a C/D customer),Yes
D,Rework (Of Selling),Competitive,Direct,False,False,Starting Point,1,75.0025,Auto-Approved,Jo (Non-library for a C/D customer),Yes
D,Rework (Of Selling),Competitive,Direct,False,False,Starting Point,1000,77.5,Auto-Approved,Jo (Non-library for a C/D customer),Yes
D,Rework (Of Selling),Competitive,Direct,False,False,Starting Point,30000,150.0,Auto-Approved,Jo (Non-library for a C/D customer),Yes
D,Rework (Of Selling),Competitive,Direct,False,False,Starting Point,35000,162.5,Auto-Approved,Jo (Non-library for a C/D customer),Yes
D,Rework (Of Selling),Competitive,Direct,False,False,Starting Point,100000,325.0,Auto-Approved,Jo (Non-library for a C/D customer),Yes
D,Rework (Of Selling),Competitive,Direct,False,False,Starting Point,115000,362.5,Auto-Approved,Jo (Non-library for a C/D customer),Yes
D,Rework (Of Selling),Competitive,Direct,False,False,Starting Point,200000,575.0,Auto-Approved,Jo (Non-library for a C/D customer),Yes
D,Rework (Of Selling),Competitive,Direct,False,False,Starting Point,1000000,2575.0,Auto-Approved,Jo (Non-library for a C/D customer),Yes
D,Rework (Of Selling),Competitive,Direct,False,False,Creation/Unknown,0,10.0,Auto-Approved,,Yes
D,Rework (Of Selling),Competitive,Direct,False,False,Creation/Unknown,1,10.002500000000001,Auto-Approved,,Yes
D,Rework (Of Selling),Competitive,Direct,False,False,Creation/Unknown,1000,12.5,Auto-Approved,,Yes
D,Rework (Of Selling),Competitive,Direct,False,False,Creation/Unknown,30000,85.0,Auto-Approved,,Yes
D,Rework (Of Selling),Competitive,Direct,False,False,Creation/Unknown,35000,97.5,Auto-Approved,,Yes
D,Rework (Of Selling),Competitive,Direct,False,False,Creation/Unknown,100000,260.0,Auto-Approved,,Yes
D,Rework (Of Selling),Competitive,Direct,False,False,Creation/Unknown,115000,297.5,Auto-Approved,,Yes
D,Rework (Of Selling),Competitive,Direct,False,False,Creation/Unknown,200000,510.0,Auto-Approved,,Yes
D,Rework (Of Selling),Competitive,Direct,False,False,Creation/Unknown,1000000,2510.0,Auto-Approved,,Yes
D,Rework (Of Selling),Competitive,Direct,False,True,Library Only,0,210.0,Auto-Approved,,Yes
D,Rework (Of Selling),Competitive,Direct,False,True,Library Only,1,210.0025,Auto-Approved,,Yes
D,Rework (Of Selling),Competitive,Direct,False,True,Library Only,1000,212.5,Auto-Approved,,Yes
D,Rework (Of Selling),Competitive,Direct,False,True,Library Only,30000,285.0,Auto-Approved,,Yes
D,Rework (Of Selling),Competitive,Direct,False,True,Library Only,35000,297.5,Auto-Approved,,Yes
D,Rework (Of Selling),Competitive,Direct,False,True,Library Only,100000,460.0,Auto-Approved,,Yes
D,Rework (Of Selling),Competitive,Direct,False,True,Library Only,115000,497.5,Auto-Approved,,Yes
D,Rework (Of Selling),Competitive,Direct,False,True,Library Only,200000,710.0,Auto-Approved,,Yes
D,Rework (Of Selling),Competitive,Direct,False,True,Library Only,1000000,2710.0,Auto-Approved,,Yes
D,Rework (Of Selling),Competitive,Direct,False,True,Starting Point,0,175.0,Auto-Approved,Jo (Non-library for a C/D customer),Yes
D,Rework (Of Selling),Competitive,Direct,False,True,Starting Point,1,175.0025,Auto-Approved,Jo (Non-library for a C/D customer),Yes
D,Rework (Of Selling),Competitive,Direct,False,True,Starting Point,1000,177.5,Auto-Approved,Jo (Non-library for a C/D customer),Yes
D,Rework (Of Selling),Competitive,Direct,False,True,Starting Point,30000,250.0,Auto-Approved,Jo (Non-library for a C/D customer),Yes
D,Rework (Of Selling),Competitive,Direct,False,True,Starting Point,35000,262.5,Auto-Approved,Jo (Non-library for a C/D customer),Yes
D,Rework (Of Selling),Competitive,Direct,False,True,Starting Point,100000,425.0,Auto-Approved,Jo (Non-library for a C/D customer),Yes
D,Rework (Of Selling),Competitive,Direct,False,True,Starting Point,115000,462.5,Auto-Approved,Jo (Non-library for a C/D customer),Yes
D,Rework (Of Selling),Competitive,Direct,False,True,Starting Point,200000,675.0,Auto-Approved,Jo (Non-library for a C/D customer),Yes
D,Rework (Of Selling),Competitive,Direct,False,True,Starting Point,1000000,2675.0,Auto-Approved,Jo (Non-library for a C/D customer),Yes
D,Rework (Of Selling),Competitive,Direct,False,True,Creation/Unknown,0,110.0,Auto-Approved,,Yes
D,Rework (Of Selling),Competitive,Direct,False,True,Creation/Unknown,1,110.0025,Auto-Approved,,Yes
D,Rework (Of Selling),Competitive,Direct,False,True,Creation/Unknown,1000,112.5,Auto-Approved,,Yes
D,Rework (Of Selling),Competitive,Direct,False,True,Creation/Unknown,30000,185.0,Auto-Approved,,Yes
D,Rework (Of Selling),Competitive,Direct,False,True,Creation/Unknown,35000,197.5,Auto-Approved,,Yes
D,Rework (Of Selling),Competitive,Direct,False,True,Creation/Unknown,100000,360.0,Auto-Approved,,Yes
D,Rework (Of Selling),Competitive,Direct,False,True,Creation/Unknown,115000,397.5,Auto-Approved,,Yes
D,Rework (Of Selling),Competitive,Direct,False,True,Creation/Unknown,200000,610.0,Auto-Approved,,Yes
D,Rework (Of Selling),Competitive,Direct,False,True,Creation/Unknown,1000000,2610.0,Auto-Approved,,Yes
D,Rework (Of Selling),Competitive,Direct,True,False,Library Only,0,110.0,Auto-Approved,,Yes
D,Rework (Of Selling),Competitive,Direct,True,False,Library Only,1,110.0025,Auto-Approved,,Yes
D,Rework (Of Selling),Competitive,Direct,True,False,Library Only,1000,112.5,Auto-Approved,,Yes
D,Rework (Of Selling),Competitive,Direct,True,False,Library Only,30000,185.0,Auto-Approved,,Yes
D,Rework (Of Selling),Competitive,Direct,True,False,Library Only,35000,197.5,Auto-Approved,,Yes
D,Rework (Of Selling),Competitive,Direct,True,False,Library Only,100000,360.0,Auto-Approved,,Yes
D,Rework (Of Selling),Competitive,Direct,True,False,Library Only,115000,397.5,Auto-Approved,,Yes
D,Rework (Of Selling),Competitive,Direct,True,False,Library Only,200000,610.0,Auto-Approved,,Yes
D,Rework (Of Selling),Competitive,Direct,True,False,Library Only,1000000,2610.0,Auto-Approved,,Yes
D,Rework (Of Selling),Competitive,Direct,True,False,Starting Point,0,75.0,Auto-Approved,Jo (Non-library for a C/D customer),Yes
D,Rework (Of Selling),Competitive,Direct,True,False,Starting Point,1,75.0025,Auto-Approved,Jo (Non-library for a C/D customer),Yes
D,Rework (Of Selling),Competitive,Direct,True,False,Starting Point,1000,77.5,Auto-Approved,Jo (Non-library for a C/D customer),Yes
D,Rework (Of Selling),Competitive,Direct,True,False,Starting Point,30000,150.0,Auto-Approved,Jo (Non-library for a C/D customer),Yes
D,Rework (Of Selling),Competitive,Direct,True,False,Starting Point,35000,162.5,Auto-Approved,Jo (Non-library for a C/D customer),Yes
D,Rework (Of Selling),Competitive,Direct,True,False,Starting Point,100000,325.0,Auto-Approved,Jo (Non-library for a C/D customer),Yes
D,Rework (Of Selling),Competitive,Direct,True,False,Starting Point,115000,362.5,Auto-Approved,Jo (Non-library for a C/D customer),Yes
D,Rework (Of Selling),Competitive,Direct,True,False,Starting Point,200000,575.0,Auto-Approved,Jo (Non-library for a C/D customer),Yes
D,Rework (Of Selling),Competitive,Direct,True,False,Starting Point,1000000,2575.0,Auto-Approved,Jo (Non-library for a C/D customer),Yes
D,Rework (Of Selling),Competitive,Direct,True,False,Creation/Unknown,0,10.0,Auto-Approved,,Yes
D,Rework (Of Selling),Competitive,Direct,True,False,Creation/Unknown,1,10.002500000000001,Auto-Approved,,Yes
D,Rework (Of Selling),Competitive,Direct,True,False,Creation/Unknown,1000,12.5,Auto-Approved,,Yes
D,Rework (Of Selling),Competitive,Direct,True,False,Creation/Unknown,30000,85.0,Auto-Approved,,Yes
D,Rework (Of Selling),Competitive,Direct,True,False,Creation/Unknown,35000,97.5,Auto-Approved,,Yes
D,Rework (Of Selling),Competitive,Direct,True,False,Creation/Unknown,100000,260.0,Auto-Approved,,Yes
D,Rework (Of Selling),Competitive,Direct,True,False,Creation/Unknown,115000,297.5,Auto-Approved,,Yes
D,Rework (Of Selling),Competitive,Direct,True,False,Creation/Unknown,200000,510.0,Auto-Approved,,Yes
D,Rework (Of Selling),Competitive,Direct,True,False,Creation/Unknown,1000000,2510.0,Auto-Approved,,Yes
D,Rework (Of Selling),Competitive,Direct,True,True,Library Only,0,210.0,Auto-Approved,,Yes
D,Rework (Of Selling),Competitive,Direct,True,True,Library Only,1,210.0025,Auto-Approved,,Yes
D,Rework (Of Selling),Competitive,Direct,True,True,Library Only,1000,212.5,Auto-Approved,,Yes
D,Rework (Of Selling),Competitive,Direct,True,True,Library Only,30000,285.0,Auto-Approved,,Yes
D,Rework (Of Selling),Competitive,Direct,True,True,Library Only,35000,297.5,Auto-Approved,,Yes
D,Rework (Of Selling),Competitive,Direct,True,True,Library Only,100000,460.0,Auto-Approved,,Yes
D,Rework (Of Selling),Competitive,Direct,True,True,Library Only,115000,497.5,Auto-Approved,,Yes
D,Rework (Of Selling),Competitive,Direct,True,True,Library Only,200000,710.0,Auto-Approved,,Yes
D,Rework (Of Selling),Competitive,Direct,True,True,Library Only,1000000,2710.0,Auto-Approved,,Yes
D,Rework (Of Selling),Competitive,Direct,True,True,Starting Point,0,175.0,Auto-Approved,Jo (Non-library for a C/D customer),Yes
D,Rework (Of Selling),Competitive,Direct,True,True,Starting Point,1,175.0025,Auto-Approved,Jo (Non-library for a C/D customer),Yes
D,Rework (Of Selling),Competitive,Direct,True,True,Starting Point,1000,177.5,Auto-Approved,Jo (Non-library for a C/D customer),Yes
D,Rework (Of Selling),Competitive,Direct,True,True,Starting Point,30000,250.0,Auto-Approved,Jo (Non-library for a C/D customer),Yes
D,Rework (Of Selling),Competitive,Direct,True,True,Starting Point,35000,262.5,Auto-Approved,Jo (Non-library for a C/D customer),Yes
D,Rework (Of Selling),Competitive,Direct,True,True,Starting Point,100000,425.0,Auto-Approved,Jo (Non-library for a C/D customer),Yes
D,Rework (Of Selling),Competitive,Direct,True,True,Starting Point,115000,462.5,Auto-Approved,Jo (Non-library for a C/D customer),Yes
D,Rework (Of Selling),Competitive,Direct,True,True,Starting Point,200000,675.0,Auto-Approved,Jo (Non-library for a C/D customer),Yes
D,Rework (Of Selling),Competitive,Direct,True,True,Starting Point,1000000,2675.0,Auto-Approved,Jo (Non-library for a C/D customer),Yes
D,Rework (Of Selling),Competitive,Direct,True,True,Creation/Unknown,0,110.0,Auto-Approved,,Yes
D,Rework (Of Selling),Competitive,Direct,True,True,Creation/Unknown,1,110.0025,Auto-Approved,,Yes
D,Rework (Of Selling),Competitive,Direct,True,True,Creation/Unknown,1000,112.5,Auto-Approved,,Yes
D,Rework (Of Selling),Competitive,Direct,True,True,Creation/Unknown,30000,185.0,Auto-Approved,,Yes
D,Rework (Of Selling),Competitive,Direct,True,True,Creation/Unknown,35000,197.5,Auto-Approved,,Yes
D,Rework (Of Selling),Competitive,Direct,True,True,Creation/Unknown,100000,360.0,Auto-Approved,,Yes
D,Rework (Of Selling),Competitive,Direct,True,True,Creation/Unknown,115000,397.5,Auto-Approved,,Yes
D,Rework (Of Selling),Competitive,Direct,True,True,Creation/Unknown,200000,610.0,Auto-Approved,,Yes
D,Rework (Of Selling),Competitive,Direct,True,True,Creation/Unknown,1000000,2610.0,Auto-Approved,,Yes
D,Rework (Of Selling),Competitive,Deferred/Unknown,False,False,Library Only,0,110.0,Auto-Approved,,Yes
D,Rework (Of Selling),Competitive,Deferred/Unknown,False,False,Library Only,1,110.002,Auto-Approved,,Yes
D,Rework (Of Selling),Competitive,Deferred/Unknown,False,False,Library Only,1000,112.0,Auto-Approved,,Yes
D,Rework (Of Selling),Competitive,Deferred/Unknown,False,False,Library Only,30000,170.0,Auto-Approved,,Yes
D,Rework (Of Selling),Competitive,Deferred/Unknown,False,False,Library Only,35000,180.0,Auto-Approved,,Yes
D,Rework (Of Selling),Competitive,Deferred/Unknown,False,False,Library Only,100000,310.0,Auto-Approved,,Yes
D,Rework (Of Selling),Competitive,Deferred/Unknown,False,False,Library Only,115000,340.0,Auto-Approved,,Yes
D,Rework (Of Selling),Competitive,Deferred/Unknown,False,False,Library Only,200000,510.0,Auto-Approved,,Yes
D,Rework (Of Selling),Competitive,Deferred/Unknown,False,False,Library Only,1000000,2110.0,Auto-Approved,,Yes
D,Rework (Of Selling),Competitive,Deferred/Unknown,False,False,Starting Point,0,75.0,Auto-Approved,Jo (Non-library for a C/D customer),Yes
D,Rework (Of Selling),Competitive,Deferred/Unknown,False,False,Starting Point,1,75.002,Auto-Approved,Jo (Non-library for a C/D customer),Yes
D,Rework (Of Selling),Competitive,Deferred/Unknown,False,False,Starting Point,1000,77.0,Auto-Approved,Jo (Non-library for a C/D customer),Yes
D,Rework (Of Selling),Competitive,Deferred/Unknown,False,False,Starting Point,30000,135.0,Auto-Approved,Jo (Non-library for a C/D customer),Yes
D,Rework (Of Selling),Competitive,Deferred/Unknown,False,False,Starting Point,35000,145.0,Auto-Approved,Jo (Non-library for a C/D customer),Yes
D,Rework (Of Selling),Competitive,Deferred/Unknown,False,False,Starting Point,100000,275.0,Auto-Approved,Jo (Non-library for a C/D customer),Yes
D,Rework (Of Selling),Competitive,Deferred/Unknown,False,False,Starting Point,115000,305.0,Auto-Approved,Jo (Non-library for a C/D customer),Yes
D,Rework (Of Selling),Competitive,Deferred/Unknown,False,False,Starting Point,200000,475.0,Auto-Approved,Jo (Non-library for a C/D customer),Yes
D,Rework (Of Selling),Competitive,Deferred/Unknown,False,False,Starting Point,1000000,2075.0,Auto-Approved,Jo (Non-library for a C/D customer),Yes
D,Rework (Of Selling),Competitive,Deferred/Unknown,False,False,Creation/Unknown,0,10.0,Auto-Approved,,Yes
D,Rework (Of Selling),Competitive,Deferred/Unknown,False,False,Creation/Unknown,1,10.001999999999999,Auto-Approved,,Yes
D,Rework (Of Selling),Competitive,Deferred/Unknown,False,False,Creation/Unknown,1000,12.0,Auto-Approved,,Yes
D,Rework (Of Selling),Competitive,Deferred/Unknown,False,False,Creation/Unknown,30000,70.0,Auto-Approved,,Yes
D,Rework (Of Selling),Competitive,Deferred/Unknown,False,False,Creation/Unknown,35000,80.0,Auto-Approved,,Yes
D,Rework (Of Selling),Competitive,Deferred/Unknown,False,False,Creation/Unknown,100000,210.0,Auto-Approved,,Yes
D,Rework (Of Selling),Competitive,Deferred/Unknown,False,False,Creation/Unknown,115000,240.0,Auto-Approved,,Yes
D,Rework (Of Selling),Competitive,Deferred/Unknown,False,False,Creation/Unknown,200000,410.0,Auto-Approved,,Yes
D,Rework (Of Selling),Competitive,Deferred/Unknown,False,False,Creation/Unknown,1000000,2010.0,Auto-Approved,,Yes
D,Rework (Of Selling),Competitive,Deferred/Unknown,False,True,Library Only,0,210.0,Auto-Approved,,Yes
D,Rework (Of Selling),Competitive,Deferred/Unknown,False,True,Library Only,1,210.002,Auto-Approved,,Yes
D,Rework (Of Selling),Competitive,Deferred/Unknown,False,True,Library Only,1000,212.0,Auto-Approved,,Yes
D,Rework (Of Selling),Competitive,Deferred/Unknown,False,True,Library Only,30000,270.0,Auto-Approved,,Yes
D,Rework (Of Selling),Competitive,Deferred/Unknown,False,True,Library Only,35000,280.0,Auto-Approved,,Yes
D,Rework (Of Selling),Competitive,Deferred/Unknown,False,True,Library Only,100000,410.0,Auto-Approved,,Yes
D,Rework (Of Selling),Competitive,Deferred/Unknown,False,True,Library Only,115000,440.0,Auto-Approved,,Yes
D,Rework (Of Selling),Competitive,Deferred/Unknown,False,True,Library Only,200000,610.0,Auto-Approved,,Yes
D,Rework (Of Selling),Competitive,Deferred/Unknown,False,True,Library Only,1000000,2210.0,Auto-Approved,,Yes
D,Rework (Of Selling),Competitive,Deferred/Unknown,False,True,Starting Point,0,175.0,Auto-Approved,Jo (Non-library for a C/D customer),Yes
D,Rework (Of Selling),Competitive,Deferred/Unknown,False,True,Starting Point,1,175.002,Auto-Approved,Jo (Non-library for a C/D customer),Yes
D,Rework (Of Selling),Competitive,Deferred/Unknown,False,True,Starting Point,1000,177.0,Auto-Approved,Jo (Non-library for a C/D customer),Yes
D,Rework (Of Selling),Competitive,Deferred/Unknown,False,True,Starting Point,30000,235.0,Auto-Approved,Jo (Non-library for a C/D customer),Yes
D,Rework (Of Selling),Competitive,Deferred/Unknown,False,True,Starting Point,35000,245.0,Auto-Approved,Jo (Non-library for a C/D customer),Yes
D,Rework (Of Selling),Competitive,Deferred/Unknown,False,True,Starting Point,100000,375.0,Auto-Approved,Jo (Non-library for a C/D customer),Yes
D,Rework (Of Selling),Competitive,Deferred/Unknown,False,True,Starting Point,115000,405.0,Auto-Approved,Jo (Non-library for a C/D customer),Yes
D,Rework (Of Selling),Competitive,Deferred/Unknown,False,True,Starting Point,200000,575.0,Auto-Approved,Jo (Non-library for a C/D customer),Yes
D,Rework (Of Selling),Competitive,Deferred/Unknown,False,True,Starting Point,1000000,2175.0,Auto-Approved,Jo (Non-library for a C/D customer),Yes
D,Rework (Of Selling),Competitive,Deferred/Unknown,False,True,Creation/Unknown,0,110.0,Auto-Approved,,Yes
D,Rework (Of Selling),Competitive,Deferred/Unknown,False,True,Creation/Unknown,1,110.002,Auto-Approved,,Yes
D,Rework (Of Selling),Competitive,Deferred/Unknown,False,True,Creation/Unknown,1000,112.0,Auto-Approved,,Yes
D,Rework (Of Selling),Competitive,Deferred/Unknown,False,True,Creation/Unknown,30000,170.0,Auto-Approved,,Yes
D,Rework (Of Selling),Competitive,Deferred/Unknown,False,True,Creation/Unknown,35000,180.0,Auto-Approved,,Yes
D,Rework (Of Selling),Competitive,Deferred/Unknown,False,True,Creation/Unknown,100000,310.0,Auto-Approved,,Yes
D,Rework (Of Selling),Competitive,Deferred/Unknown,False,True,Creation/Unknown,115000,340.0,Auto-Approved,,Yes
D,Rework (Of Selling),Competitive,Deferred/Unknown,False,True,Creation/Unknown,200000,510.0,Auto-Approved,,Yes
D,Rework (Of Selling),Competitive,Deferred/Unknown,False,True,Creation/Unknown,1000000,2110.0,Auto-Approved,,Yes
D,Rework (Of Selling),Competitive,Deferred/Unknown,True,False,Library Only,0,110.0,Auto-Approved,,Yes
D,Rework (Of Selling),Competitive,Deferred/Unknown,True,False,Library Only,1,110.002,Auto-Approved,,Yes
D,Rework (Of Selling),Competitive,Deferred/Unknown,True,False,Library Only,1000,112.0,Auto-Approved,,Yes
D,Rework (Of Selling),Competitive,Deferred/Unknown,True,False,Library Only,30000,170.0,Auto-Approved,,Yes
D,Rework (Of Selling),Competitive,Deferred/Unknown,True,False,Library Only,35000,180.0,Auto-Approved,,Yes
D,Rework (Of Selling),Competitive,Deferred/Unknown,True,False,Library Only,100000,310.0,Auto-Approved,,Yes
D,Rework (Of Selling),Competitive,Deferred/Unknown,True,False,Library Only,115000,340.0,Auto-Approved,,Yes
D,Rework (Of Selling),Competitive,Deferred/Unknown,True,False,Library Only,200000,510.0,Auto-Approved,,Yes
D,Rework (Of Selling),Competitive,Deferred/Unknown,True,False,Library Only,1000000,2110.0,Auto-Approved,,Yes
D,Rework (Of Selling),Competitive,Deferred/Unknown,True,False,Starting Point,0,75.0,Auto-Approved,Jo (Non-library for a C/D customer),Yes
D,Rework (Of Selling),Competitive,Deferred/Unknown,True,False,Starting Point,1,75.002,Auto-Approved,Jo (Non-library for a C/D customer),Yes
D,Rework (Of Selling),Competitive,Deferred/Unknown,True,False,Starting Point,1000,77.0,Auto-Approved,Jo (Non-library for a C/D customer),Yes
D,Rework (Of Selling),Competitive,Deferred/Unknown,True,False,Starting Point,30000,135.0,Auto-Approved,Jo (Non-library for a C/D customer),Yes
D,Rework (Of Selling),Competitive,Deferred/Unknown,True,False,Starting Point,35000,145.0,Auto-Approved,Jo (Non-library for a C/D customer),Yes
D,Rework (Of Selling),Competitive,Deferred/Unknown,True,False,Starting Point,100000,275.0,Auto-Approved,Jo (Non-library for a C/D customer),Yes
D,Rework (Of Selling),Competitive,Deferred/Unknown,True,False,Starting Point,115000,305.0,Auto-Approved,Jo (Non-library for a C/D customer),Yes
D,Rework (Of Selling),Competitive,Deferred/Unknown,True,False,Starting Point,200000,475.0,Auto-Approved,Jo (Non-library for a C/D customer),Yes
D,Rework (Of Selling),Competitive,Deferred/Unknown,True,False,Starting Point,1000000,2075.0,Auto-Approved,Jo (Non-library for a C/D customer),Yes
D,Rework (Of Selling),Competitive,Deferred/Unknown,True,False,Creation/Unknown,0,10.0,Auto-Approved,,Yes
D,Rework (Of Selling),Competitive,Deferred/Unknown,True,False,Creation/Unknown,1,10.001999999999999,Auto-Approved,,Yes
D,Rework (Of Selling),Competitive,Deferred/Unknown,True,False,Creation/Unknown,1000,12.0,Auto-Approved,,Yes
D,Rework (Of Selling),Competitive,Deferred/Unknown,True,False,Creation/Unknown,30000,70.0,Auto-Approved,,Yes
D,Rework (Of Selling),Competitive,Deferred/Unknown,True,False,Creation/Unknown,35000,80.0,Auto-Approved,,Yes
D,Rework (Of Selling),Competitive,Deferred/Unknown,True,False,Creation/Unknown,100000,210.0,Auto-Approved,,Yes
D,Rework (Of Selling),Competitive,Deferred/Unknown,True,False,Creation/Unknown,115000,240.0,Auto-Approved,,Yes
D,Rework (Of Selling),Competitive,Deferred/Unknown,True,False,Creation/Unknown,200000,410.0,Auto-Approved,,Yes
D,Rework (Of Selling),Competitive,Deferred/Unknown,True,False,Creation/Unknown,1000000,2010.0,Auto-Approved,,Yes
D,Rework (Of Selling),Competitive,Deferred/Unknown,True,True,Library Only,0,210.0,Auto-Approved,,Yes
D,Rework (Of Selling),Competitive,Deferred/Unknown,True,True,Library Only,1,210.002,Auto-Approved,,Yes
D,Rework (Of Selling),Competitive,Deferred/Unknown,True,True,Library Only,1000,212.0,Auto-Approved,,Yes
D,Rework (Of Selling),Competitive,Deferred/Unknown,True,True,Library Only,30000,270.0,Auto-Approved,,Yes
D,Rework (Of Selling),Competitive,Deferred/Unknown,True,True,Library Only,35000,280.0,Auto-Approved,,Yes
D,Rework (Of Selling),Competitive,Deferred/Unknown,True,True,Library Only,100000,410.0,Auto-Approved,,Yes
D,Rework (Of Selling),Competitive,Deferred/Unknown,True,True,Library Only,115000,440.0,Auto-Approved,,Yes
D,Rework (Of Selling),Competitive,Deferred/Unknown,True,True,Library Only,200000,610.0,Auto-Approved,,Yes
D,Rework (Of Selling),Competitive,Deferred/Unknown,True,True,Library Only,1000000,2210.0,Auto-Approved,,Yes
D,Rework (Of Selling),Competitive,Deferred/Unknown,True,True,Starting Point,0,175.0,Auto-Approved,Jo (Non-library for a C/D customer),Yes
D,Rework (Of Selling),Competitive,Deferred/Unknown,True,True,Starting Point,1,175.002,Auto-Approved,Jo (Non-library for a C/D customer),Yes
D,Rework (Of Selling),Competitive,Deferred/Unknown,True,True,Starting Point,1000,177.0,Auto-Approved,Jo (Non-library for a C/D customer),Yes
D,Rework (Of Selling),Competitive,Deferred/Unknown,True,True,Starting Point,30000,235.0,Auto-Approved,Jo (Non-library for a C/D customer),Yes
D,Rework (Of Selling),Competitive,Deferred/Unknown,True,True,Starting Point,35000,245.0,Auto-Approved,Jo (Non-library for a C/D customer),Yes
D,Rework (Of Selling),Competitive,Deferred/Unknown,True,True,Starting Point,100000,375.0,Auto-Approved,Jo (Non-library for a C/D customer),Yes
D,Rework (Of Selling),Competitive,Deferred/Unknown,True,True,Starting Point,115000,405.0,Auto-Approved,Jo (Non-library for a C/D customer),Yes
D,Rework (Of Selling),Competitive,Deferred/Unknown,True,True,Starting Point,200000,575.0,Auto-Approved,Jo (Non-library for a C/D customer),Yes
D,Rework (Of Selling),Competitive,Deferred/Unknown,True,True,Starting Point,1000000,2175.0,Auto-Approved,Jo (Non-library for a C/D customer),Yes
D,Rework (Of Selling),Competitive,Deferred/Unknown,True,True,Creation/Unknown,0,110.0,Auto-Approved,,Yes
D,Rework (Of Selling),Competitive,Deferred/Unknown,True,True,Creation/Unknown,1,110.002,Auto-Approved,,Yes
D,Rework (Of Selling),Competitive,Deferred/Unknown,True,True,Creation/Unknown,1000,112.0,Auto-Approved,,Yes
D,Rework (Of Selling),Competitive,Deferred/Unknown,True,True,Creation/Unknown,30000,170.0,Auto-Approved,,Yes
D,Rework (Of Selling),Competitive,Deferred/Unknown,True,True,Creation/Unknown,35000,180.0,Auto-Approved,,Yes
D,Rework (Of Selling),Competitive,Deferred/Unknown,True,True,Creation/Unknown,100000,310.0,Auto-Approved,,Yes
D,Rework (Of Selling),Competitive,Deferred/Unknown,True,True,Creation/Unknown,115000,340.0,Auto-Approved,,Yes
D,Rework (Of Selling),Competitive,Deferred/Unknown,True,True,Creation/Unknown,200000,510.0,Auto-Approved,,Yes
D,Rework (Of Selling),Competitive,Deferred/Unknown,True,True,Creation/Unknown,1000000,2110.0,Auto-Approved,,Yes
D,Rework (Of Selling),ProActive,Direct,False,False,Library Only,0,110.0,Auto-Approved,,Yes
D,Rework (Of Selling),ProActive,Direct,False,False,Library Only,1,110.002,Auto-Approved,,Yes
D,Rework (Of Selling),ProActive,Direct,False,False,Library Only,1000,112.0,Auto-Approved,,Yes
D,Rework (Of Selling),ProActive,Direct,False,False,Library Only,30000,170.0,Auto-Approved,,Yes
D,Rework (Of Selling),ProActive,Direct,False,False,Library Only,35000,180.0,Auto-Approved,,Yes
D,Rework (Of Selling),ProActive,Direct,False,False,Library Only,100000,310.0,Auto-Approved,,Yes
D,Rework (Of Selling),ProActive,Direct,False,False,Library Only,115000,340.0,Auto-Approved,,Yes
D,Rework (Of Selling),ProActive,Direct,False,False,Library Only,200000,510.0,Auto-Approved,,Yes
D,Rework (Of Selling),ProActive,Direct,False,False,Library Only,1000000,2110.0,Auto-Approved,,Yes
D,Rework (Of Selling),ProActive,Direct,False,False,Starting Point,0,75.0,Auto-Approved,Jo (Non-library for a C/D customer),Yes
D,Rework (Of Selling),ProActive,Direct,False,False,Starting Point,1,75.002,Auto-Approved,Jo (Non-library for a C/D customer),Yes
D,Rework (Of Selling),ProActive,Direct,False,False,Starting Point,1000,77.0,Auto-Approved,Jo (Non-library for a C/D customer),Yes
D,Rework (Of Selling),ProActive,Direct,False,False,Starting Point,30000,135.0,Auto-Approved,Jo (Non-library for a C/D customer),Yes
D,Rework (Of Selling),ProActive,Direct,False,False,Starting Point,35000,145.0,Auto-Approved,Jo (Non-library for a C/D customer),Yes
D,Rework (Of Selling),ProActive,Direct,False,False,Starting Point,100000,275.0,Auto-Approved,Jo (Non-library for a C/D customer),Yes
D,Rework (Of Selling),ProActive,Direct,False,False,Starting Point,115000,305.0,Auto-Approved,Jo (Non-library for a C/D customer),Yes
D,Rework (Of Selling),ProActive,Direct,False,False,Starting Point,200000,475.0,Auto-Approved,Jo (Non-library for a C/D customer),Yes
D,Rework (Of Selling),ProActive,Direct,False,False,Starting Point,1000000,2075.0,Auto-Approved,Jo (Non-library for a C/D customer),Yes
D,Rework (Of Selling),ProActive,Direct,False,False,Creation/Unknown,0,10.0,Auto-Approved,,Yes
D,Rework (Of Selling),ProActive,Direct,False,False,Creation/Unknown,1,10.002,Auto-Approved,,Yes
D,Rework (Of Selling),ProActive,Direct,False,False,Creation/Unknown,1000,12.0,Auto-Approved,,Yes
D,Rework (Of Selling),ProActive,Direct,False,False,Creation/Unknown,30000,70.0,Auto-Approved,,Yes
D,Rework (Of Selling),ProActive,Direct,False,False,Creation/Unknown,35000,80.0,Auto-Approved,,Yes
D,Rework (Of Selling),ProActive,Direct,False,False,Creation/Unknown,100000,210.0,Auto-Approved,,Yes
D,Rework (Of Selling),ProActive,Direct,False,False,Creation/Unknown,115000,240.0,Auto-Approved,,Yes
D,Rework (Of Selling),ProActive,Direct,False,False,Creation/Unknown,200000,410.0,Auto-Approved,,Yes
D,Rework (Of Selling),ProActive,Direct,False,False,Creation/Unknown,1000000,2010.0,Auto-Approved,,Yes
D,Rework (Of Selling),ProActive,Direct,False,True,Library Only,0,210.0,Auto-Approved,,Yes
D,Rework (Of Selling),ProActive,Direct,False,True,Library Only,1,210.002,Auto-Approved,,Yes
D,Rework (Of Selling),ProActive,Direct,False,True,Library Only,1000,212.0,Auto-Approved,,Yes
D,Rework (Of Selling),ProActive,Direct,False,True,Library Only,30000,270.0,Auto-Approved,,Yes
D,Rework (Of Selling),ProActive,Direct,False,True,Library Only,35000,280.0,Auto-Approved,,Yes
D,Rework (Of Selling),ProActive,Direct,False,True,Library Only,100000,410.0,Auto-Approved,,Yes
D,Rework (Of Selling),ProActive,Direct,False,True,Library Only,115000,440.0,Auto-Approved,,Yes
D,Rework (Of Selling),ProActive,Direct,False,True,Library Only,200000,610.0,Auto-Approved,,Yes
D,Rework (Of Selling),ProActive,Direct,False,True,Library Only,1000000,2210.0,Auto-Approved,,Yes
D,Rework (Of Selling),ProActive,Direct,False,True,Starting Point,0,175.0,Auto-Approved,Jo (Non-library for a C/D customer),Yes
D,Rework (Of Selling),ProActive,Direct,False,True,Starting Point,1,175.002,Auto-Approved,Jo (Non-library for a C/D customer),Yes
D,Rework (Of Selling),ProActive,Direct,False,True,Starting Point,1000,177.0,Auto-Approved,Jo (Non-library for a C/D customer),Yes
D,Rework (Of Selling),ProActive,Direct,False,True,Starting Point,30000,235.0,Auto-Approved,Jo (Non-library for a C/D customer),Yes
D,Rework (Of Selling),ProActive,Direct,False,True,Starting Point,35000,245.0,Auto-Approved,Jo (Non-library for a C/D customer),Yes
D,Rework (Of Selling),ProActive,Direct,False,True,Starting Point,100000,375.0,Auto-Approved,Jo (Non-library for a C/D customer),Yes
D,Rework (Of Selling),ProActive,Direct,False,True,Starting Point,115000,405.0,Auto-Approved,Jo (Non-library for a C/D customer),Yes
D,Rework (Of Selling),ProActive,Direct,False,True,Starting Point,200000,575.0,Auto-Approved,Jo (Non-library for a C/D customer),Yes
D,Rework (Of Selling),ProActive,Direct,False,True,Starting Point,1000000,2175.0,Auto-Approved,Jo (Non-library for a C/D customer),Yes
D,Rework (Of Selling),ProActive,Direct,False,True,Creation/Unknown,0,110.0,Auto-Approved,,Yes
D,Rework (Of Selling),ProActive,Direct,False,True,Creation/Unknown,1,110.002,Auto-Approved,,Yes
D,Rework (Of Selling),ProActive,Direct,False,True,Creation/Unknown,1000,112.0,Auto-Approved,,Yes
D,Rework (Of Selling),ProActive,Direct,False,True,Creation/Unknown,30000,170.0,Auto-Approved,,Yes
D,Rework (Of Selling),ProActive,Direct,False,True,Creation/Unknown,35000,180.0,Auto-Approved,,Yes
D,Rework (Of Selling),ProActive,Direct,False,True,Creation/Unknown,100000,310.0,Auto-Approved,,Yes
D,Rework (Of Selling),ProActive,Direct,False,True,Creation/Unknown,115000,340.0,Auto-Approved,,Yes
D,Rework (Of Selling),ProActive,Direct,False,True,Creation/Unknown,200000,510.0,Auto-Approved,,Yes
D,Rework (Of Selling),ProActive,Direct,False,True,Creation/Unknown,1000000,2110.0,Auto-Approved,,Yes
D,Rework (Of Selling),ProActive,Direct,True,False,Library Only,0,110.0,Auto-Approved,,Yes
D,Rework (Of Selling),ProActive,Direct,True,False,Library Only,1,110.002,Auto-Approved,,Yes
D,Rework (Of Selling),ProActive,Direct,True,False,Library Only,1000,112.0,Auto-Approved,,Yes
D,Rework (Of Selling),ProActive,Direct,True,False,Library Only,30000,170.0,Auto-Approved,,Yes
D,Rework (Of Selling),ProActive,Direct,True,False,Library Only,35000,180.0,Auto-Approved,,Yes
D,Rework (Of Selling),ProActive,Direct,True,False,Library Only,100000,310.0,Auto-Approved,,Yes
D,Rework (Of Selling),ProActive,Direct,True,False,Library Only,115000,340.0,Auto-Approved,,Yes
D,Rework (Of Selling),ProActive,Direct,True,False,Library Only,200000,510.0,Auto-Approved,,Yes
D,Rework (Of Selling),ProActive,Direct,True,False,Library Only,1000000,2110.0,Auto-Approved,,Yes
D,Rework (Of Selling),ProActive,Direct,True,False,Starting Point,0,75.0,Auto-Approved,Jo (Non-library for a C/D customer),Yes
D,Rework (Of Selling),ProActive,Direct,True,False,Starting Point,1,75.002,Auto-Approved,Jo (Non-library for a C/D customer),Yes
D,Rework (Of Selling),ProActive,Direct,True,False,Starting Point,1000,77.0,Auto-Approved,Jo (Non-library for a C/D customer),Yes
D,Rework (Of Selling),ProActive,Direct,True,False,Starting Point,30000,135.0,Auto-Approved,Jo (Non-library for a C/D customer),Yes
D,Rework (Of Selling),ProActive,Direct,True,False,Starting Point,35000,145.0,Auto-Approved,Jo (Non-library for a C/D customer),Yes
D,Rework (Of Selling),ProActive,Direct,True,False,Starting Point,100000,275.0,Auto-Approved,Jo (Non-library for a C/D customer),Yes
D,Rework (Of Selling),ProActive,Direct,True,False,Starting Point,115000,305.0,Auto-Approved,Jo (Non-library for a C/D customer),Yes
D,Rework (Of Selling),ProActive,Direct,True,False,Starting Point,200000,475.0,Auto-Approved,Jo (Non-library for a C/D customer),Yes
D,Rework (Of Selling),ProActive,Direct,True,False,Starting Point,1000000,2075.0,Auto-Approved,Jo (Non-library for a C/D customer),Yes
D,Rework (Of Selling),ProActive,Direct,True,False,Creation/Unknown,0,10.0,Auto-Approved,,Yes
D,Rework (Of Selling),ProActive,Direct,True,False,Creation/Unknown,1,10.002,Auto-Approved,,Yes
D,Rework (Of Selling),ProActive,Direct,True,False,Creation/Unknown,1000,12.0,Auto-Approved,,Yes
D,Rework (Of Selling),ProActive,Direct,True,False,Creation/Unknown,30000,70.0,Auto-Approved,,Yes
D,Rework (Of Selling),ProActive,Direct,True,False,Creation/Unknown,35000,80.0,Auto-Approved,,Yes
D,Rework (Of Selling),ProActive,Direct,True,False,Creation/Unknown,100000,210.0,Auto-Approved,,Yes
D,Rework (Of Selling),ProActive,Direct,True,False,Creation/Unknown,115000,240.0,Auto-Approved,,Yes
D,Rework (Of Selling),ProActive,Direct,True,False,Creation/Unknown,200000,410.0,Auto-Approved,,Yes
D,Rework (Of Selling),ProActive,Direct,True,False,Creation/Unknown,1000000,2010.0,Auto-Approved,,Yes
D,Rework (Of Selling),ProActive,Direct,True,True,Library Only,0,210.0,Auto-Approved,,Yes
D,Rework (Of Selling),ProActive,Direct,True,True,Library Only,1,210.002,Auto-Approved,,Yes
D,Rework (Of Selling),ProActive,Direct,True,True,Library Only,1000,212.0,Auto-Approved,,Yes
D,Rework (Of Selling),ProActive,Direct,True,True,Library Only,30000,270.0,Auto-Approved,,Yes
D,Rework (Of Selling),ProActive,Direct,True,True,Library Only,35000,280.0,Auto-Approved,,Yes
D,Rework (Of Selling),ProActive,Direct,True,True,Library Only,100000,410.0,Auto-Approved,,Yes
D,Rework (Of Selling),ProActive,Direct,True,True,Library Only,115000,440.0,Auto-Approved,,Yes
D,Rework (Of Selling),ProActive,Direct,True,True,Library Only,200000,610.0,Auto-Approved,,Yes
D,Rework (Of Selling),ProActive,Direct,True,True,Library Only,1000000,2210.0,Auto-Approved,,Yes
D,Rework (Of Selling),ProActive,Direct,True,True,Starting Point,0,175.0,Auto-Approved,Jo (Non-library for a C/D customer),Yes
D,Rework (Of Selling),ProActive,Direct,True,True,Starting Point,1,175.002,Auto-Approved,Jo (Non-library for a C/D customer),Yes
D,Rework (Of Selling),ProActive,Direct,True,True,Starting Point,1000,177.0,Auto-Approved,Jo (Non-library for a C/D customer),Yes
D,Rework (Of Selling),ProActive,Direct,True,True,Starting Point,30000,235.0,Auto-Approved,Jo (Non-library for a C/D customer),Yes
D,Rework (Of Selling),ProActive,Direct,True,True,Starting Point,35000,245.0,Auto-Approved,Jo (Non-library for a C/D customer),Yes
D,Rework (Of Selling),ProActive,Direct,True,True,Starting Point,100000,375.0,Auto-Approved,Jo (Non-library for a C/D customer),Yes
D,Rework (Of Selling),ProActive,Direct,True,True,Starting Point,115000,405.0,Auto-Approved,Jo (Non-library for a C/D customer),Yes
D,Rework (Of Selling),ProActive,Direct,True,True,Starting Point,200000,575.0,Auto-Approved,Jo (Non-library for a C/D customer),Yes
D,Rework (Of Selling),ProActive,Direct,True,True,Starting Point,1000000,2175.0,Auto-Approved,Jo (Non-library for a C/D customer),Yes
D,Rework (Of Selling),ProActive,Direct,True,True,Creation/Unknown,0,110.0,Auto-Approved,,Yes
D,Rework (Of Selling),ProActive,Direct,True,True,Creation/Unknown,1,110.002,Auto-Approved,,Yes
D,Rework (Of Selling),ProActive,Direct,True,True,Creation/Unknown,1000,112.0,Auto-Approved,,Yes
D,Rework (Of Selling),ProActive,Direct,True,True,Creation/Unknown,30000,170.0,Auto-Approved,,Yes
D,Rework (Of Selling),ProActive,Direct,True,True,Creation/Unknown,35000,180.0,Auto-Approved,,Yes
D,Rework (Of Selling),ProActive,Direct,True,True,Creation/Unknown,100000,310.0,Auto-Approved,,Yes
D,Rework (Of Selling),ProActive,Direct,True,True,Creation/Unknown,115000,340.0,Auto-Approved,,Yes
D,Rework (Of Selling),ProActive,Direct,True,True,Creation/Unknown,200000,510.0,Auto-Approved,,Yes
D,Rework (Of Selling),ProActive,Direct,True,True,Creation/Unknown,1000000,2110.0,Auto-Approved,,Yes
D,Rework (Of Selling),ProActive,Deferred/Unknown,False,False,Library Only,0,110.0,Auto-Approved,,Yes
D,Rework (Of Selling),ProActive,Deferred/Unknown,False,False,Library Only,1,110.0015,Auto-Approved,,Yes
D,Rework (Of Selling),ProActive,Deferred/Unknown,False,False,Library Only,1000,111.5,Auto-Approved,,Yes
D,Rework (Of Selling),ProActive,Deferred/Unknown,False,False,Library Only,30000,155.0,Auto-Approved,,Yes
D,Rework (Of Selling),ProActive,Deferred/Unknown,False,False,Library Only,35000,162.5,Auto-Approved,,Yes
D,Rework (Of Selling),ProActive,Deferred/Unknown,False,False,Library Only,100000,260.0,Auto-Approved,,Yes
D,Rework (Of Selling),ProActive,Deferred/Unknown,False,False,Library Only,115000,282.5,Auto-Approved,,Yes
D,Rework (Of Selling),ProActive,Deferred/Unknown,False,False,Library Only,200000,410.0,Auto-Approved,,Yes
D,Rework (Of Selling),ProActive,Deferred/Unknown,False,False,Library Only,1000000,1610.0,Auto-Approved,,Yes
D,Rework (Of Selling),ProActive,Deferred/Unknown,False,False,Starting Point,0,75.0,Auto-Approved,Jo (Non-library for a C/D customer),Yes
D,Rework (Of Selling),ProActive,Deferred/Unknown,False,False,Starting Point,1,75.0015,Auto-Approved,Jo (Non-library for a C/D customer),Yes
D,Rework (Of Selling),ProActive,Deferred/Unknown,False,False,Starting Point,1000,76.5,Auto-Approved,Jo (Non-library for a C/D customer),Yes
D,Rework (Of Selling),ProActive,Deferred/Unknown,False,False,Starting Point,30000,120.0,Auto-Approved,Jo (Non-library for a C/D customer),Yes
D,Rework (Of Selling),ProActive,Deferred/Unknown,False,False,Starting Point,35000,127.5,Auto-Approved,Jo (Non-library for a C/D customer),Yes
D,Rework (Of Selling),ProActive,Deferred/Unknown,False,False,Starting Point,100000,225.0,Auto-Approved,Jo (Non-library for a C/D customer),Yes
D,Rework (Of Selling),ProActive,Deferred/Unknown,False,False,Starting Point,115000,247.5,Auto-Approved,Jo (Non-library for a C/D customer),Yes
D,Rework (Of Selling),ProActive,Deferred/Unknown,False,False,Starting Point,200000,375.0,Auto-Approved,Jo (Non-library for a C/D customer),Yes
D,Rework (Of Selling),ProActive,Deferred/Unknown,False,False,Starting Point,1000000,1575.0,Auto-Approved,Jo (Non-library for a C/D customer),Yes
D,Rework (Of Selling),ProActive,Deferred/Unknown,False,False,Creation/Unknown,0,10.0,Auto-Approved,,Yes
D,Rework (Of Selling),ProActive,Deferred/Unknown,False,False,Creation/Unknown,1,10.0015,Auto-Approved,,Yes
D,Rework (Of Selling),ProActive,Deferred/Unknown,False,False,Creation/Unknown,1000,11.5,Auto-Approved,,Yes
D,Rework (Of Selling),ProActive,Deferred/Unknown,False,False,Creation/Unknown,30000,55.0,Auto-Approved,,Yes
D,Rework (Of Selling),ProActive,Deferred/Unknown,False,False,Creation/Unknown,35000,62.5,Auto-Approved,,Yes
D,Rework (Of Selling),ProActive,Deferred/Unknown,False,False,Creation/Unknown,100000,160.0,Auto-Approved,,Yes
D,Rework (Of Selling),ProActive,Deferred/Unknown,False,False,Creation/Unknown,115000,182.5,Auto-Approved,,Yes
D,Rework (Of Selling),ProActive,Deferred/Unknown,False,False,Creation/Unknown,200000,310.0,Auto-Approved,,Yes
D,Rework (Of Selling),ProActive,Deferred/Unknown,False,False,Creation/Unknown,1000000,1510.0,Auto-Approved,,Yes
D,Rework (Of Selling),ProActive,Deferred/Unknown,False,True,Library Only,0,210.0,Auto-Approved,,Yes
D,Rework (Of Selling),ProActive,Deferred/Unknown,False,True,Library Only,1,210.0015,Auto-Approved,,Yes
D,Rework (Of Selling),ProActive,Deferred/Unknown,False,True,Library Only,1000,211.5,Auto-Approved,,Yes
D,Rework (Of Selling),ProActive,Deferred/Unknown,False,True,Library Only,30000,255.0,Auto-Approved,,Yes
D,Rework (Of Selling),ProActive,Deferred/Unknown,False,True,Library Only,35000,262.5,Auto-Approved,,Yes
D,Rework (Of Selling),ProActive,Deferred/Unknown,False,True,Library Only,100000,360.0,Auto-Approved,,Yes
D,Rework (Of Selling),ProActive,Deferred/Unknown,False,True,Library Only,115000,382.5,Auto-Approved,,Yes
D,Rework (Of Selling),ProActive,Deferred/Unknown,False,True,Library Only,200000,510.0,Auto-Approved,,Yes
D,Rework (Of Selling),ProActive,Deferred/Unknown,False,True,Library Only,1000000,1710.0,Auto-Approved,,Yes
D,Rework (Of Selling),ProActive,Deferred/Unknown,False,True,Starting Point,0,175.0,Auto-Approved,Jo (Non-library for a C/D customer),Yes
D,Rework (Of Selling),ProActive,Deferred/Unknown,False,True,Starting Point,1,175.0015,Auto-Approved,Jo (Non-library for a C/D customer),Yes
D,Rework (Of Selling),ProActive,Deferred/Unknown,False,True,Starting Point,1000,176.5,Auto-Approved,Jo (Non-library for a C/D customer),Yes
D,Rework (Of Selling),ProActive,Deferred/Unknown,False,True,Starting Point,30000,220.0,Auto-Approved,Jo (Non-library for a C/D customer),Yes
D,Rework (Of Selling),ProActive,Deferred/Unknown,False,True,Starting Point,35000,227.5,Auto-Approved,Jo (Non-library for a C/D customer),Yes
D,Rework (Of Selling),ProActive,Deferred/Unknown,False,True,Starting Point,100000,325.0,Auto-Approved,Jo (Non-library for a C/D customer),Yes
D,Rework (Of Selling),ProActive,Deferred/Unknown,False,True,Starting Point,115000,347.5,Auto-Approved,Jo (Non-library for a C/D customer),Yes
D,Rework (Of Selling),ProActive,Deferred/Unknown,False,True,Starting Point,200000,475.0,Auto-Approved,Jo (Non-library for a C/D customer),Yes
D,Rework (Of Selling),ProActive,Deferred/Unknown,False,True,Starting Point,1000000,1675.0,Auto-Approved,Jo (Non-library for a C/D customer),Yes
D,Rework (Of Selling),ProActive,Deferred/Unknown,False,True,Creation/Unknown,0,110.0,Auto-Approved,,Yes
D,Rework (Of Selling),ProActive,Deferred/Unknown,False,True,Creation/Unknown,1,110.0015,Auto-Approved,,Yes
D,Rework (Of Selling),ProActive,Deferred/Unknown,False,True,Creation/Unknown,1000,111.5,Auto-Approved,,Yes
D,Rework (Of Selling),ProActive,Deferred/Unknown,False,True,Creation/Unknown,30000,155.0,Auto-Approved,,Yes
D,Rework (Of Selling),ProActive,Deferred/Unknown,False,True,Creation/Unknown,35000,162.5,Auto-Approved,,Yes
D,Rework (Of Selling),ProActive,Deferred/Unknown,False,True,Creation/Unknown,100000,260.0,Auto-Approved,,Yes
D,Rework (Of Selling),ProActive,Deferred/Unknown,False,True,Creation/Unknown,115000,282.5,Auto-Approved,,Yes
D,Rework (Of Selling),ProActive,Deferred/Unknown,False,True,Creation/Unknown,200000,410.0,Auto-Approved,,Yes
D,Rework (Of Selling),ProActive,Deferred/Unknown,False,True,Creation/Unknown,1000000,1610.0,Auto-Approved,,Yes
D,Rework (Of Selling),ProActive,Deferred/Unknown,True,False,Library Only,0,110.0,Auto-Approved,,Yes
D,Rework (Of Selling),ProActive,Deferred/Unknown,True,False,Library Only,1,110.0015,Auto-Approved,,Yes
D,Rework (Of Selling),ProActive,Deferred/Unknown,True,False,Library Only,1000,111.5,Auto-Approved,,Yes
D,Rework (Of Selling),ProActive,Deferred/Unknown,True,False,Library Only,30000,155.0,Auto-Approved,,Yes
D,Rework (Of Selling),ProActive,Deferred/Unknown,True,False,Library Only,35000,162.5,Auto-Approved,,Yes
D,Rework (Of Selling),ProActive,Deferred/Unknown,True,False,Library Only,100000,260.0,Auto-Approved,,Yes
D,Rework (Of Selling),ProActive,Deferred/Unknown,True,False,Library Only,115000,282.5,Auto-Approved,,Yes
D,Rework (Of Selling),ProActive,Deferred/Unknown,True,False,Library Only,200000,410.0,Auto-Approved,,Yes
D,Rework (Of Selling),ProActive,Deferred/Unknown,True,False,Library Only,1000000,1610.0,Auto-Approved,,Yes
D,Rework (Of Selling),ProActive,Deferred/Unknown,True,False,Starting Point,0,75.0,Auto-Approved,Jo (Non-library for a C/D customer),Yes
D,Rework (Of Selling),ProActive,Deferred/Unknown,True,False,Starting Point,1,75.0015,Auto-Approved,Jo (Non-library for a C/D customer),Yes
D,Rework (Of Selling),ProActive,Deferred/Unknown,True,False,Starting Point,1000,76.5,Auto-Approved,Jo (Non-library for a C/D customer),Yes
D,Rework (Of Selling),ProActive,Deferred/Unknown,True,False,Starting Point,30000,120.0,Auto-Approved,Jo (Non-library for a C/D customer),Yes
D,Rework (Of Selling),ProActive,Deferred/Unknown,True,False,Starting Point,35000,127.5,Auto-Approved,Jo (Non-library for a C/D customer),Yes
D,Rework (Of Selling),ProActive,Deferred/Unknown,True,False,Starting Point,100000,225.0,Auto-Approved,Jo (Non-library for a C/D customer),Yes
D,Rework (Of Selling),ProActive,Deferred/Unknown,True,False,Starting Point,115000,247.5,Auto-Approved,Jo (Non-library for a C/D customer),Yes
D,Rework (Of Selling),ProActive,Deferred/Unknown,True,False,Starting Point,200000,375.0,Auto-Approved,Jo (Non-library for a C/D customer),Yes
D,Rework (Of Selling),ProActive,Deferred/Unknown,True,False,Starting Point,1000000,1575.0,Auto-Approved,Jo (Non-library for a C/D customer),Yes
D,Rework (Of Selling),ProActive,Deferred/Unknown,True,False,Creation/Unknown,0,10.0,Auto-Approved,,Yes
D,Rework (Of Selling),ProActive,Deferred/Unknown,True,False,Creation/Unknown,1,10.0015,Auto-Approved,,Yes
D,Rework (Of Selling),ProActive,Deferred/Unknown,True,False,Creation/Unknown,1000,11.5,Auto-Approved,,Yes
D,Rework (Of Selling),ProActive,Deferred/Unknown,True,False,Creation/Unknown,30000,55.0,Auto-Approved,,Yes
D,Rework (Of Selling),ProActive,Deferred/Unknown,True,False,Creation/Unknown,35000,62.5,Auto-Approved,,Yes
D,Rework (Of Selling),ProActive,Deferred/Unknown,True,False,Creation/Unknown,100000,160.0,Auto-Approved,,Yes
D,Rework (Of Selling),ProActive,Deferred/Unknown,True,False,Creation/Unknown,115000,182.5,Auto-Approved,,Yes
D,Rework (Of Selling),ProActive,Deferred/Unknown,True,False,Creation/Unknown,200000,310.0,Auto-Approved,,Yes
D,Rework (Of Selling),ProActive,Deferred/Unknown,True,False,Creation/Unknown,1000000,1510.0,Auto-Approved,,Yes
D,Rework (Of Selling),ProActive,Deferred/Unknown,True,True,Library Only,0,210.0,Auto-Approved,,Yes
D,Rework (Of Selling),ProActive,Deferred/Unknown,True,True,Library Only,1,210.0015,Auto-Approved,,Yes
D,Rework (Of Selling),ProActive,Deferred/Unknown,True,True,Library Only,1000,211.5,Auto-Approved,,Yes
D,Rework (Of Selling),ProActive,Deferred/Unknown,True,True,Library Only,30000,255.0,Auto-Approved,,Yes
D,Rework (Of Selling),ProActive,Deferred/Unknown,True,True,Library Only,35000,262.5,Auto-Approved,,Yes
D,Rework (Of Selling),ProActive,Deferred/Unknown,True,True,Library Only,100000,360.0,Auto-Approved,,Yes
D,Rework (Of Selling),ProActive,Deferred/Unknown,True,True,Library Only,115000,382.5,Auto-Approved,,Yes
D,Rework (Of Selling),ProActive,Deferred/Unknown,True,True,Library Only,200000,510.0,Auto-Approved,,Yes
D,Rework (Of Selling),ProActive,Deferred/Unknown,True,True,Library Only,1000000,1710.0,Auto-Approved,,Yes
D,Rework (Of Selling),ProActive,Deferred/Unknown,True,True,Starting Point,0,175.0,Auto-Approved,Jo (Non-library for a C/D customer),Yes
D,Rework (Of Selling),ProActive,Deferred/Unknown,True,True,Starting Point,1,175.0015,Auto-Approved,Jo (Non-library for a C/D customer),Yes
D,Rework (Of Selling),ProActive,Deferred/Unknown,True,True,Starting Point,1000,176.5,Auto-Approved,Jo (Non-library for a C/D customer),Yes
D,Rework (Of Selling),ProActive,Deferred/Unknown,True,True,Starting Point,30000,220.0,Auto-Approved,Jo (Non-library for a C/D customer),Yes
D,Rework (Of Selling),ProActive,Deferred/Unknown,True,True,Starting Point,35000,227.5,Auto-Approved,Jo (Non-library for a C/D customer),Yes
D,Rework (Of Selling),ProActive,Deferred/Unknown,True,True,Starting Point,100000,325.0,Auto-Approved,Jo (Non-library for a C/D customer),Yes
D,Rework (Of Selling),ProActive,Deferred/Unknown,True,True,Starting Point,115000,347.5,Auto-Approved,Jo (Non-library for a C/D customer),Yes
D,Rework (Of Selling),ProActive,Deferred/Unknown,True,True,Starting Point,200000,475.0,Auto-Approved,Jo (Non-library for a C/D customer),Yes
D,Rework (Of Selling),ProActive,Deferred/Unknown,True,True,Starting Point,1000000,1675.0,Auto-Approved,Jo (Non-library for a C/D customer),Yes
D,Rework (Of Selling),ProActive,Deferred/Unknown,True,True,Creation/Unknown,0,110.0,Auto-Approved,,Yes
D,Rework (Of Selling),ProActive,Deferred/Unknown,True,True,Creation/Unknown,1,110.0015,Auto-Approved,,Yes
D,Rework (Of Selling),ProActive,Deferred/Unknown,True,True,Creation/Unknown,1000,111.5,Auto-Approved,,Yes
D,Rework (Of Selling),ProActive,Deferred/Unknown,True,True,Creation/Unknown,30000,155.0,Auto-Approved,,Yes
D,Rework (Of Selling),ProActive,Deferred/Unknown,True,True,Creation/Unknown,35000,162.5,Auto-Approved,,Yes
D,Rework (Of Selling),ProActive,Deferred/Unknown,True,True,Creation/Unknown,100000,260.0,Auto-Approved,,Yes
D,Rework (Of Selling),ProActive,Deferred/Unknown,True,True,Creation/Unknown,115000,282.5,Auto-Approved,,Yes
D,Rework (Of Selling),ProActive,Deferred/Unknown,True,True,Creation/Unknown,200000,410.0,Auto-Approved,,Yes
D,Rework (Of Selling),ProActive,Deferred/Unknown,True,True,Creation/Unknown,1000000,1610.0,Auto-Approved,,Yes
D,Rework (Non-Selling),Exclusive,Direct,False,False,Library Only,0,110.0,Pending Approval,,No
D,Rework (Non-Selling),Exclusive,Direct,False,False,Library Only,1,110.0025,Pending Approval,,No
D,Rework (Non-Selling),Exclusive,Direct,False,False,Library Only,1000,112.5,Pending Approval,,No
D,Rework (Non-Selling),Exclusive,Direct,False,False,Library Only,30000,185.0,Auto-Approved,,No
D,Rework (Non-Selling),Exclusive,Direct,False,False,Library Only,35000,197.5,Auto-Approved,,No
D,Rework (Non-Selling),Exclusive,Direct,False,False,Library Only,100000,360.0,Auto-Approved,,No
D,Rework (Non-Selling),Exclusive,Direct,False,False,Library Only,115000,397.5,Auto-Approved,,No
D,Rework (Non-Selling),Exclusive,Direct,False,False,Library Only,200000,610.0,Auto-Approved,,No
D,Rework (Non-Selling),Exclusive,Direct,False,False,Library Only,1000000,2610.0,Auto-Approved,,No
D,Rework (Non-Selling),Exclusive,Direct,False,False,Starting Point,0,75.0,Pending Approval,Jo (Non-library for a C/D customer),No
D,Rework (Non-Selling),Exclusive,Direct,False,False,Starting Point,1,75.0025,Pending Approval,Jo (Non-library for a C/D customer),No
D,Rework (Non-Selling),Exclusive,Direct,False,False,Starting Point,1000,77.5,Pending Approval,Jo (Non-library for a C/D customer),No
D,Rework (Non-Selling),Exclusive,Direct,False,False,Starting Point,30000,150.0,Pending Approval,Jo (Non-library for a C/D customer),No
D,Rework (Non-Selling),Exclusive,Direct,False,False,Starting Point,35000,162.5,Pending Approval,Jo (Non-library for a C/D customer),No
D,Rework (Non-Selling),Exclusive,Direct,False,False,Starting Point,100000,325.0,Pending Approval,Jo (Non-library for a C/D customer),No
D,Rework (Non-Selling),Exclusive,Direct,False,False,Starting Point,115000,362.5,Pending Approval,Jo (Non-library for a C/D customer),No
D,Rework (Non-Selling),Exclusive,Direct,False,False,Starting Point,200000,575.0,Pending Approval,Jo (Non-library for a C/D customer),No
D,Rework (Non-Selling),Exclusive,Direct,False,False,Starting Point,1000000,2575.0,Pending Approval,Jo (Non-library for a C/D customer),No
D,Rework (Non-Selling),Exclusive,Direct,False,False,Creation/Unknown,0,10.0,Declined,,No
D,Rework (Non-Selling),Exclusive,Direct,False,False,Creation/Unknown,1,10.002500000000001,Declined,,No
D,Rework (Non-Selling),Exclusive,Direct,False,False,Creation/Unknown,1000,12.5,Declined,,No
D,Rework (Non-Selling),Exclusive,Direct,False,False,Creation/Unknown,30000,85.0,Pending Approval,,No
D,Rework (Non-Selling),Exclusive,Direct,False,False,Creation/Unknown,35000,97.5,Pending Approval,,No
D,Rework (Non-Selling),Exclusive,Direct,False,False,Creation/Unknown,100000,260.0,Auto-Approved,,No
D,Rework (Non-Selling),Exclusive,Direct,False,False,Creation/Unknown,115000,297.5,Auto-Approved,,No
D,Rework (Non-Selling),Exclusive,Direct,False,False,Creation/Unknown,200000,510.0,Auto-Approved,,No
D,Rework (Non-Selling),Exclusive,Direct,False,False,Creation/Unknown,1000000,2510.0,Auto-Approved,,No
D,Rework (Non-Selling),Exclusive,Direct,False,True,Library Only,0,210.0,Auto-Approved,,No
D,Rework (Non-Selling),Exclusive,Direct,False,True,Library Only,1,210.0025,Auto-Approved,,No
D,Rework (Non-Selling),Exclusive,Direct,False,True,Library Only,1000,212.5,Auto-Approved,,No
D,Rework (Non-Selling),Exclusive,Direct,False,True,Library Only,30000,285.0,Auto-Approved,,No
D,Rework (Non-Selling),Exclusive,Direct,False,True,Library Only,35000,297.5,Auto-Approved,,No
D,Rework (Non-Selling),Exclusive,Direct,False,True,Library Only,100000,460.0,Auto-Approved,,No
D,Rework (Non-Selling),Exclusive,Direct,False,True,Library Only,115000,497.5,Auto-Approved,,No
D,Rework (Non-Selling),Exclusive,Direct,False,True,Library Only,200000,710.0,Auto-Approved,,No
D,Rework (Non-Selling),Exclusive,Direct,False,True,Library Only,1000000,2710.0,Auto-Approved,,No
D,Rework (Non-Selling),Exclusive,Direct,False,True,Starting Point,0,175.0,Pending Approval,Jo (Non-library for a C/D customer),No
D,Rework (Non-Selling),Exclusive,Direct,False,True,Starting Point,1,175.0025,Pending Approval,Jo (Non-library for a C/D customer),No
D,Rework (Non-Selling),Exclusive,Direct,False,True,Starting Point,1000,177.5,Pending Approval,Jo (Non-library for a C/D customer),No
D,Rework (Non-Selling),Exclusive,Direct,False,True,Starting Point,30000,250.0,Pending Approval,Jo (Non-library for a C/D customer),No
D,Rework (Non-Selling),Exclusive,Direct,False,True,Starting Point,35000,262.5,Pending Approval,Jo (Non-library for a C/D customer),No
D,Rework (Non-Selling),Exclusive,Direct,False,True,Starting Point,100000,425.0,Pending Approval,Jo (Non-library for a C/D customer),No
D,Rework (Non-Selling),Exclusive,Direct,False,True,Starting Point,115000,462.5,Pending Approval,Jo (Non-library for a C/D customer),No
D,Rework (Non-Selling),Exclusive,Direct,False,True,Starting Point,200000,675.0,Pending Approval,Jo (Non-library for a C/D customer),No
D,Rework (Non-Selling),Exclusive,Direct,False,True,Starting Point,1000000,2675.0,Pending Approval,Jo (Non-library for a C/D customer),No
D,Rework (Non-Selling),Exclusive,Direct,False,True,Creation/Unknown,0,110.0,Pending Approval,,No
D,Rework (Non-Selling),Exclusive,Direct,False,True,Creation/Unknown,1,110.0025,Pending Approval,,No
D,Rework (Non-Selling),Exclusive,Direct,False,True,Creation/Unknown,1000,112.5,Pending Approval,,No
D,Rework (Non-Selling),Exclusive,Direct,False,True,Creation/Unknown,30000,185.0,Auto-Approved,,No
D,Rework (Non-Selling),Exclusive,Direct,False,True,Creation/Unknown,35000,197.5,Auto-Approved,,No
D,Rework (Non-Selling),Exclusive,Direct,False,True,Creation/Unknown,100000,360.0,Auto-Approved,,No
D,Rework (Non-Selling),Exclusive,Direct,False,True,Creation/Unknown,115000,397.5,Auto-Approved,,No
D,Rework (Non-Selling),Exclusive,Direct,False,True,Creation/Unknown,200000,610.0,Auto-Approved,,No
D,Rework (Non-Selling),Exclusive,Direct,False,True,Creation/Unknown,1000000,2610.0,Auto-Approved,,No
D,Rework (Non-Selling),Exclusive,Direct,True,False,Library Only,0,110.0,Auto-Approved,,Yes
D,Rework (Non-Selling),Exclusive,Direct,True,False,Library Only,1,110.0025,Auto-Approved,,Yes
D,Rework (Non-Selling),Exclusive,Direct,True,False,Library Only,1000,112.5,Auto-Approved,,Yes
D,Rework (Non-Selling),Exclusive,Direct,True,False,Library Only,30000,185.0,Auto-Approved,,Yes
D,Rework (Non-Selling),Exclusive,Direct,True,False,Library Only,35000,197.5,Auto-Approved,,Yes
D,Rework (Non-Selling),Exclusive,Direct,True,False,Library Only,100000,360.0,Auto-Approved,,Yes
D,Rework (Non-Selling),Exclusive,Direct,True,False,Library Only,115000,397.5,Auto-Approved,,Yes
D,Rework (Non-Selling),Exclusive,Direct,True,False,Library Only,200000,610.0,Auto-Approved,,Yes
D,Rework (Non-Selling),Exclusive,Direct,True,False,Library Only,1000000,2610.0,Auto-Approved,,Yes
D,Rework (Non-Selling),Exclusive,Direct,True,False,Starting Point,0,75.0,Auto-Approved,Jo (Non-library for a C/D customer),Yes
D,Rework (Non-Selling),Exclusive,Direct,True,False,Starting Point,1,75.0025,Auto-Approved,Jo (Non-library for a C/D customer),Yes
D,Rework (Non-Selling),Exclusive,Direct,True,False,Starting Point,1000,77.5,Auto-Approved,Jo (Non-library for a C/D customer),Yes
D,Rework (Non-Selling),Exclusive,Direct,True,False,Starting Point,30000,150.0,Auto-Approved,Jo (Non-library for a C/D customer),Yes
D,Rework (Non-Selling),Exclusive,Direct,True,False,Starting Point,35000,162.5,Auto-Approved,Jo (Non-library for a C/D customer),Yes
D,Rework (Non-Selling),Exclusive,Direct,True,False,Starting Point,100000,325.0,Auto-Approved,Jo (Non-library for a C/D customer),Yes
D,Rework (Non-Selling),Exclusive,Direct,True,False,Starting Point,115000,362.5,Auto-Approved,Jo (Non-library for a C/D customer),Yes
D,Rework (Non-Selling),Exclusive,Direct,True,False,Starting Point,200000,575.0,Auto-Approved,Jo (Non-library for a C/D customer),Yes
D,Rework (Non-Selling),Exclusive,Direct,True,False,Starting Point,1000000,2575.0,Auto-Approved,Jo (Non-library for a C/D customer),Yes
D,Rework (Non-Selling),Exclusive,Direct,True,False,Creation/Unknown,0,10.0,Auto-Approved,,Yes
D,Rework (Non-Selling),Exclusive,Direct,True,False,Creation/Unknown,1,10.002500000000001,Auto-Approved,,Yes
D,Rework (Non-Selling),Exclusive,Direct,True,False,Creation/Unknown,1000,12.5,Auto-Approved,,Yes
D,Rework (Non-Selling),Exclusive,Direct,True,False,Creation/Unknown,30000,85.0,Auto-Approved,,Yes
D,Rework (Non-Selling),Exclusive,Direct,True,False,Creation/Unknown,35000,97.5,Auto-Approved,,Yes
D,Rework (Non-Selling),Exclusive,Direct,True,False,Creation/Unknown,100000,260.0,Auto-Approved,,Yes
D,Rework (Non-Selling),Exclusive,Direct,True,False,Creation/Unknown,115000,297.5,Auto-Approved,,Yes
D,Rework (Non-Selling),Exclusive,Direct,True,False,Creation/Unknown,200000,510.0,Auto-Approved,,Yes
D,Rework (Non-Selling),Exclusive,Direct,True,False,Creation/Unknown,1000000,2510.0,Auto-Approved,,Yes
D,Rework (Non-Selling),Exclusive,Direct,True,True,Library Only,0,210.0,Auto-Approved,,Yes
D,Rework (Non-Selling),Exclusive,Direct,True,True,Library Only,1,210.0025,Auto-Approved,,Yes
D,Rework (Non-Selling),Exclusive,Direct,True,True,Library Only,1000,212.5,Auto-Approved,,Yes
D,Rework (Non-Selling),Exclusive,Direct,True,True,Library Only,30000,285.0,Auto-Approved,,Yes
D,Rework (Non-Selling),Exclusive,Direct,True,True,Library Only,35000,297.5,Auto-Approved,,Yes
D,Rework (Non-Selling),Exclusive,Direct,True,True,Library Only,100000,460.0,Auto-Approved,,Yes
D,Rework (Non-Selling),Exclusive,Direct,True,True,Library Only,115000,497.5,Auto-Approved,,Yes
D,Rework (Non-Selling),Exclusive,Direct,True,True,Library Only,200000,710.0,Auto-Approved,,Yes
D,Rework (Non-Selling),Exclusive,Direct,True,True,Library Only,1000000,2710.0,Auto-Approved,,Yes
D,Rework (Non-Selling),Exclusive,Direct,True,True,Starting Point,0,175.0,Auto-Approved,Jo (Non-library for a C/D customer),Yes
D,Rework (Non-Selling),Exclusive,Direct,True,True,Starting Point,1,175.0025,Auto-Approved,Jo (Non-library for a C/D customer),Yes
D,Rework (Non-Selling),Exclusive,Direct,True,True,Starting Point,1000,177.5,Auto-Approved,Jo (Non-library for a C/D customer),Yes
D,Rework (Non-Selling),Exclusive,Direct,True,True,Starting Point,30000,250.0,Auto-Approved,Jo (Non-library for a C/D customer),Yes
D,Rework (Non-Selling),Exclusive,Direct,True,True,Starting Point,35000,262.5,Auto-Approved,Jo (Non-library for a C/D customer),Yes
D,Rework (Non-Selling),Exclusive,Direct,True,True,Starting Point,100000,425.0,Auto-Approved,Jo (Non-library for a C/D customer),Yes
D,Rework (Non-Selling),Exclusive,Direct,True,True,Starting Point,115000,462.5,Auto-Approved,Jo (Non-library for a C/D customer),Yes
D,Rework (Non-Selling),Exclusive,Direct,True,True,Starting Point,200000,675.0,Auto-Approved,Jo (Non-library for a C/D customer),Yes
D,Rework (Non-Selling),Exclusive,Direct,True,True,Starting Point,1000000,2675.0,Auto-Approved,Jo (Non-library for a C/D customer),Yes
D,Rework (Non-Selling),Exclusive,Direct,True,True,Creation/Unknown,0,110.0,Auto-Approved,,Yes
D,Rework (Non-Selling),Exclusive,Direct,True,True,Creation/Unknown,1,110.0025,Auto-Approved,,Yes
D,Rework (Non-Selling),Exclusive,Direct,True,True,Creation/Unknown,1000,112.5,Auto-Approved,,Yes
D,Rework (Non-Selling),Exclusive,Direct,True,True,Creation/Unknown,30000,185.0,Auto-Approved,,Yes
D,Rework (Non-Selling),Exclusive,Direct,True,True,Creation/Unknown,35000,197.5,Auto-Approved,,Yes
D,Rework (Non-Selling),Exclusive,Direct,True,True,Creation/Unknown,100000,360.0,Auto-Approved,,Yes
D,Rework (Non-Selling),Exclusive,Direct,True,True,Creation/Unknown,115000,397.5,Auto-Approved,,Yes
D,Rework (Non-Selling),Exclusive,Direct,True,True,Creation/Unknown,200000,610.0,Auto-Approved,,Yes
D,Rework (Non-Selling),Exclusive,Direct,True,True,Creation/Unknown,1000000,2610.0,Auto-Approved,,Yes
D,Rework (Non-Selling),Exclusive,Deferred/Unknown,False,False,Library Only,0,110.0,Pending Approval,,No
D,Rework (Non-Selling),Exclusive,Deferred/Unknown,False,False,Library Only,1,110.002,Pending Approval,,No
D,Rework (Non-Selling),Exclusive,Deferred/Unknown,False,False,Library Only,1000,112.0,Pending Approval,,No
D,Rework (Non-Selling),Exclusive,Deferred/Unknown,False,False,Library Only,30000,170.0,Auto-Approved,,No
D,Rework (Non-Selling),Exclusive,Deferred/Unknown,False,False,Library Only,35000,180.0,Auto-Approved,,No
D,Rework (Non-Selling),Exclusive,Deferred/Unknown,False,False,Library Only,100000,310.0,Auto-Approved,,No
D,Rework (Non-Selling),Exclusive,Deferred/Unknown,False,False,Library Only,115000,340.0,Auto-Approved,,No
D,Rework (Non-Selling),Exclusive,Deferred/Unknown,False,False,Library Only,200000,510.0,Auto-Approved,,No
D,Rework (Non-Selling),Exclusive,Deferred/Unknown,False,False,Library Only,1000000,2110.0,Auto-Approved,,No
D,Rework (Non-Selling),Exclusive,Deferred/Unknown,False,False,Starting Point,0,75.0,Pending Approval,Jo (Non-library for a C/D customer),No
D,Rework (Non-Selling),Exclusive,Deferred/Unknown,False,False,Starting Point,1,75.002,Pending Approval,Jo (Non-library for a C/D customer),No
D,Rework (Non-Selling),Exclusive,Deferred/Unknown,False,False,Starting Point,1000,77.0,Pending Approval,Jo (Non-library for a C/D customer),No
D,Rework (Non-Selling),Exclusive,Deferred/Unknown,False,False,Starting Point,30000,135.0,Pending Approval,Jo (Non-library for a C/D customer),No
D,Rework (Non-Selling),Exclusive,Deferred/Unknown,False,False,Starting Point,35000,145.0,Pending Approval,Jo (Non-library for a C/D customer),No
D,Rework (Non-Selling),Exclusive,Deferred/Unknown,False,False,Starting Point,100000,275.0,Pending Approval,Jo (Non-library for a C/D customer),No
D,Rework (Non-Selling),Exclusive,Deferred/Unknown,False,False,Starting Point,115000,305.0,Pending Approval,Jo (Non-library for a C/D customer),No
D,Rework (Non-Selling),Exclusive,Deferred/Unknown,False,False,Starting Point,200000,475.0,Pending Approval,Jo (Non-library for a C/D customer),No
D,Rework (Non-Selling),Exclusive,Deferred/Unknown,False,False,Starting Point,1000000,2075.0,Pending Approval,Jo (Non-library for a C/D customer),No
D,Rework (Non-Selling),Exclusive,Deferred/Unknown,False,False,Creation/Unknown,0,10.0,Declined,,No
D,Rework (Non-Selling),Exclusive,Deferred/Unknown,False,False,Creation/Unknown,1,10.001999999999999,Declined,,No
D,Rework (Non-Selling),Exclusive,Deferred/Unknown,False,False,Creation/Unknown,1000,12.0,Declined,,No
D,Rework (Non-Selling),Exclusive,Deferred/Unknown,False,False,Creation/Unknown,30000,70.0,Pending Approval,,No
D,Rework (Non-Selling),Exclusive,Deferred/Unknown,False,False,Creation/Unknown,35000,80.0,Pending Approval,,No
D,Rework (Non-Selling),Exclusive,Deferred/Unknown,False,False,Creation/Unknown,100000,210.0,Auto-Approved,,No
D,Rework (Non-Selling),Exclusive,Deferred/Unknown,False,False,Creation/Unknown,115000,240.0,Auto-Approved,,No
D,Rework (Non-Selling),Exclusive,Deferred/Unknown,False,False,Creation/Unknown,200000,410.0,Auto-Approved,,No
D,Rework (Non-Selling),Exclusive,Deferred/Unknown,False,False,Creation/Unknown,1000000,2010.0,Auto-Approved,,No
D,Rework (Non-Selling),Exclusive,Deferred/Unknown,False,True,Library Only,0,210.0,Auto-Approved,,No
D,Rework (Non-Selling),Exclusive,Deferred/Unknown,False,True,Library Only,1,210.002,Auto-Approved,,No
D,Rework (Non-Selling),Exclusive,Deferred/Unknown,False,True,Library Only,1000,212.0,Auto-Approved,,No
D,Rework (Non-Selling),Exclusive,Deferred/Unknown,False,True,Library Only,30000,270.0,Auto-Approved,,No
D,Rework (Non-Selling),Exclusive,Deferred/Unknown,False,True,Library Only,35000,280.0,Auto-Approved,,No
D,Rework (Non-Selling),Exclusive,Deferred/Unknown,False,True,Library Only,100000,410.0,Auto-Approved,,No
D,Rework (Non-Selling),Exclusive,Deferred/Unknown,False,True,Library Only,115000,440.0,Auto-Approved,,No
D,Rework (Non-Selling),Exclusive,Deferred/Unknown,False,True,Library Only,200000,610.0,Auto-Approved,,No
D,Rework (Non-Selling),Exclusive,Deferred/Unknown,False,True,Library Only,1000000,2210.0,Auto-Approved,,No
D,Rework (Non-Selling),Exclusive,Deferred/Unknown,False,True,Starting Point,0,175.0,Pending Approval,Jo (Non-library for a C/D customer),No
D,Rework (Non-Selling),Exclusive,Deferred/Unknown,False,True,Starting Point,1,175.002,Pending Approval,Jo (Non-library for a C/D customer),No
D,Rework (Non-Selling),Exclusive,Deferred/Unknown,False,True,Starting Point,1000,177.0,Pending Approval,Jo (Non-library for a C/D customer),No
D,Rework (Non-Selling),Exclusive,Deferred/Unknown,False,True,Starting Point,30000,235.0,Pending Approval,Jo (Non-library for a C/D customer),No
D,Rework (Non-Selling),Exclusive,Deferred/Unknown,False,True,Starting Point,35000,245.0,Pending Approval,Jo (Non-library for a C/D customer),No
D,Rework (Non-Selling),Exclusive,Deferred/Unknown,False,True,Starting Point,100000,375.0,Pending Approval,Jo (Non-library for a C/D customer),No
D,Rework (Non-Selling),Exclusive,Deferred/Unknown,False,True,Starting Point,115000,405.0,Pending Approval,Jo (Non-library for a C/D customer),No
D,Rework (Non-Selling),Exclusive,Deferred/Unknown,False,True,Starting Point,200000,575.0,Pending Approval,Jo (Non-library for a C/D customer),No
D,Rework (Non-Selling),Exclusive,Deferred/Unknown,False,True,Starting Point,1000000,2175.0,Pending Approval,Jo (Non-library for a C/D customer),No
D,Rework (Non-Selling),Exclusive,Deferred/Unknown,False,True,Creation/Unknown,0,110.0,Pending Approval,,No
D,Rework (Non-Selling),Exclusive,Deferred/Unknown,False,True,Creation/Unknown,1,110.002,Pending Approval,,No
D,Rework (Non-Selling),Exclusive,Deferred/Unknown,False,True,Creation/Unknown,1000,112.0,Pending Approval,,No
D,Rework (Non-Selling),Exclusive,Deferred/Unknown,False,True,Creation/Unknown,30000,170.0,Auto-Approved,,No
D,Rework (Non-Selling),Exclusive,Deferred/Unknown,False,True,Creation/Unknown,35000,180.0,Auto-Approved,,No
D,Rework (Non-Selling),Exclusive,Deferred/Unknown,False,True,Creation/Unknown,100000,310.0,Auto-Approved,,No
D,Rework (Non-Selling),Exclusive,Deferred/Unknown,False,True,Creation/Unknown,115000,340.0,Auto-Approved,,No
D,Rework (Non-Selling),Exclusive,Deferred/Unknown,False,True,Creation/Unknown,200000,510.0,Auto-Approved,,No
D,Rework (Non-Selling),Exclusive,Deferred/Unknown,False,True,Creation/Unknown,1000000,2110.0,Auto-Approved,,No
D,Rework (Non-Selling),Exclusive,Deferred/Unknown,True,False,Library Only,0,110.0,Auto-Approved,,Yes
D,Rework (Non-Selling),Exclusive,Deferred/Unknown,True,False,Library Only,1,110.002,Auto-Approved,,Yes
D,Rework (Non-Selling),Exclusive,Deferred/Unknown,True,False,Library Only,1000,112.0,Auto-Approved,,Yes
D,Rework (Non-Selling),Exclusive,Deferred/Unknown,True,False,Library Only,30000,170.0,Auto-Approved,,Yes
D,Rework (Non-Selling),Exclusive,Deferred/Unknown,True,False,Library Only,35000,180.0,Auto-Approved,,Yes
D,Rework (Non-Selling),Exclusive,Deferred/Unknown,True,False,Library Only,100000,310.0,Auto-Approved,,Yes
D,Rework (Non-Selling),Exclusive,Deferred/Unknown,True,False,Library Only,115000,340.0,Auto-Approved,,Yes
D,Rework (Non-Selling),Exclusive,Deferred/Unknown,True,False,Library Only,200000,510.0,Auto-Approved,,Yes
D,Rework (Non-Selling),Exclusive,Deferred/Unknown,True,False,Library Only,1000000,2110.0,Auto-Approved,,Yes
D,Rework (Non-Selling),Exclusive,Deferred/Unknown,True,False,Starting Point,0,75.0,Auto-Approved,Jo (Non-library for a C/D customer),Yes
D,Rework (Non-Selling),Exclusive,Deferred/Unknown,True,False,Starting Point,1,75.002,Auto-Approved,Jo (Non-library for a C/D customer),Yes
D,Rework (Non-Selling),Exclusive,Deferred/Unknown,True,False,Starting Point,1000,77.0,Auto-Approved,Jo (Non-library for a C/D customer),Yes
D,Rework (Non-Selling),Exclusive,Deferred/Unknown,True,False,Starting Point,30000,135.0,Auto-Approved,Jo (Non-library for a C/D customer),Yes
D,Rework (Non-Selling),Exclusive,Deferred/Unknown,True,False,Starting Point,35000,145.0,Auto-Approved,Jo (Non-library for a C/D customer),Yes
D,Rework (Non-Selling),Exclusive,Deferred/Unknown,True,False,Starting Point,100000,275.0,Auto-Approved,Jo (Non-library for a C/D customer),Yes
D,Rework (Non-Selling),Exclusive,Deferred/Unknown,True,False,Starting Point,115000,305.0,Auto-Approved,Jo (Non-library for a C/D customer),Yes
D,Rework (Non-Selling),Exclusive,Deferred/Unknown,True,False,Starting Point,200000,475.0,Auto-Approved,Jo (Non-library for a C/D customer),Yes
D,Rework (Non-Selling),Exclusive,Deferred/Unknown,True,False,Starting Point,1000000,2075.0,Auto-Approved,Jo (Non-library for a C/D customer),Yes
D,Rework (Non-Selling),Exclusive,Deferred/Unknown,True,False,Creation/Unknown,0,10.0,Auto-Approved,,Yes
D,Rework (Non-Selling),Exclusive,Deferred/Unknown,True,False,Creation/Unknown,1,10.001999999999999,Auto-Approved,,Yes
D,Rework (Non-Selling),Exclusive,Deferred/Unknown,True,False,Creation/Unknown,1000,12.0,Auto-Approved,,Yes
D,Rework (Non-Selling),Exclusive,Deferred/Unknown,True,False,Creation/Unknown,30000,70.0,Auto-Approved,,Yes
D,Rework (Non-Selling),Exclusive,Deferred/Unknown,True,False,Creation/Unknown,35000,80.0,Auto-Approved,,Yes
D,Rework (Non-Selling),Exclusive,Deferred/Unknown,True,False,Creation/Unknown,100000,210.0,Auto-Approved,,Yes
D,Rework (Non-Selling),Exclusive,Deferred/Unknown,True,False,Creation/Unknown,115000,240.0,Auto-Approved,,Yes
D,Rework (Non-Selling),Exclusive,Deferred/Unknown,True,False,Creation/Unknown,200000,410.0,Auto-Approved,,Yes
D,Rework (Non-Selling),Exclusive,Deferred/Unknown,True,False,Creation/Unknown,1000000,2010.0,Auto-Approved,,Yes
D,Rework (Non-Selling),Exclusive,Deferred/Unknown,True,True,Library Only,0,210.0,Auto-Approved,,Yes
D,Rework (Non-Selling),Exclusive,Deferred/Unknown,True,True,Library Only,1,210.002,Auto-Approved,,Yes
D,Rework (Non-Selling),Exclusive,Deferred/Unknown,True,True,Library Only,1000,212.0,Auto-Approved,,Yes
D,Rework (Non-Selling),Exclusive,Deferred/Unknown,True,True,Library Only,30000,270.0,Auto-Approved,,Yes
D,Rework (Non-Selling),Exclusive,Deferred/Unknown,True,True,Library Only,35000,280.0,Auto-Approved,,Yes
D,Rework (Non-Selling),Exclusive,Deferred/Unknown,True,True,Library Only,100000,410.0,Auto-Approved,,Yes
D,Rework (Non-Selling),Exclusive,Deferred/Unknown,True,True,Library Only,115000,440.0,Auto-Approved,,Yes
D,Rework (Non-Selling),Exclusive,Deferred/Unknown,True,True,Library Only,200000,610.0,Auto-Approved,,Yes
D,Rework (Non-Selling),Exclusive,Deferred/Unknown,True,True,Library Only,1000000,2210.0,Auto-Approved,,Yes
D,Rework (Non-Selling),Exclusive,Deferred/Unknown,True,True,Starting Point,0,175.0,Auto-Approved,Jo (Non-library for a C/D customer),Yes
D,Rework (Non-Selling),Exclusive,Deferred/Unknown,True,True,Starting Point,1,175.002,Auto-Approved,Jo (Non-library for a C/D customer),Yes
D,Rework (Non-Selling),Exclusive,Deferred/Unknown,True,True,Starting Point,1000,177.0,Auto-Approved,Jo (Non-library for a C/D customer),Yes
D,Rework (Non-Selling),Exclusive,Deferred/Unknown,True,True,Starting Point,30000,235.0,Auto-Approved,Jo (Non-library for a C/D customer),Yes
D,Rework (Non-Selling),Exclusive,Deferred/Unknown,True,True,Starting Point,35000,245.0,Auto-Approved,Jo (Non-library for a C/D customer),Yes
D,Rework (Non-Selling),Exclusive,Deferred/Unknown,True,True,Starting Point,100000,375.0,Auto-Approved,Jo (Non-library for a C/D customer),Yes
D,Rework (Non-Selling),Exclusive,Deferred/Unknown,True,True,Starting Point,115000,405.0,Auto-Approved,Jo (Non-library for a C/D customer),Yes
D,Rework (Non-Selling),Exclusive,Deferred/Unknown,True,True,Starting Point,200000,575.0,Auto-Approved,Jo (Non-library for a C/D customer),Yes
D,Rework (Non-Selling),Exclusive,Deferred/Unknown,True,True,Starting Point,1000000,2175.0,Auto-Approved,Jo (Non-library for a C/D customer),Yes
D,Rework (Non-Selling),Exclusive,Deferred/Unknown,True,True,Creation/Unknown,0,110.0,Auto-Approved,,Yes
D,Rework (Non-Selling),Exclusive,Deferred/Unknown,True,True,Creation/Unknown,1,110.002,Auto-Approved,,Yes
D,Rework (Non-Selling),Exclusive,Deferred/Unknown,True,True,Creation/Unknown,1000,112.0,Auto-Approved,,Yes
D,Rework (Non-Selling),Exclusive,Deferred/Unknown,True,True,Creation/Unknown,30000,170.0,Auto-Approved,,Yes
D,Rework (Non-Selling),Exclusive,Deferred/Unknown,True,True,Creation/Unknown,35000,180.0,Auto-Approved,,Yes
D,Rework (Non-Selling),Exclusive,Deferred/Unknown,True,True,Creation/Unknown,100000,310.0,Auto-Approved,,Yes
D,Rework (Non-Selling),Exclusive,Deferred/Unknown,True,True,Creation/Unknown,115000,340.0,Auto-Approved,,Yes
D,Rework (Non-Selling),Exclusive,Deferred/Unknown,True,True,Creation/Unknown,200000,510.0,Auto-Approved,,Yes
D,Rework (Non-Selling),Exclusive,Deferred/Unknown,True,True,Creation/Unknown,1000000,2110.0,Auto-Approved,,Yes
D,Rework (Non-Selling),Competitive,Direct,False,False,Library Only,0,110.0,Pending Approval,,No
D,Rework (Non-Selling),Competitive,Direct,False,False,Library Only,1,110.0015,Pending Approval,,No
D,Rework (Non-Selling),Competitive,Direct,False,False,Library Only,1000,111.5,Pending Approval,,No
D,Rework (Non-Selling),Competitive,Direct,False,False,Library Only,30000,155.0,Auto-Approved,,No
D,Rework (Non-Selling),Competitive,Direct,False,False,Library Only,35000,162.5,Auto-Approved,,No
D,Rework (Non-Selling),Competitive,Direct,False,False,Library Only,100000,260.0,Auto-Approved,,No
D,Rework (Non-Selling),Competitive,Direct,False,False,Library Only,115000,282.5,Auto-Approved,,No
D,Rework (Non-Selling),Competitive,Direct,False,False,Library Only,200000,410.0,Auto-Approved,,No
D,Rework (Non-Selling),Competitive,Direct,False,False,Library Only,1000000,1610.0,Auto-Approved,,No
D,Rework (Non-Selling),Competitive,Direct,False,False,Starting Point,0,75.0,Pending Approval,Jo (Non-library for a C/D customer),No
D,Rework (Non-Selling),Competitive,Direct,False,False,Starting Point,1,75.0015,Pending Approval,Jo (Non-library for a C/D customer),No
D,Rework (Non-Selling),Competitive,Direct,False,False,Starting Point,1000,76.5,Pending Approval,Jo (Non-library for a C/D customer),No
D,Rework (Non-Selling),Competitive,Direct,False,False,Starting Point,30000,120.0,Pending Approval,Jo (Non-library for a C/D customer),No
D,Rework (Non-Selling),Competitive,Direct,False,False,Starting Point,35000,127.5,Pending Approval,Jo (Non-library for a C/D customer),No
D,Rework (Non-Selling),Competitive,Direct,False,False,Starting Point,100000,225.0,Pending Approval,Jo (Non-library for a C/D customer),No
D,Rework (Non-Selling),Competitive,Direct,False,False,Starting Point,115000,247.5,Pending Approval,Jo (Non-library for a C/D customer),No
D,Rework (Non-Selling),Competitive,Direct,False,False,Starting Point,200000,375.0,Pending Approval,Jo (Non-library for a C/D customer),No
D,Rework (Non-Selling),Competitive,Direct,False,False,Starting Point,1000000,1575.0,Pending Approval,Jo (Non-library for a C/D customer),No
D,Rework (Non-Selling),Competitive,Direct,False,False,Creation/Unknown,0,10.0,Declined,,No
D,Rework (Non-Selling),Competitive,Direct,False,False,Creation/Unknown,1,10.0015,Declined,,No
D,Rework (Non-Selling),Competitive,Direct,False,False,Creation/Unknown,1000,11.5,Declined,,No
D,Rework (Non-Selling),Competitive,Direct,False,False,Creation/Unknown,30000,55.0,Pending Approval,,No
D,Rework (Non-Selling),Competitive,Direct,False,False,Creation/Unknown,35000,62.5,Pending Approval,,No
D,Rework (Non-Selling),Competitive,Direct,False,False,Creation/Unknown,100000,160.0,Auto-Approved,,No
D,Rework (Non-Selling),Competitive,Direct,False,False,Creation/Unknown,115000,182.5,Auto-Approved,,No
D,Rework (Non-Selling),Competitive,Direct,False,False,Creation/Unknown,200000,310.0,Auto-Approved,,No
D,Rework (Non-Selling),Competitive,Direct,False,False,Creation/Unknown,1000000,1510.0,Auto-Approved,,No
D,Rework (Non-Selling),Competitive,Direct,False,True,Library Only,0,210.0,Auto-Approved,,No
D,Rework (Non-Selling),Competitive,Direct,False,True,Library Only,1,210.0015,Auto-Approved,,No
D,Rework (Non-Selling),Competitive,Direct,False,True,Library Only,1000,211.5,Auto-Approved,,No
D,Rework (Non-Selling),Competitive,Direct,False,True,Library Only,30000,255.0,Auto-Approved,,No
D,Rework (Non-Selling),Competitive,Direct,False,True,Library Only,35000,262.5,Auto-Approved,,No
D,Rework (Non-Selling),Competitive,Direct,False,True,Library Only,100000,360.0,Auto-Approved,,No
D,Rework (Non-Selling),Competitive,Direct,False,True,Library Only,115000,382.5,Auto-Approved,,No
D,Rework (Non-Selling),Competitive,Direct,False,True,Library Only,200000,510.0,Auto-Approved,,No
D,Rework (Non-Selling),Competitive,Direct,False,True,Library Only,1000000,1710.0,Auto-Approved,,No
D,Rework (Non-Selling),Competitive,Direct,False,True,Starting Point,0,175.0,Pending Approval,Jo (Non-library for a C/D customer),No
D,Rework (Non-Selling),Competitive,Direct,False,True,Starting Point,1,175.0015,Pending Approval,Jo (Non-library for a C/D customer),No
D,Rework (Non-Selling),Competitive,Direct,False,True,Starting Point,1000,176.5,Pending Approval,Jo (Non-library for a C/D customer),No
D,Rework (Non-Selling),Competitive,Direct,False,True,Starting Point,30000,220.0,Pending Approval,Jo (Non-library for a C/D customer),No
D,Rework (Non-Selling),Competitive,Direct,False,True,Starting Point,35000,227.5,Pending Approval,Jo (Non-library for a C/D customer),No
D,Rework (Non-Selling),Competitive,Direct,False,True,Starting Point,100000,325.0,Pending Approval,Jo (Non-library for a C/D customer),No
D,Rework (Non-Selling),Competitive,Direct,False,True,Starting Point,115000,347.5,Pending Approval,Jo (Non-library for a C/D customer),No
D,Rework (Non-Selling),Competitive,Direct,False,True,Starting Point,200000,475.0,Pending Approval,Jo (Non-library for a C/D customer),No
D,Rework (Non-Selling),Competitive,Direct,False,True,Starting Point,1000000,1675.0,Pending Approval,Jo (Non-library for a C/D customer),No
D,Rework (Non-Selling),Competitive,Direct,False,True,Creation/Unknown,0,110.0,Pending Approval,,No
D,Rework (Non-Selling),Competitive,Direct,False,True,Creation/Unknown,1,110.0015,Pending Approval,,No
D,Rework (Non-Selling),Competitive,Direct,False,True,Creation/Unknown,1000,111.5,Pending Approval,,No
D,Rework (Non-Selling),Competitive,Direct,False,True,Creation/Unknown,30000,155.0,Auto-Approved,,No
D,Rework (Non-Selling),Competitive,Direct,False,True,Creation/Unknown,35000,162.5,Auto-Approved,,No
D,Rework (Non-Selling),Competitive,Direct,False,True,Creation/Unknown,100000,260.0,Auto-Approved,,No
D,Rework (Non-Selling),Competitive,Direct,False,True,Creation/Unknown,115000,282.5,Auto-Approved,,No
D,Rework (Non-Selling),Competitive,Direct,False,True,Creation/Unknown,200000,410.0,Auto-Approved,,No
D,Rework (Non-Selling),Competitive,Direct,False,True,Creation/Unknown,1000000,1610.0,Auto-Approved,,No
D,Rework (Non-Selling),Competitive,Direct,True,False,Library Only,0,110.0,Auto-Approved,,Yes
D,Rework (Non-Selling),Competitive,Direct,True,False,Library Only,1,110.0015,Auto-Approved,,Yes
D,Rework (Non-Selling),Competitive,Direct,True,False,Library Only,1000,111.5,Auto-Approved,,Yes
D,Rework (Non-Selling),Competitive,Direct,True,False,Library Only,30000,155.0,Auto-Approved,,Yes
D,Rework (Non-Selling),Competitive,Direct,True,False,Library Only,35000,162.5,Auto-Approved,,Yes
D,Rework (Non-Selling),Competitive,Direct,True,False,Library Only,100000,260.0,Auto-Approved,,Yes
D,Rework (Non-Selling),Competitive,Direct,True,False,Library Only,115000,282.5,Auto-Approved,,Yes
D,Rework (Non-Selling),Competitive,Direct,True,False,Library Only,200000,410.0,Auto-Approved,,Yes
D,Rework (Non-Selling),Competitive,Direct,True,False,Library Only,1000000,1610.0,Auto-Approved,,Yes
D,Rework (Non-Selling),Competitive,Direct,True,False,Starting Point,0,75.0,Auto-Approved,Jo (Non-library for a C/D customer),Yes
D,Rework (Non-Selling),Competitive,Direct,True,False,Starting Point,1,75.0015,Auto-Approved,Jo (Non-library for a C/D customer),Yes
D,Rework (Non-Selling),Competitive,Direct,True,False,Starting Point,1000,76.5,Auto-Approved,Jo (Non-library for a C/D customer),Yes
D,Rework (Non-Selling),Competitive,Direct,True,False,Starting Point,30000,120.0,Auto-Approved,Jo (Non-library for a C/D customer),Yes
D,Rework (Non-Selling),Competitive,Direct,True,False,Starting Point,35000,127.5,Auto-Approved,Jo (Non-library for a C/D customer),Yes
D,Rework (Non-Selling),Competitive,Direct,True,False,Starting Point,100000,225.0,Auto-Approved,Jo (Non-library for a C/D customer),Yes
D,Rework (Non-Selling),Competitive,Direct,True,False,Starting Point,115000,247.5,Auto-Approved,Jo (Non-library for a C/D customer),Yes
D,Rework (Non-Selling),Competitive,Direct,True,False,Starting Point,200000,375.0,Auto-Approved,Jo (Non-library for a C/D customer),Yes
D,Rework (Non-Selling),Competitive,Direct,True,False,Starting Point,1000000,1575.0,Auto-Approved,Jo (Non-library for a C/D customer),Yes
D,Rework (Non-Selling),Competitive,Direct,True,False,Creation/Unknown,0,10.0,Auto-Approved,,Yes
D,Rework (Non-Selling),Competitive,Direct,True,False,Creation/Unknown,1,10.0015,Auto-Approved,,Yes
D,Rework (Non-Selling),Competitive,Direct,True,False,Creation/Unknown,1000,11.5,Auto-Approved,,Yes
D,Rework (Non-Selling),Competitive,Direct,True,False,Creation/Unknown,30000,55.0,Auto-Approved,,Yes
D,Rework (Non-Selling),Competitive,Direct,True,False,Creation/Unknown,35000,62.5,Auto-Approved,,Yes
D,Rework (Non-Selling),Competitive,Direct,True,False,Creation/Unknown,100000,160.0,Auto-Approved,,Yes
D,Rework (Non-Selling),Competitive,Direct,True,False,Creation/Unknown,115000,182.5,Auto-Approved,,Yes
D,Rework (Non-Selling),Competitive,Direct,True,False,Creation/Unknown,200000,310.0,Auto-Approved,,Yes
D,Rework (Non-Selling),Competitive,Direct,True,False,Creation/Unknown,1000000,1510.0,Auto-Approved,,Yes
D,Rework (Non-Selling),Competitive,Direct,True,True,Library Only,0,210.0,Auto-Approved,,Yes
D,Rework (Non-Selling),Competitive,Direct,True,True,Library Only,1,210.0015,Auto-Approved,,Yes
D,Rework (Non-Selling),Competitive,Direct,True,True,Library Only,1000,211.5,Auto-Approved,,Yes
D,Rework (Non-Selling),Competitive,Direct,True,True,Library Only,30000,255.0,Auto-Approved,,Yes
D,Rework (Non-Selling),Competitive,Direct,True,True,Library Only,35000,262.5,Auto-Approved,,Yes
D,Rework (Non-Selling),Competitive,Direct,True,True,Library Only,100000,360.0,Auto-Approved,,Yes
D,Rework (Non-Selling),Competitive,Direct,True,True,Library Only,115000,382.5,Auto-Approved,,Yes
D,Rework (Non-Selling),Competitive,Direct,True,True,Library Only,200000,510.0,Auto-Approved,,Yes
D,Rework (Non-Selling),Competitive,Direct,True,True,Library Only,1000000,1710.0,Auto-Approved,,Yes
D,Rework (Non-Selling),Competitive,Direct,True,True,Starting Point,0,175.0,Auto-Approved,Jo (Non-library for a C/D customer),Yes
D,Rework (Non-Selling),Competitive,Direct,True,True,Starting Point,1,175.0015,Auto-Approved,Jo (Non-library for a C/D customer),Yes
D,Rework (Non-Selling),Competitive,Direct,True,True,Starting Point,1000,176.5,Auto-Approved,Jo (Non-library for a C/D customer),Yes
D,Rework (Non-Selling),Competitive,Direct,True,True,Starting Point,30000,220.0,Auto-Approved,Jo (Non-library for a C/D customer),Yes
D,Rework (Non-Selling),Competitive,Direct,True,True,Starting Point,35000,227.5,Auto-Approved,Jo (Non-library for a C/D customer),Yes
D,Rework (Non-Selling),Competitive,Direct,True,True,Starting Point,100000,325.0,Auto-Approved,Jo (Non-library for a C/D customer),Yes
D,Rework (Non-Selling),Competitive,Direct,True,True,Starting Point,115000,347.5,Auto-Approved,Jo (Non-library for a C/D customer),Yes
D,Rework (Non-Selling),Competitive,Direct,True,True,Starting Point,200000,475.0,Auto-Approved,Jo (Non-library for a C/D customer),Yes
D,Rework (Non-Selling),Competitive,Direct,True,True,Starting Point,1000000,1675.0,Auto-Approved,Jo (Non-library for a C/D customer),Yes
D,Rework (Non-Selling),Competitive,Direct,True,True,Creation/Unknown,0,110.0,Auto-Approved,,Yes
D,Rework (Non-Selling),Competitive,Direct,True,True,Creation/Unknown,1,110.0015,Auto-Approved,,Yes
D,Rework (Non-Selling),Competitive,Direct,True,True,Creation/Unknown,1000,111.5,Auto-Approved,,Yes
D,Rework (Non-Selling),Competitive,Direct,True,True,Creation/Unknown,30000,155.0,Auto-Approved,,Yes
D,Rework (Non-Selling),Competitive,Direct,True,True,Creation/Unknown,35000,162.5,Auto-Approved,,Yes
D,Rework (Non-Selling),Competitive,Direct,True,True,Creation/Unknown,100000,260.0,Auto-Approved,,Yes
D,Rework (Non-Selling),Competitive,Direct,True,True,Creation/Unknown,115000,282.5,Auto-Approved,,Yes
D,Rework (Non-Selling),Competitive,Direct,True,True,Creation/Unknown,200000,410.0,Auto-Approved,,Yes
D,Rework (Non-Selling),Competitive,Direct,True,True,Creation/Unknown,1000000,1610.0,Auto-Approved,,Yes
D,Rework (Non-Selling),Competitive,Deferred/Unknown,False,False,Library Only,0,110.0,Pending Approval,,No
D,Rework (Non-Selling),Competitive,Deferred/Unknown,False,False,Library Only,1,110.001,Pending Approval,,No
D,Rework (Non-Selling),Competitive,Deferred/Unknown,False,False,Library Only,1000,111.0,Pending Approval,,No
D,Rework (Non-Selling),Competitive,Deferred/Unknown,False,False,Library Only,30000,140.0,Auto-Approved,,No
D,Rework (Non-Selling),Competitive,Deferred/Unknown,False,False,Library Only,35000,145.0,Auto-Approved,,No
D,Rework (Non-Selling),Competitive,Deferred/Unknown,False,False,Library Only,100000,210.0,Auto-Approved,,No
D,Rework (Non-Selling),Competitive,Deferred/Unknown,False,False,Library Only,115000,225.0,Auto-Approved,,No
D,Rework (Non-Selling),Competitive,Deferred/Unknown,False,False,Library Only,200000,310.0,Auto-Approved,,No
D,Rework (Non-Selling),Competitive,Deferred/Unknown,False,False,Library Only,1000000,1110.0,Auto-Approved,,No
D,Rework (Non-Selling),Competitive,Deferred/Unknown,False,False,Starting Point,0,75.0,Pending Approval,Jo (Non-library for a C/D customer),No
D,Rework (Non-Selling),Competitive,Deferred/Unknown,False,False,Starting Point,1,75.001,Pending Approval,Jo (Non-library for a C/D customer),No
D,Rework (Non-Selling),Competitive,Deferred/Unknown,False,False,Starting Point,1000,76.0,Pending Approval,Jo (Non-library for a C/D customer),No
D,Rework (Non-Selling),Competitive,Deferred/Unknown,False,False,Starting Point,30000,105.0,Pending Approval,Jo (Non-library for a C/D customer),No
D,Rework (Non-Selling),Competitive,Deferred/Unknown,False,False,Starting Point,35000,110.0,Pending Approval,Jo (Non-library for a C/D customer),No
D,Rework (Non-Selling),Competitive,Deferred/Unknown,False,False,Starting Point,100000,175.0,Pending Approval,Jo (Non-library for a C/D customer),No
D,Rework (Non-Selling),Competitive,Deferred/Unknown,False,False,Starting Point,115000,190.0,Pending Approval,Jo (Non-library for a C/D customer),No
D,Rework (Non-Selling),Competitive,Deferred/Unknown,False,False,Starting Point,200000,275.0,Pending Approval,Jo (Non-library for a C/D customer),No
D,Rework (Non-Selling),Competitive,Deferred/Unknown,False,False,Starting Point,1000000,1075.0,Pending Approval,Jo (Non-library for a C/D customer),No
D,Rework (Non-Selling),Competitive,Deferred/Unknown,False,False,Creation/Unknown,0,10.0,Declined,,No
D,Rework (Non-Selling),Competitive,Deferred/Unknown,False,False,Creation/Unknown,1,10.001,Declined,,No
D,Rework (Non-Selling),Competitive,Deferred/Unknown,False,False,Creation/Unknown,1000,11.0,Declined,,No
D,Rework (Non-Selling),Competitive,Deferred/Unknown,False,False,Creation/Unknown,30000,40.0,Pending Approval,,No
D,Rework (Non-Selling),Competitive,Deferred/Unknown,False,False,Creation/Unknown,35000,45.0,Pending Approval,,No
D,Rework (Non-Selling),Competitive,Deferred/Unknown,False,False,Creation/Unknown,100000,110.0,Pending Approval,,No
D,Rework (Non-Selling),Competitive,Deferred/Unknown,False,False,Creation/Unknown,115000,125.0,Auto-Approved,,No
D,Rework (Non-Selling),Competitive,Deferred/Unknown,False,False,Creation/Unknown,200000,210.0,Auto-Approved,,No
D,Rework (Non-Selling),Competitive,Deferred/Unknown,False,False,Creation/Unknown,1000000,1010.0,Auto-Approved,,No
D,Rework (Non-Selling),Competitive,Deferred/Unknown,False,True,Library Only,0,210.0,Auto-Approved,,No
D,Rework (Non-Selling),Competitive,Deferred/Unknown,False,True,Library Only,1,210.001,Auto-Approved,,No
D,Rework (Non-Selling),Competitive,Deferred/Unknown,False,True,Library Only,1000,211.0,Auto-Approved,,No
D,Rework (Non-Selling),Competitive,Deferred/Unknown,False,True,Library Only,30000,240.0,Auto-Approved,,No
D,Rework (Non-Selling),Competitive,Deferred/Unknown,False,True,Library Only,35000,245.0,Auto-Approved,,No
D,Rework (Non-Selling),Competitive,Deferred/Unknown,False,True,Library Only,100000,310.0,Auto-Approved,,No
D,Rework (Non-Selling),Competitive,Deferred/Unknown,False,True,Library Only,115000,325.0,Auto-Approved,,No
D,Rework (Non-Selling),Competitive,Deferred/Unknown,False,True,Library Only,200000,410.0,Auto-Approved,,No
D,Rework (Non-Selling),Competitive,Deferred/Unknown,False,True,Library Only,1000000,1210.0,Auto-Approved,,No
D,Rework (Non-Selling),Competitive,Deferred/Unknown,False,True,Starting Point,0,175.0,Pending Approval,Jo (Non-library for a C/D customer),No
D,Rework (Non-Selling),Competitive,Deferred/Unknown,False,True,Starting Point,1,175.001,Pending Approval,Jo (Non-library for a C/D customer),No
D,Rework (Non-Selling),Competitive,Deferred/Unknown,False,True,Starting Point,1000,176.0,Pending Approval,Jo (Non-library for a C/D customer),No
D,Rework (Non-Selling),Competitive,Deferred/Unknown,False,True,Starting Point,30000,205.0,Pending Approval,Jo (Non-library for a C/D customer),No
D,Rework (Non-Selling),Competitive,Deferred/Unknown,False,True,Starting Point,35000,210.0,Pending Approval,Jo (Non-library for a C/D customer),No
D,Rework (Non-Selling),Competitive,Deferred/Unknown,False,True,Starting Point,100000,275.0,Pending Approval,Jo (Non-library for a C/D customer),No
D,Rework (Non-Selling),Competitive,Deferred/Unknown,False,True,Starting Point,115000,290.0,Pending Approval,Jo (Non-library for a C/D customer),No
D,Rework (Non-Selling),Competitive,Deferred/Unknown,False,True,Starting Point,200000,375.0,Pending Approval,Jo (Non-library for a C/D customer),No
D,Rework (Non-Selling),Competitive,Deferred/Unknown,False,True,Starting Point,1000000,1175.0,Pending Approval,Jo (Non-library for a C/D customer),No
D,Rework (Non-Selling),Competitive,Deferred/Unknown,False,True,Creation/Unknown,0,110.0,Pending Approval,,No
D,Rework (Non-Selling),Competitive,Deferred/Unknown,False,True,Creation/Unknown,1,110.001,Pending Approval,,No
D,Rework (Non-Selling),Competitive,Deferred/Unknown,False,True,Creation/Unknown,1000,111.0,Pending Approval,,No
D,Rework (Non-Selling),Competitive,Deferred/Unknown,False,True,Creation/Unknown,30000,140.0,Auto-Approved,,No
D,Rework (Non-Selling),Competitive,Deferred/Unknown,False,True,Creation/Unknown,35000,145.0,Auto-Approved,,No
D,Rework (Non-Selling),Competitive,Deferred/Unknown,False,True,Creation/Unknown,100000,210.0,Auto-Approved,,No
D,Rework (Non-Selling),Competitive,Deferred/Unknown,False,True,Creation/Unknown,115000,225.0,Auto-Approved,,No
D,Rework (Non-Selling),Competitive,Deferred/Unknown,False,True,Creation/Unknown,200000,310.0,Auto-Approved,,No
D,Rework (Non-Selling),Competitive,Deferred/Unknown,False,True,Creation/Unknown,1000000,1110.0,Auto-Approved,,No
D,Rework (Non-Selling),Competitive,Deferred/Unknown,True,False,Library Only,0,110.0,Auto-Approved,,Yes
D,Rework (Non-Selling),Competitive,Deferred/Unknown,True,False,Library Only,1,110.001,Auto-Approved,,Yes
D,Rework (Non-Selling),Competitive,Deferred/Unknown,True,False,Library Only,1000,111.0,Auto-Approved,,Yes
D,Rework (Non-Selling),Competitive,Deferred/Unknown,True,False,Library Only,30000,140.0,Auto-Approved,,Yes
D,Rework (Non-Selling),Competitive,Deferred/Unknown,True,False,Library Only,35000,145.0,Auto-Approved,,Yes
D,Rework (Non-Selling),Competitive,Deferred/Unknown,True,False,Library Only,100000,210.0,Auto-Approved,,Yes
D,Rework (Non-Selling),Competitive,Deferred/Unknown,True,False,Library Only,115000,225.0,Auto-Approved,,Yes
D,Rework (Non-Selling),Competitive,Deferred/Unknown,True,False,Library Only,200000,310.0,Auto-Approved,,Yes
D,Rework (Non-Selling),Competitive,Deferred/Unknown,True,False,Library Only,1000000,1110.0,Auto-Approved,,Yes
D,Rework (Non-Selling),Competitive,Deferred/Unknown,True,False,Starting Point,0,75.0,Auto-Approved,Jo (Non-library for a C/D customer),Yes
D,Rework (Non-Selling),Competitive,Deferred/Unknown,True,False,Starting Point,1,75.001,Auto-Approved,Jo (Non-library for a C/D customer),Yes
D,Rework (Non-Selling),Competitive,Deferred/Unknown,True,False,Starting Point,1000,76.0,Auto-Approved,Jo (Non-library for a C/D customer),Yes
D,Rework (Non-Selling),Competitive,Deferred/Unknown,True,False,Starting Point,30000,105.0,Auto-Approved,Jo (Non-library for a C/D customer),Yes
D,Rework (Non-Selling),Competitive,Deferred/Unknown,True,False,Starting Point,35000,110.0,Auto-Approved,Jo (Non-library for a C/D customer),Yes
D,Rework (Non-Selling),Competitive,Deferred/Unknown,True,False,Starting Point,100000,175.0,Auto-Approved,Jo (Non-library for a C/D customer),Yes
D,Rework (Non-Selling),Competitive,Deferred/Unknown,True,False,Starting Point,115000,190.0,Auto-Approved,Jo (Non-library for a C/D customer),Yes
D,Rework (Non-Selling),Competitive,Deferred/Unknown,True,False,Starting Point,200000,275.0,Auto-Approved,Jo (Non-library for a C/D customer),Yes
D,Rework (Non-Selling),Competitive,Deferred/Unknown,True,False,Starting Point,1000000,1075.0,Auto-Approved,Jo (Non-library for a C/D customer),Yes
D,Rework (Non-Selling),Competitive,Deferred/Unknown,True,False,Creation/Unknown,0,10.0,Auto-Approved,,Yes
D,Rework (Non-Selling),Competitive,Deferred/Unknown,True,False,Creation/Unknown,1,10.001,Auto-Approved,,Yes
D,Rework (Non-Selling),Competitive,Deferred/Unknown,True,False,Creation/Unknown,1000,11.0,Auto-Approved,,Yes
D,Rework (Non-Selling),Competitive,Deferred/Unknown,True,False,Creation/Unknown,30000,40.0,Auto-Approved,,Yes
D,Rework (Non-Selling),Competitive,Deferred/Unknown,True,False,Creation/Unknown,35000,45.0,Auto-Approved,,Yes
D,Rework (Non-Selling),Competitive,Deferred/Unknown,True,False,Creation/Unknown,100000,110.0,Auto-Approved,,Yes
D,Rework (Non-Selling),Competitive,Deferred/Unknown,True,False,Creation/Unknown,115000,125.0,Auto-Approved,,Yes
D,Rework (Non-Selling),Competitive,Deferred/Unknown,True,False,Creation/Unknown,200000,210.0,Auto-Approved,,Yes
D,Rework (Non-Selling),Competitive,Deferred/Unknown,True,False,Creation/Unknown,1000000,1010.0,Auto-Approved,,Yes
D,Rework (Non-Selling),Competitive,Deferred/Unknown,True,True,Library Only,0,210.0,Auto-Approved,,Yes
D,Rework (Non-Selling),Competitive,Deferred/Unknown,True,True,Library Only,1,210.001,Auto-Approved,,Yes
D,Rework (Non-Selling),Competitive,Deferred/Unknown,True,True,Library Only,1000,211.0,Auto-Approved,,Yes
D,Rework (Non-Selling),Competitive,Deferred/Unknown,True,True,Library Only,30000,240.0,Auto-Approved,,Yes
D,Rework (Non-Selling),Competitive,Deferred/Unknown,True,True,Library Only,35000,245.0,Auto-Approved,,Yes
D,Rework (Non-Selling),Competitive,Deferred/Unknown,True,True,Library Only,100000,310.0,Auto-Approved,,Yes
D,Rework (Non-Selling),Competitive,Deferred/Unknown,True,True,Library Only,115000,325.0,Auto-Approved,,Yes
D,Rework (Non-Selling),Competitive,Deferred/Unknown,True,True,Library Only,200000,410.0,Auto-Approved,,Yes
D,Rework (Non-Selling),Competitive,Deferred/Unknown,True,True,Library Only,1000000,1210.0,Auto-Approved,,Yes
D,Rework (Non-Selling),Competitive,Deferred/Unknown,True,True,Starting Point,0,175.0,Auto-Approved,Jo (Non-library for a C/D customer),Yes
D,Rework (Non-Selling),Competitive,Deferred/Unknown,True,True,Starting Point,1,175.001,Auto-Approved,Jo (Non-library for a C/D customer),Yes
D,Rework (Non-Selling),Competitive,Deferred/Unknown,True,True,Starting Point,1000,176.0,Auto-Approved,Jo (Non-library for a C/D customer),Yes
D,Rework (Non-Selling),Competitive,Deferred/Unknown,True,True,Starting Point,30000,205.0,Auto-Approved,Jo (Non-library for a C/D customer),Yes
D,Rework (Non-Selling),Competitive,Deferred/Unknown,True,True,Starting Point,35000,210.0,Auto-Approved,Jo (Non-library for a C/D customer),Yes
D,Rework (Non-Selling),Competitive,Deferred/Unknown,True,True,Starting Point,100000,275.0,Auto-Approved,Jo (Non-library for a C/D customer),Yes
D,Rework (Non-Selling),Competitive,Deferred/Unknown,True,True,Starting Point,115000,290.0,Auto-Approved,Jo (Non-library for a C/D customer),Yes
D,Rework (Non-Selling),Competitive,Deferred/Unknown,True,True,Starting Point,200000,375.0,Auto-Approved,Jo (Non-library for a C/D customer),Yes
D,Rework (Non-Selling),Competitive,Deferred/Unknown,True,True,Starting Point,1000000,1175.0,Auto-Approved,Jo (Non-library for a C/D customer),Yes
D,Rework (Non-Selling),Competitive,Deferred/Unknown,True,True,Creation/Unknown,0,110.0,Auto-Approved,,Yes
D,Rework (Non-Selling),Competitive,Deferred/Unknown,True,True,Creation/Unknown,1,110.001,Auto-Approved,,Yes
D,Rework (Non-Selling),Competitive,Deferred/Unknown,True,True,Creation/Unknown,1000,111.0,Auto-Approved,,Yes
D,Rework (Non-Selling),Competitive,Deferred/Unknown,True,True,Creation/Unknown,30000,140.0,Auto-Approved,,Yes
D,Rework (Non-Selling),Competitive,Deferred/Unknown,True,True,Creation/Unknown,35000,145.0,Auto-Approved,,Yes
D,Rework (Non-Selling),Competitive,Deferred/Unknown,True,True,Creation/Unknown,100000,210.0,Auto-Approved,,Yes
D,Rework (Non-Selling),Competitive,Deferred/Unknown,True,True,Creation/Unknown,115000,225.0,Auto-Approved,,Yes
D,Rework (Non-Selling),Competitive,Deferred/Unknown,True,True,Creation/Unknown,200000,310.0,Auto-Approved,,Yes
D,Rework (Non-Selling),Competitive,Deferred/Unknown,True,True,Creation/Unknown,1000000,1110.0,Auto-Approved,,Yes
D,Rework (Non-Selling),ProActive,Direct,False,False,Library Only,0,110.0,Pending Approval,,No
D,Rework (Non-Selling),ProActive,Direct,False,False,Library Only,1,110.001,Pending Approval,,No
D,Rework (Non-Selling),ProActive,Direct,False,False,Library Only,1000,111.0,Pending Approval,,No
D,Rework (Non-Selling),ProActive,Direct,False,False,Library Only,30000,140.0,Auto-Approved,,No
D,Rework (Non-Selling),ProActive,Direct,False,False,Library Only,35000,145.0,Auto-Approved,,No
D,Rework (Non-Selling),ProActive,Direct,False,False,Library Only,100000,210.0,Auto-Approved,,No
D,Rework (Non-Selling),ProActive,Direct,False,False,Library Only,115000,225.0,Auto-Approved,,No
D,Rework (Non-Selling),ProActive,Direct,False,False,Library Only,200000,310.0,Auto-Approved,,No
D,Rework (Non-Selling),ProActive,Direct,False,False,Library Only,1000000,1110.0,Auto-Approved,,No
D,Rework (Non-Selling),ProActive,Direct,False,False,Starting Point,0,75.0,Pending Approval,Jo (Non-library for a C/D customer),No
D,Rework (Non-Selling),ProActive,Direct,False,False,Starting Point,1,75.001,Pending Approval,Jo (Non-library for a C/D customer),No
D,Rework (Non-Selling),ProActive,Direct,False,False,Starting Point,1000,76.0,Pending Approval,Jo (Non-library for a C/D customer),No
D,Rework (Non-Selling),ProActive,Direct,False,False,Starting Point,30000,105.0,Pending Approval,Jo (Non-library for a C/D customer),No
D,Rework (Non-Selling),ProActive,Direct,False,False,Starting Point,35000,110.0,Pending Approval,Jo (Non-library for a C/D customer),No
D,Rework (Non-Selling),ProActive,Direct,False,False,Starting Point,100000,175.0,Pending Approval,Jo (Non-library for a C/D customer),No
D,Rework (Non-Selling),ProActive,Direct,False,False,Starting Point,115000,190.0,Pending Approval,Jo (Non-library for a C/D customer),No
D,Rework (Non-Selling),ProActive,Direct,False,False,Starting Point,200000,275.0,Pending Approval,Jo (Non-library for a C/D customer),No
D,Rework (Non-Selling),ProActive,Direct,False,False,Starting Point,1000000,1075.0,Pending Approval,Jo (Non-library for a C/D customer),No
D,Rework (Non-Selling),ProActive,Direct,False,False,Creation/Unknown,0,10.0,Declined,,No
D,Rework (Non-Selling),ProActive,Direct,False,False,Creation/Unknown,1,10.001000000000001,Declined,,No
D,Rework (Non-Selling),ProActive,Direct,False,False,Creation/Unknown,1000,11.0,Declined,,No
D,Rework (Non-Selling),ProActive,Direct,False,False,Creation/Unknown,30000,40.0,Pending Approval,,No
D,Rework (Non-Selling),ProActive,Direct,False,False,Creation/Unknown,35000,45.0,Pending Approval,,No
D,Rework (Non-Selling),ProActive,Direct,False,False,Creation/Unknown,100000,110.0,Pending Approval,,No
D,Rework (Non-Selling),ProActive,Direct,False,False,Creation/Unknown,115000,125.0,Auto-Approved,,No
D,Rework (Non-Selling),ProActive,Direct,False,False,Creation/Unknown,200000,210.0,Auto-Approved,,No
D,Rework (Non-Selling),ProActive,Direct,False,False,Creation/Unknown,1000000,1010.0,Auto-Approved,,No
D,Rework (Non-Selling),ProActive,Direct,False,True,Library Only,0,210.0,Auto-Approved,,No
D,Rework (Non-Selling),ProActive,Direct,False,True,Library Only,1,210.001,Auto-Approved,,No
D,Rework (Non-Selling),ProActive,Direct,False,True,Library Only,1000,211.0,Auto-Approved,,No
D,Rework (Non-Selling),ProActive,Direct,False,True,Library Only,30000,240.0,Auto-Approved,,No
D,Rework (Non-Selling),ProActive,Direct,False,True,Library Only,35000,245.0,Auto-Approved,,No
D,Rework (Non-Selling),ProActive,Direct,False,True,Library Only,100000,310.0,Auto-Approved,,No
D,Rework (Non-Selling),ProActive,Direct,False,True,Library Only,115000,325.0,Auto-Approved,,No
D,Rework (Non-Selling),ProActive,Direct,False,True,Library Only,200000,410.0,Auto-Approved,,No
D,Rework (Non-Selling),ProActive,Direct,False,True,Library Only,1000000,1210.0,Auto-Approved,,No
D,Rework (Non-Selling),ProActive,Direct,False,True,Starting Point,0,175.0,Pending Approval,Jo (Non-library for a C/D customer),No
D,Rework (Non-Selling),ProActive,Direct,False,True,Starting Point,1,175.001,Pending Approval,Jo (Non-library for a C/D customer),No
D,Rework (Non-Selling),ProActive,Direct,False,True,Starting Point,1000,176.0,Pending Approval,Jo (Non-library for a C/D customer),No
D,Rework (Non-Selling),ProActive,Direct,False,True,Starting Point,30000,205.0,Pending Approval,Jo (Non-library for a C/D customer),No
D,Rework (Non-Selling),ProActive,Direct,False,True,Starting Point,35000,210.0,Pending Approval,Jo (Non-library for a C/D customer),No
D,Rework (Non-Selling),ProActive,Direct,False,True,Starting Point,100000,275.0,Pending Approval,Jo (Non-library for a C/D customer),No
D,Rework (Non-Selling),ProActive,Direct,False,True,Starting Point,115000,290.0,Pending Approval,Jo (Non-library for a C/D customer),No
D,Rework (Non-Selling),ProActive,Direct,False,True,Starting Point,200000,375.0,Pending Approval,Jo (Non-library for a C/D customer),No
D,Rework (Non-Selling),ProActive,Direct,False,True,Starting Point,1000000,1175.0,Pending Approval,Jo (Non-library for a C/D customer),No
D,Rework (Non-Selling),ProActive,Direct,False,True,Creation/Unknown,0,110.0,Pending Approval,,No
D,Rework (Non-Selling),ProActive,Direct,False,True,Creation/Unknown,1,110.001,Pending Approval,,No
D,Rework (Non-Selling),ProActive,Direct,False,True,Creation/Unknown,1000,111.0,Pending Approval,,No
D,Rework (Non-Selling),ProActive,Direct,False,True,Creation/Unknown,30000,140.0,Auto-Approved,,No
D,Rework (Non-Selling),ProActive,Direct,False,True,Creation/Unknown,35000,145.0,Auto-Approved,,No
D,Rework (Non-Selling),ProActive,Direct,False,True,Creation/Unknown,100000,210.0,Auto-Approved,,No
D,Rework (Non-Selling),ProActive,Direct,False,True,Creation/Unknown,115000,225.0,Auto-Approved,,No
D,Rework (Non-Selling),ProActive,Direct,False,True,Creation/Unknown,200000,310.0,Auto-Approved,,No
D,Rework (Non-Selling),ProActive,Direct,False,True,Creation/Unknown,1000000,1110.0,Auto-Approved,,No
D,Rework (Non-Selling),ProActive,Direct,True,False,Library Only,0,110.0,Auto-Approved,,Yes
D,Rework (Non-Selling),ProActive,Direct,True,False,Library Only,1,110.001,Auto-Approved,,Yes
D,Rework (Non-Selling),ProActive,Direct,True,False,Library Only,1000,111.0,Auto-Approved,,Yes
D,Rework (Non-Selling),ProActive,Direct,True,False,Library Only,30000,140.0,Auto-Approved,,Yes
D,Rework (Non-Selling),ProActive,Direct,True,False,Library Only,35000,145.0,Auto-Approved,,Yes
D,Rework (Non-Selling),ProActive,Direct,True,False,Library Only,100000,210.0,Auto-Approved,,Yes
D,Rework (Non-Selling),ProActive,Direct,True,False,Library Only,115000,225.0,Auto-Approved,,Yes
D,Rework (Non-Selling),ProActive,Direct,True,False,Library Only,200000,310.0,Auto-Approved,,Yes
D,Rework (Non-Selling),ProActive,Direct,True,False,Library Only,1000000,1110.0,Auto-Approved,,Yes
D,Rework (Non-Selling),ProActive,Direct,True,False,Starting Point,0,75.0,Auto-Approved,Jo (Non-library for a C/D customer),Yes
D,Rework (Non-Selling),ProActive,Direct,True,False,Starting Point,1,75.001,Auto-Approved,Jo (Non-library for a C/D customer),Yes
D,Rework (Non-Selling),ProActive,Direct,True,False,Starting Point,1000,76.0,Auto-Approved,Jo (Non-library for a C/D customer),Yes
D,Rework (Non-Selling),ProActive,Direct,True,False,Starting Point,30000,105.0,Auto-Approved,Jo (Non-library for a C/D customer),Yes
D,Rework (Non-Selling),ProActive,Direct,True,False,Starting Point,35000,110.0,Auto-Approved,Jo (Non-library for a C/D customer),Yes
D,Rework (Non-Selling),ProActive,Direct,True,False,Starting Point,100000,175.0,Auto-Approved,Jo (Non-library for a C/D customer),Yes
D,Rework (Non-Selling),ProActive,Direct,True,False,Starting Point,115000,190.0,Auto-Approved,Jo (Non-library for a C/D customer),Yes
D,Rework (Non-Selling),ProActive,Direct,True,False,Starting Point,200000,275.0,Auto-Approved,Jo (Non-library for a C/D customer),Yes
D,Rework (Non-Selling),ProActive,Direct,True,False,Starting Point,1000000,1075.0,Auto-Approved,Jo (Non-library for a C/D customer),Yes
D,Rework (Non-Selling),ProActive,Direct,True,False,Creation/Unknown,0,10.0,Auto-Approved,,Yes
D,Rework (Non-Selling),ProActive,Direct,True,False,Creation/Unknown,1,10.001000000000001,Auto-Approved,,Yes
D,Rework (Non-Selling),ProActive,Direct,True,False,Creation/Unknown,1000,11.0,Auto-Approved,,Yes
D,Rework (Non-Selling),ProActive,Direct,True,False,Creation/Unknown,30000,40.0,Auto-Approved,,Yes
D,Rework (Non-Selling),ProActive,Direct,True,False,Creation/Unknown,35000,45.0,Auto-Approved,,Yes
D,Rework (Non-Selling),ProActive,Direct,True,False,Creation/Unknown,100000,110.0,Auto-Approved,,Yes
D,Rework (Non-Selling),ProActive,Direct,True,False,Creation/Unknown,115000,125.0,Auto-Approved,,Yes
D,Rework (Non-Selling),ProActive,Direct,True,False,Creation/Unknown,200000,210.0,Auto-Approved,,Yes
D,Rework (Non-Selling),ProActive,Direct,True,False,Creation/Unknown,1000000,1010.0,Auto-Approved,,Yes
D,Rework (Non-Selling),ProActive,Direct,True,True,Library Only,0,210.0,Auto-Approved,,Yes
D,Rework (Non-Selling),ProActive,Direct,True,True,Library Only,1,210.001,Auto-Approved,,Yes
D,Rework (Non-Selling),ProActive,Direct,True,True,Library Only,1000,211.0,Auto-Approved,,Yes
D,Rework (Non-Selling),ProActive,Direct,True,True,Library Only,30000,240.0,Auto-Approved,,Yes
D,Rework (Non-Selling),ProActive,Direct,True,True,Library Only,35000,245.0,Auto-Approved,,Yes
D,Rework (Non-Selling),ProActive,Direct,True,True,Library Only,100000,310.0,Auto-Approved,,Yes
D,Rework (Non-Selling),ProActive,Direct,True,True,Library Only,115000,325.0,Auto-Approved,,Yes
D,Rework (Non-Selling),ProActive,Direct,True,True,Library Only,200000,410.0,Auto-Approved,,Yes
D,Rework (Non-Selling),ProActive,Direct,True,True,Library Only,1000000,1210.0,Auto-Approved,,Yes
D,Rework (Non-Selling),ProActive,Direct,True,True,Starting Point,0,175.0,Auto-Approved,Jo (Non-library for a C/D customer),Yes
D,Rework (Non-Selling),ProActive,Direct,True,True,Starting Point,1,175.001,Auto-Approved,Jo (Non-library for a C/D customer),Yes
D,Rework (Non-Selling),ProActive,Direct,True,True,Starting Point,1000,176.0,Auto-Approved,Jo (Non-library for a C/D customer),Yes
D,Rework (Non-Selling),ProActive,Direct,True,True,Starting Point,30000,205.0,Auto-Approved,Jo (Non-library for a C/D customer),Yes
D,Rework (Non-Selling),ProActive,Direct,True,True,Starting Point,35000,210.0,Auto-Approved,Jo (Non-library for a C/D customer),Yes
D,Rework (Non-Selling),ProActive,Direct,True,True,Starting Point,100000,275.0,Auto-Approved,Jo (Non-library for a C/D customer),Yes
D,Rework (Non-Selling),ProActive,Direct,True,True,Starting Point,115000,290.0,Auto-Approved,Jo (Non-library for a C/D customer),Yes
D,Rework (Non-Selling),ProActive,Direct,True,True,Starting Point,200000,375.0,Auto-Approved,Jo (Non-library for a C/D customer),Yes
D,Rework (Non-Selling),ProActive,Direct,True,True,Starting Point,1000000,1175.0,Auto-Approved,Jo (Non-library for a C/D customer),Yes
D,Rework (Non-Selling),ProActive,Direct,True,True,Creation/Unknown,0,110.0,Auto-Approved,,Yes
D,Rework (Non-Selling),ProActive,Direct,True,True,Creation/Unknown,1,110.001,Auto-Approved,,Yes
D,Rework (Non-Selling),ProActive,Direct,True,True,Creation/Unknown,1000,111.0,Auto-Approved,,Yes
D,Rework (Non-Selling),ProActive,Direct,True,True,Creation/Unknown,30000,140.0,Auto-Approved,,Yes
D,Rework (Non-Selling),ProActive,Direct,True,True,Creation/Unknown,35000,145.0,Auto-Approved,,Yes
D,Rework (Non-Selling),ProActive,Direct,True,True,Creation/Unknown,100000,210.0,Auto-Approved,,Yes
D,Rework (Non-Selling),ProActive,Direct,True,True,Creation/Unknown,115000,225.0,Auto-Approved,,Yes
D,Rework (Non-Selling),ProActive,Direct,True,True,Creation/Unknown,200000,310.0,Auto-Approved,,Yes
D,Rework (Non-Selling),ProActive,Direct,True,True,Creation/Unknown,1000000,1110.0,Auto-Approved,,Yes
D,Rework (Non-Selling),ProActive,Deferred/Unknown,False,False,Library Only,0,110.0,Pending Approval,,No
D,Rework (Non-Selling),ProActive,Deferred/Unknown,False,False,Library Only,1,110.0005,Pending Approval,,No
D,Rework (Non-Selling),ProActive,Deferred/Unknown,False,False,Library Only,1000,110.5,Pending Approval,,No
D,Rework (Non-Selling),ProActive,Deferred/Unknown,False,False,Library Only,30000,125.0,Auto-Approved,,No
D,Rework (Non-Selling),ProActive,Deferred/Unknown,False,False,Library Only,35000,127.5,Auto-Approved,,No
D,Rework (Non-Selling),ProActive,Deferred/Unknown,False,False,Library Only,100000,160.0,Auto-Approved,,No
D,Rework (Non-Selling),ProActive,Deferred/Unknown,False,False,Library Only,115000,167.5,Auto-Approved,,No
D,Rework (Non-Selling),ProActive,Deferred/Unknown,False,False,Library Only,200000,210.0,Auto-Approved,,No
D,Rework (Non-Selling),ProActive,Deferred/Unknown,False,False,Library Only,1000000,610.0,Auto-Approved,,No
D,Rework (Non-Selling),ProActive,Deferred/Unknown,False,False,Starting Point,0,75.0,Pending Approval,Jo (Non-library for a C/D customer),No
D,Rework (Non-Selling),ProActive,Deferred/Unknown,False,False,Starting Point,1,75.0005,Pending Approval,Jo (Non-library for a C/D customer),No
D,Rework (Non-Selling),ProActive,Deferred/Unknown,False,False,Starting Point,1000,75.5,Pending Approval,Jo (Non-library for a C/D customer),No
D,Rework (Non-Selling),ProActive,Deferred/Unknown,False,False,Starting Point,30000,90.0,Pending Approval,Jo (Non-library for a C/D customer),No
D,Rework (Non-Selling),ProActive,Deferred/Unknown,False,False,Starting Point,35000,92.5,Pending Approval,Jo (Non-library for a C/D customer),No
D,Rework (Non-Selling),ProActive,Deferred/Unknown,False,False,Starting Point,100000,125.0,Pending Approval,Jo (Non-library for a C/D customer),No
D,Rework (Non-Selling),ProActive,Deferred/Unknown,False,False,Starting Point,115000,132.5,Pending Approval,Jo (Non-library for a C/D customer),No
D,Rework (Non-Selling),ProActive,Deferred/Unknown,False,False,Starting Point,200000,175.0,Pending Approval,Jo (Non-library for a C/D customer),No
D,Rework (Non-Selling),ProActive,Deferred/Unknown,False,False,Starting Point,1000000,575.0,Pending Approval,Jo (Non-library for a C/D customer),No
D,Rework (Non-Selling),ProActive,Deferred/Unknown,False,False,Creation/Unknown,0,10.0,Declined,,No
D,Rework (Non-Selling),ProActive,Deferred/Unknown,False,False,Creation/Unknown,1,10.000499999999999,Declined,,No
D,Rework (Non-Selling),ProActive,Deferred/Unknown,False,False,Creation/Unknown,1000,10.5,Declined,,No
D,Rework (Non-Selling),ProActive,Deferred/Unknown,False,False,Creation/Unknown,30000,25.0,Declined,,No
D,Rework (Non-Selling),ProActive,Deferred/Unknown,False,False,Creation/Unknown,35000,27.5,Declined,,No
D,Rework (Non-Selling),ProActive,Deferred/Unknown,False,False,Creation/Unknown,100000,60.0,Pending Approval,,No
D,Rework (Non-Selling),ProActive,Deferred/Unknown,False,False,Creation/Unknown,115000,67.5,Pending Approval,,No
D,Rework (Non-Selling),ProActive,Deferred/Unknown,False,False,Creation/Unknown,200000,110.0,Pending Approval,,No
D,Rework (Non-Selling),ProActive,Deferred/Unknown,False,False,Creation/Unknown,1000000,510.0,Auto-Approved,,No
D,Rework (Non-Selling),ProActive,Deferred/Unknown,False,True,Library Only,0,210.0,Auto-Approved,,No
D,Rework (Non-Selling),ProActive,Deferred/Unknown,False,True,Library Only,1,210.0005,Auto-Approved,,No
D,Rework (Non-Selling),ProActive,Deferred/Unknown,False,True,Library Only,1000,210.5,Auto-Approved,,No
D,Rework (Non-Selling),ProActive,Deferred/Unknown,False,True,Library Only,30000,225.0,Auto-Approved,,No
D,Rework (Non-Selling),ProActive,Deferred/Unknown,False,True,Library Only,35000,227.5,Auto-Approved,,No
D,Rework (Non-Selling),ProActive,Deferred/Unknown,False,True,Library Only,100000,260.0,Auto-Approved,,No
D,Rework (Non-Selling),ProActive,Deferred/Unknown,False,True,Library Only,115000,267.5,Auto-Approved,,No
D,Rework (Non-Selling),ProActive,Deferred/Unknown,False,True,Library Only,200000,310.0,Auto-Approved,,No
D,Rework (Non-Selling),ProActive,Deferred/Unknown,False,True,Library Only,1000000,710.0,Auto-Approved,,No
D,Rework (Non-Selling),ProActive,Deferred/Unknown,False,True,Starting Point,0,175.0,Pending Approval,Jo (Non-library for a C/D customer),No
D,Rework (Non-Selling),ProActive,Deferred/Unknown,False,True,Starting Point,1,175.0005,Pending Approval,Jo (Non-library for a C/D customer),No
D,Rework (Non-Selling),ProActive,Deferred/Unknown,False,True,Starting Point,1000,175.5,Pending Approval,Jo (Non-library for a C/D customer),No
D,Rework (Non-Selling),ProActive,Deferred/Unknown,False,True,Starting Point,30000,190.0,Pending Approval,Jo (Non-library for a C/D customer),No
D,Rework (Non-Selling),ProActive,Deferred/Unknown,False,True,Starting Point,35000,192.5,Pending Approval,Jo (Non-library for a C/D customer),No
D,Rework (Non-Selling),ProActive,Deferred/Unknown,False,True,Starting Point,100000,225.0,Pending Approval,Jo (Non-library for a C/D customer),No
D,Rework (Non-Selling),ProActive,Deferred/Unknown,False,True,Starting Point,115000,232.5,Pending Approval,Jo (Non-library for a C/D customer),No
D,Rework (Non-Selling),ProActive,Deferred/Unknown,False,True,Starting Point,200000,275.0,Pending Approval,Jo (Non-library for a C/D customer),No
D,Rework (Non-Selling),ProActive,Deferred/Unknown,False,True,Starting Point,1000000,675.0,Pending Approval,Jo (Non-library for a C/D customer),No
D,Rework (Non-Selling),ProActive,Deferred/Unknown,False,True,Creation/Unknown,0,110.0,Pending Approval,,No
D,Rework (Non-Selling),ProActive,Deferred/Unknown,False,True,Creation/Unknown,1,110.0005,Pending Approval,,No
D,Rework (Non-Selling),ProActive,Deferred/Unknown,False,True,Creation/Unknown,1000,110.5,Pending Approval,,No
D,Rework (Non-Selling),ProActive,Deferred/Unknown,False,True,Creation/Unknown,30000,125.0,Auto-Approved,,No
D,Rework (Non-Selling),ProActive,Deferred/Unknown,False,True,Creation/Unknown,35000,127.5,Auto-Approved,,No
D,Rework (Non-Selling),ProActive,Deferred/Unknown,False,True,Creation/Unknown,100000,160.0,Auto-Approved,,No
D,Rework (Non-Selling),ProActive,Deferred/Unknown,False,True,Creation/Unknown,115000,167.5,Auto-Approved,,No
D,Rework (Non-Selling),ProActive,Deferred/Unknown,False,True,Creation/Unknown,200000,210.0,Auto-Approved,,No
D,Rework (Non-Selling),ProActive,Deferred/Unknown,False,True,Creation/Unknown,1000000,610.0,Auto-Approved,,No
D,Rework (Non-Selling),ProActive,Deferred/Unknown,True,False,Library Only,0,110.0,Auto-Approved,,Yes
D,Rework (Non-Selling),ProActive,Deferred/Unknown,True,False,Library Only,1,110.0005,Auto-Approved,,Yes
D,Rework (Non-Selling),ProActive,Deferred/Unknown,True,False,Library Only,1000,110.5,Auto-Approved,,Yes
D,Rework (Non-Selling),ProActive,Deferred/Unknown,True,False,Library Only,30000,125.0,Auto-Approved,,Yes
D,Rework (Non-Selling),ProActive,Deferred/Unknown,True,False,Library Only,35000,127.5,Auto-Approved,,Yes
D,Rework (Non-Selling),ProActive,Deferred/Unknown,True,False,Library Only,100000,160.0,Auto-Approved,,Yes
D,Rework (Non-Selling),ProActive,Deferred/Unknown,True,False,Library Only,115000,167.5,Auto-Approved,,Yes
D,Rework (Non-Selling),ProActive,Deferred/Unknown,True,False,Library Only,200000,210.0,Auto-Approved,,Yes
D,Rework (Non-Selling),ProActive,Deferred/Unknown,True,False,Library Only,1000000,610.0,Auto-Approved,,Yes
D,Rework (Non-Selling),ProActive,Deferred/Unknown,True,False,Starting Point,0,75.0,Auto-Approved,Jo (Non-library for a C/D customer),Yes
D,Rework (Non-Selling),ProActive,Deferred/Unknown,True,False,Starting Point,1,75.0005,Auto-Approved,Jo (Non-library for a C/D customer),Yes
D,Rework (Non-Selling),ProActive,Deferred/Unknown,True,False,Starting Point,1000,75.5,Auto-Approved,Jo (Non-library for a C/D customer),Yes
D,Rework (Non-Selling),ProActive,Deferred/Unknown,True,False,Starting Point,30000,90.0,Auto-Approved,Jo (Non-library for a C/D customer),Yes
D,Rework (Non-Selling),ProActive,Deferred/Unknown,True,False,Starting Point,35000,92.5,Auto-Approved,Jo (Non-library for a C/D customer),Yes
D,Rework (Non-Selling),ProActive,Deferred/Unknown,True,False,Starting Point,100000,125.0,Auto-Approved,Jo (Non-library for a C/D customer),Yes
D,Rework (Non-Selling),ProActive,Deferred/Unknown,True,False,Starting Point,115000,132.5,Auto-Approved,Jo (Non-library for a C/D customer),Yes
D,Rework (Non-Selling),ProActive,Deferred/Unknown,True,False,Starting Point,200000,175.0,Auto-Approved,Jo (Non-library for a C/D customer),Yes
D,Rework (Non-Selling),ProActive,Deferred/Unknown,True,False,Starting Point,1000000,575.0,Auto-Approved,Jo (Non-library for a C/D customer),Yes
D,Rework (Non-Selling),ProActive,Deferred/Unknown,True,False,Creation/Unknown,0,10.0,Auto-Approved,,Yes
D,Rework (Non-Selling),ProActive,Deferred/Unknown,True,False,Creation/Unknown,1,10.000499999999999,Auto-Approved,,Yes
D,Rework (Non-Selling),ProActive,Deferred/Unknown,True,False,Creation/Unknown,1000,10.5,Auto-Approved,,Yes
D,Rework (Non-Selling),ProActive,Deferred/Unknown,True,False,Creation/Unknown,30000,25.0,Auto-Approved,,Yes
D,Rework (Non-Selling),ProActive,Deferred/Unknown,True,False,Creation/Unknown,35000,27.5,Auto-Approved,,Yes
D,Rework (Non-Selling),ProActive,Deferred/Unknown,True,False,Creation/Unknown,100000,60.0,Auto-Approved,,Yes
D,Rework (Non-Selling),ProActive,Deferred/Unknown,True,False,Creation/Unknown,115000,67.5,Auto-Approved,,Yes
D,Rework (Non-Selling),ProActive,Deferred/Unknown,True,False,Creation/Unknown,200000,110.0,Auto-Approved,,Yes
D,Rework (Non-Selling),ProActive,Deferred/Unknown,True,False,Creation/Unknown,1000000,510.0,Auto-Approved,,Yes
D,Rework (Non-Selling),ProActive,Deferred/Unknown,True,True,Library Only,0,210.0,Auto-Approved,,Yes
D,Rework (Non-Selling),ProActive,Deferred/Unknown,True,True,Library Only,1,210.0005,Auto-Approved,,Yes
D,Rework (Non-Selling),ProActive,Deferred/Unknown,True,True,Library Only,1000,210.5,Auto-Approved,,Yes
D,Rework (Non-Selling),ProActive,Deferred/Unknown,True,True,Library Only,30000,225.0,Auto-Approved,,Yes
D,Rework (Non-Selling),ProActive,Deferred/Unknown,True,True,Library Only,35000,227.5,Auto-Approved,,Yes
D,Rework (Non-Selling),ProActive,Deferred/Unknown,True,True,Library Only,100000,260.0,Auto-Approved,,Yes
D,Rework (Non-Selling),ProActive,Deferred/Unknown,True,True,Library Only,115000,267.5,Auto-Approved,,Yes
D,Rework (Non-Selling),ProActive,Deferred/Unknown,True,True,Library Only,200000,310.0,Auto-Approved,,Yes
D,Rework (Non-Selling),ProActive,Deferred/Unknown,True,True,Library Only,1000000,710.0,Auto-Approved,,Yes
D,Rework (Non-Selling),ProActive,Deferred/Unknown,True,True,Starting Point,0,175.0,Auto-Approved,Jo (Non-library for a C/D customer),Yes
D,Rework (Non-Selling),ProActive,Deferred/Unknown,True,True,Starting Point,1,175.0005,Auto-Approved,Jo (Non-library for a C/D customer),Yes
D,Rework (Non-Selling),ProActive,Deferred/Unknown,True,True,Starting Point,1000,175.5,Auto-Approved,Jo (Non-library for a C/D customer),Yes
D,Rework (Non-Selling),ProActive,Deferred/Unknown,True,True,Starting Point,30000,190.0,Auto-Approved,Jo (Non-library for a C/D customer),Yes
D,Rework (Non-Selling),ProActive,Deferred/Unknown,True,True,Starting Point,35000,192.5,Auto-Approved,Jo (Non-library for a C/D customer),Yes
D,Rework (Non-Selling),ProActive,Deferred/Unknown,True,True,Starting Point,100000,225.0,Auto-Approved,Jo (Non-library for a C/D customer),Yes
D,Rework (Non-Selling),ProActive,Deferred/Unknown,True,True,Starting Point,115000,232.5,Auto-Approved,Jo (Non-library for a C/D customer),Yes
D,Rework (Non-Selling),ProActive,Deferred/Unknown,True,True,Starting Point,200000,275.0,Auto-Approved,Jo (Non-library for a C/D customer),Yes
D,Rework (Non-Selling),ProActive,Deferred/Unknown,True,True,Starting Point,1000000,675.0,Auto-Approved,Jo (Non-library for a C/D customer),Yes
D,Rework (Non-Selling),ProActive,Deferred/Unknown,True,True,Creation/Unknown,0,110.0,Auto-Approved,,Yes
D,Rework (Non-Selling),ProActive,Deferred/Unknown,True,True,Creation/Unknown,1,110.0005,Auto-Approved,,Yes
D,Rework (Non-Selling),ProActive,Deferred/Unknown,True,True,Creation/Unknown,1000,110.5,Auto-Approved,,Yes
D,Rework (Non-Selling),ProActive,Deferred/Unknown,True,True,Creation/Unknown,30000,125.0,Auto-Approved,,Yes
D,Rework (Non-Selling),ProActive,Deferred/Unknown,True,True,Creation/Unknown,35000,127.5,Auto-Approved,,Yes
D,Rework (Non-Selling),ProActive,Deferred/Unknown,True,True,Creation/Unknown,100000,160.0,Auto-Approved,,Yes
D,Rework (Non-Selling),ProActive,Deferred/Unknown,True,True,Creation/Unknown,115000,167.5,Auto-Approved,,Yes
D,Rework (Non-Selling),ProActive,Deferred/Unknown,True,True,Creation/Unknown,200000,210.0,Auto-Approved,,Yes
D,Rework (Non-Selling),ProActive,Deferred/Unknown,True,True,Creation/Unknown,1000000,610.0,Auto-Approved,,Yes
